sgRNA Sequence,sgRNA Context Sequence,log10(293T mutation rate)
AGCGTACCCCCAGGTCTTGC,AGGAAGCGTACCCCCAGGTCTTGCAGGTCC,-0.7732241084523019
CCAATTGCCTTCAGATCAAT,TTTTCCAATTGCCTTCAGATCAATAGGCTT,-1.0
ACAGGGCGCTCCATATTCGC,CCTTACAGGGCGCTCCATATTCGCAGGTGC,0.14627919999517625
CTCGTCCTCCAGCTGTTATC,TGTCCTCGTCCTCCAGCTGTTATCTGGAAG,-0.5550634279835935
TCTCAATTAAATCTGACGTC,ACCTTCTCAATTAAATCTGACGTCTGGGGT,0.10020690211715427
TCCGCCTGCGAGGCACGTAA,ACCATCCGCCTGCGAGGCACGTAACGGAGC,-0.798086648049342
CATGATTGCCAACTCCGTGG,TCGGCATGATTGCCAACTCCGTGGTGGTCT,0.011519486489804642
TTTCTTTGGTCCCACGCCTG,ATAGTTTCTTTGGTCCCACGCCTGCGGCAC,-0.11227200468348843
CCCACTACTATGATGATGCC,CTTACCCACTACTATGATGATGCCCGGACC,0.12549215318039178
CAAGCCGTGGAGTGCTGCCA,TGGCCAAGCCGTGGAGTGCTGCCAAGGGGA,0.8036889538309181
GCGCACCTGCATCCCCAAAG,ATGTGCGCACCTGCATCCCCAAAGTGGAGC,0.0055374245321020395
TGTAGGAGCACTGTCGACCC,TTCCTGTAGGAGCACTGTCGACCCTGGCAT,0.019460992161212016
CGGTTCAACACCAGTTTGAT,AACACGGTTCAACACCAGTTTGATTGGTTC,-0.3639932986101303
GCGATGCCGGTACATCCAAA,GCTTGCGATGCCGGTACATCCAAAAGGCCA,-0.2028572082604741
AGTGGTTGACGAACTCGGTG,CAGTAGTGGTTGACGAACTCGGTGGGGCGC,0.35180601099061704
TGGTGTCGTGCACGTTTCCC,TGGCTGGTGTCGTGCACGTTTCCCTGGCTG,-0.4023732712988606
TTGCTGTGGACCGCTACCTC,GCAATTGCTGTGGACCGCTACCTCCGGGTC,0.09071657464956584
GGGCTCCTCGGTGTACATCA,TCATGGGCTCCTCGGTGTACATCACGGTGG,0.23890153944367795
GACACAGGACGCGCTGTACG,TGGAGACACAGGACGCGCTGTACGTGGCGC,0.5418020522342061
CATTGGACTCTGCGCCATAG,TTTTCATTGGACTCTGCGCCATAGTGGGCA,-0.6055332399606366
GAAATGTTCACCGGTGCCGG,CTTGGAAATGTTCACCGGTGCCGGCGGTTG,-0.19991782384767254
ATGAATCCCGACCTGGACAC,TAAGATGAATCCCGACCTGGACACCGGCCA,-0.2809555614322476
AACTGACGCTCAGGAGATCG,TCGAAACTGACGCTCAGGAGATCGCGGAAA,0.13994146423249537
GTTCACGAGCCGCGCGCTCA,CCGTGTTCACGAGCCGCGCGCTCAAGGCGC,0.02052440749404811
GTACTCCAGCGCGCGGCTCA,AGTTGTACTCCAGCGCGCGGCTCACGGCCC,-0.07396443885624994
GCCGAGTACTGGCCGCGCGG,GCCCGCCGAGTACTGGCCGCGCGGCGGCCC,0.33009412296927393
CGAGCCCGGTAACCTGTCGT,CCTCCGAGCCCGGTAACCTGTCGTCGGCCG,0.12835178196584818
ACCCAATGGAAGCCATGCGC,TGGCACCCAATGGAAGCCATGCGCCGGACC,-0.10324421715199639
GAGTCTCGGAGTCCAGGCGA,TCTGGAGTCTCGGAGTCCAGGCGATGGCCA,-0.0035488526627831143
AAAGGTGACCGAAGAGCTGA,CAAGAAAGGTGACCGAAGAGCTGACGGAGA,0.24859487109973935
AGAAACCGACCGCGTATGTG,CAGCAGAAACCGACCGCGTATGTGAGGCCA,0.11508309749289415
TCCGTCCATGGGCCGCACAT,CCTGTCCGTCCATGGGCCGCACATAGGCAG,-0.1496161364826688
ACACAGCTATGGAATACCGC,GTCTACACAGCTATGGAATACCGCTGGCCC,-0.2542561864035711
AAGCCCGAAGTGAAGACCGC,TCACAAGCCCGAAGTGAAGACCGCTGGTAA,0.15895327947301394
GTACTATATCAGTTTCGAAC,CGTTGTACTATATCAGTTTCGAACTGGCTG,-0.5310046025030073
GAGCGACGTGGCTATTGTGA,CCATGAGCGACGTGGCTATTGTGAAGGAGG,-0.134539021504679
TCGCCAACAGCCTCAAGCAG,ATGGTCGCCAACAGCCTCAAGCAGCGGGCC,-0.27767661031088703
CTCTCCAGTGGACGGATTGA,TGACCTCTCCAGTGGACGGATTGACGGTGG,-0.1368955693692197
GCGTAGACACGGAAGAGCGA,CCGGGCGTAGACACGGAAGAGCGAGGGCAC,0.3632370469630534
TTAGCAGTATCCGCCGTCAC,TTTTTTAGCAGTATCCGCCGTCACCGGAAG,-0.7109405316139678
GTAGTTCTTTCGCTGTAGCA,CTCTGTAGTTCTTTCGCTGTAGCAGGGCTG,0.6209062204266603
ATGTACGCCTCCCTGGGCTC,CCCTATGTACGCCTCCCTGGGCTCGGGTCC,-0.25043738363434015
TGTGGGCTACCTACACGTAC,CCCCTGTGGGCTACCTACACGTACCGGGAC,-0.44522251573249855
GAACAACCAGACGGCGGTCC,TGGGGAACAACCAGACGGCGGTCCAGGACA,-0.22408296096560387
TCTGCATCATCACGCCGCAC,ATCATCTGCATCATCACGCCGCACGGGTTG,0.2800488318409239
GTAGAAGGCGGCTCGGAGAA,CCACGTAGAAGGCGGCTCGGAGAACGGAGA,0.41280324374571087
AGATGCTCCACATCCGCTAC,GGGGAGATGCTCCACATCCGCTACCGGCTG,-0.06831768148230435
AGAACCATGTCGACCGGTAA,GATGAGAACCATGTCGACCGGTAAAGGCTT,-0.5542807286037656
CTCGGCCCTCAAGTGGCCGT,TGGGCTCGGCCCTCAAGTGGCCGTCGGCGC,-0.455009257923032
TACGAGGAAGGCCAGCGTCA,AGCCTACGAGGAAGGCCAGCGTCACGGCGG,0.08531331582366178
CTGCACAAACCGTTCGTACC,ATGGCTGCACAAACCGTTCGTACCAGGACA,0.10315543308456437
GGATCACTTCGCGCACGCTC,TTCTGGATCACTTCGCGCACGCTCTGGAAC,-0.4586886311167919
AGTCGCTGAACTCGAGCGCT,CAGCAGTCGCTGAACTCGAGCGCTGGGAGC,0.07055769971052273
TGACGGCTCTACTTCAGAGT,TGACTGACGGCTCTACTTCAGAGTCGGCAA,-0.34755411412879067
CCGGACCTGAAGAACTCGAA,GGAGCCGGACCTGAAGAACTCGAACGGGAA,0.05668040786793249
GTCGCCGCTTAATAGCCCTC,CCTGGTCGCCGCTTAATAGCCCTCTGGACA,-0.2900032348065207
CGTCCAGCCGGTGAGCATCC,GTGGCGTCCAGCCGGTGAGCATCCAGGCCT,0.49387223784249246
ATCCGCCACATCTTCGTGTA,TGGCATCCGCCACATCTTCGTGTATGGGCC,0.08503997476452538
GCCAGCAACTGCTCGATGCA,GTTCGCCAGCAACTGCTCGATGCACGGGCT,0.04558344644333422
TCTCCTCGATCGTCTCCTTG,TCTCTCTCCTCGATCGTCTCCTTGTGGCTT,0.0031543512912457447
TACACAATATTGTTCAGAAC,GGGATACACAATATTGTTCAGAACCGGAGC,-0.4120436045183896
CCCGAACGGCCGGCGCCACA,TGGCCCCGAACGGCCGGCGCCACACGGTGA,0.27238006413699506
TGCCGCTCTCGCCATCGGCG,GGGCTGCCGCTCTCGCCATCGGCGTGGCAG,-0.3099084432997755
CCCATCTATCAGACTAGCAG,AACTCCCATCTATCAGACTAGCAGCGGACA,-0.0757670856219117
TTTAGTGTCTCTGACAAAAC,CTTATTTAGTGTCTCTGACAAAACCGGCCT,-0.6008181211771499
CTCTATCATGTTCTAGTTGA,GTAGCTCTATCATGTTCTAGTTGACGGCAG,-1.0
AAATTCCGAGTTTCGAGCGA,ACTTAAATTCCGAGTTTCGAGCGATGGATG,-1.0
CGTTGCGCACGTCCCTCGGT,TCCTCGTTGCGCACGTCCCTCGGTGGGCCG,-0.3896674823782783
GCTGGCGACCGGGGGCAACC,TGGTGCTGGCGACCGGGGGCAACCTGGCTG,0.10479027310769766
AAGGCCACCGACCGCTTCCG,CTGGAAGGCCACCGACCGCTTCCGTGGGCC,-0.5944926254944722
CTTCGGTGAAACTTGCTCCG,GCATCTTCGGTGAAACTTGCTCCGAGGTCC,0.2592355346507601
GGGTAGATGCCGCTCAGGCC,CAGGGGGTAGATGCCGCTCAGGCCTGGAGT,0.06308480833688768
GTTCTTCGGCTACTTCTCCG,GAAAGTTCTTCGGCTACTTCTCCGCGGCCG,0.056829516424977425
GCGGTTGAAGCGCAGGTAGA,CCTGGCGGTTGAAGCGCAGGTAGAGGGAGT,0.25441985043828913
TGCTCAGTAACGTGCTCGAA,CCAGTGCTCAGTAACGTGCTCGAATGGGAC,-0.35892246337427536
TGTTTATCAACGTCATCTAG,CGATTGTTTATCAACGTCATCTAGAGGAAT,-0.7384742734238449
CGCCATCCTCGAAGAAGACG,AGGCCGCCATCCTCGAAGAAGACGAGGGTC,-0.42209743470916367
GTCGTCGCCGGCCTGGCGGA,AGAAGTCGTCGCCGGCCTGGCGGAGGGTCA,0.24601819379513418
TCGACATCTACAACAACCTA,GAGCTCGACATCTACAACAACCTACGGCAG,0.2866500817267893
GATACAGCTGTCAGCCGGCG,ACTGGATACAGCTGTCAGCCGGCGAGGCCA,0.1565011349088124
GGTCGGTTCGAGCCGAGACG,GGCAGGTCGGTTCGAGCCGAGACGAGGAGC,0.505863691694309
GAGTTTGTAAGGAGCGCTCC,CTGAGAGTTTGTAAGGAGCGCTCCCGGTGC,-0.13457597822343562
GTGAACGTTCCCATACAGGG,AGCTGTGAACGTTCCCATACAGGGGGGTTG,0.036622500248996846
GGTGGACCCGGTGGGCTTCG,CCATGGTGGACCCGGTGGGCTTCGCGGAGG,0.25624516941730685
GCCCCGGCGGCAACTGAACG,TCCTGCCCCGGCGGCAACTGAACGTGGCAG,0.22488356847143057
TGACACAAGCGGTGACGTTG,CTGATGACACAAGCGGTGACGTTGTGGCCC,-0.15325991906434427
GTTGGCGACAGAAAAGTCAA,ATCTGTTGGCGACAGAAAAGTCAATGGCCA,0.29437473757382215
ATTGGCCGACCTTCCTTGAT,TTTAATTGGCCGACCTTCCTTGATGGGTTG,0.25732877034698154
TTGATGGACCTATACACCAC,TTTGTTGATGGACCTATACACCACAGGGCT,0.06579011322688066
CTGATTGGCCGAGGTCGATA,GCAGCTGATTGGCCGAGGTCGATATGGAGC,-0.44031825055758195
AGACAGACACTCGGTAGCAA,TCTTAGACAGACACTCGGTAGCAACGGTGC,-1.0
CGCCACGACAGTCGCCCCCG,CCACCGCCACGACAGTCGCCCCCGCGGGGA,0.619326065235351
TTTGGTACCGTGGAAACGCC,TGTGTTTGGTACCGTGGAAACGCCAGGTTT,-0.6475156151138528
GTCATCGAATACCATTAAGA,AAGAGTCATCGAATACCATTAAGAAGGATC,-0.512892579363934
ATGATCCGCCCTTGCCTTAA,GGACATGATCCGCCCTTGCCTTAAAGGTTG,-0.21029702999817365
CAAGCAGTGCATCCGATCCA,GCATCAAGCAGTGCATCCGATCCATGGCCT,0.33781902914377643
GTCTGGATAATCTAATGAGC,AAAAGTCTGGATAATCTAATGAGCTGGAGA,0.24925063473666323
AGCGGACCATCAATGCCATC,GCCAAGCGGACCATCAATGCCATCTGGTTC,-0.12278320809716964
GATTCTGTCAGCTACGAGTA,GAACGATTCTGTCAGCTACGAGTATGGGGA,-0.4320516808617018
CCGCTTCGGAGACGAGATGC,TGGCCCGCTTCGGAGACGAGATGCCGGCCC,-0.08096010262527774
CGCCCAGCTCGTCCCCGAAG,CGGCCGCCCAGCTCGTCCCCGAAGCGGACC,-0.1576109623241316
TGCCAACATGAATGCCAATG,CCCATGCCAACATGAATGCCAATGCGGCAG,-1.0
TGCTTTCGTCTGCTTGTAGG,TCTGTGCTTTCGTCTGCTTGTAGGCGGCCG,0.475997807000107
TTCTTCGCTTAGGGGTCCCT,TGGTTTCTTCGCTTAGGGGTCCCTAGGCCT,-0.2463778709142777
GTTTGAGCGCATCAGCATGT,CCTGGTTTGAGCGCATCAGCATGTTGGTCA,-0.274573231721737
GCCACGGTCTTCTTCTGCCT,GGCGGCCACGGTCTTCTTCTGCCTCGGTCA,-0.558514062476975
GTACCAGCCGTGCGACGACA,GCATGTACCAGCCGTGCGACGACATGGACT,0.21003311118048804
GAGGGCCTTGACATCCAAGC,CTCTGAGGGCCTTGACATCCAAGCCGGCTC,-0.37032106485424743
ATAATATCGAGCTAGGCCAG,CTGGATAATATCGAGCTAGGCCAGTGGCAC,0.24131220967903141
AGGAGGTCGACGGCGTGATG,GAGCAGGAGGTCGACGGCGTGATGCGGATT,-0.27552775488135894
TCCATTGCTGCTAAGTACTC,AAAATCCATTGCTGCTAAGTACTCCGGTTC,-0.2512416985831719
AAGCTATGGGCTGACACCTT,AGTGAAGCTATGGGCTGACACCTTCGGCGG,-0.8897693774514825
TCTCGAGCTGCGCTAATGCC,GCCTTCTCGAGCTGCGCTAATGCCTGGCGC,0.7299105048312231
TATGACGACTCCTACGTGCC,CATGTATGACGACTCCTACGTGCCCGGGTT,-0.04383240448540564
TCCTCCTCCTACGCCAAGAA,GTCCTCCTCCTCCTACGCCAAGAACGGGAC,0.29246275099605734
TTGTACCAAGCGCATCCCCA,GGATTTGTACCAAGCGCATCCCCATGGACG,0.3800031964988593
GGCAGCGAAAGCACCAACGG,TGAAGGCAGCGAAAGCACCAACGGTGGTTA,-0.07130706545297455
TGAGGACGATGTTGTTCTTG,GCACTGAGGACGATGTTGTTCTTGCGGCTG,0.2804757427423326
TGCTGACCGCGATACCCAGG,TCGGTGCTGACCGCGATACCCAGGAGGCCC,0.5806450133271434
CGCCGTGGGCGCCACGCTGG,TGGCCGCCGTGGGCGCCACGCTGGCGGTGC,-0.3080660377930409
TCGGGAGAAAGGTCGCTGTG,CAGGTCGGGAGAAAGGTCGCTGTGTGGCCT,0.7020449204158278
CTTGGACTTGTAGACGCGGG,TCCTCTTGGACTTGTAGACGCGGGAGGCCG,0.28210857638133313
ATTCGATACCGAATCCCAGC,TGCGATTCGATACCGAATCCCAGCCGGTGT,-0.41852194527496406
TATAGCGGCTGAGCATGTGC,TTGATATAGCGGCTGAGCATGTGCCGGTTA,0.0757767482086781
TGAGATGCGTCATAGACGGT,CATGTGAGATGCGTCATAGACGGTTGGCCC,-0.8944288922453528
GGTGTCGGTTAAGCTGTTTT,TCCAGGTGTCGGTTAAGCTGTTTTTGGCTA,-0.6701789172451148
ACATCATCGAGTATTTCCGC,GCAGACATCATCGAGTATTTCCGCTGGAAC,0.08850833044138776
AGCGATGCCGGACTCCCCAG,CCTCAGCGATGCCGGACTCCCCAGCGGAGG,0.6470842856684648
CTCTGGTCGGGCACGACGCG,GCTTCTCTGGTCGGGCACGACGCGCGGCAT,0.24007596867535844
CCCTTGGAAGAGCTTTCGAC,TAGTCCCTTGGAAGAGCTTTCGACAGGCTC,-0.25665067164728006
ACCCAAAATTCGACCTTTTC,TAATACCCAAAATTCGACCTTTTCGGGGAT,-0.6514470231493447
AAGAGCAATGCGTCGACCCC,CTAGAAGAGCAATGCGTCGACCCCCGGCTG,-0.054128749148364
GTGAGCTCCTCCAGGCGGAA,GTTGGTGAGCTCCTCCAGGCGGAACGGCGA,-0.017910279359660768
CACGCTGAGCAGGAATATCA,CCAGCACGCTGAGCAGGAATATCAAGGAGT,-0.033772180316608905
GTCCGGTTCCCTGCACGCTC,CCGGGTCCGGTTCCCTGCACGCTCCGGTTC,-0.07593695749011257
ATCGGGGTACGCGCGGCGGA,TGGCATCGGGGTACGCGCGGCGGATGGTTT,0.27626911184629954
TGCGGACCGGGTCCACCTCG,GCCCTGCGGACCGGGTCCACCTCGTGGCAC,-0.2754465230574772
GTACGTAGCGCTCCTCCAGG,CGGGGTACGTAGCGCTCCTCCAGGCGGAGC,0.06963491206805303
TCTTGTATTGCACAAGGACC,AGCCTCTTGTATTGCACAAGGACCAGGACC,-0.4678748114333364
TTGTAGCAAAGCTCCGGCAG,GGCCTTGTAGCAAAGCTCCGGCAGTGGCTC,0.1390292843951025
TGCTGTCCACATCTCGTTCT,AACATGCTGTCCACATCTCGTTCTCGGTTT,-0.35249342222752655
AGCTATATACTGTATCCTCT,CTCCAGCTATATACTGTATCCTCTGGGTAA,-0.16278251989359127
TGGTCCTGTTCAAATACAAG,GTTCTGGTCCTGTTCAAATACAAGCGGCTC,0.254120338784184
GGCAATCGGTACAAATAGCC,AGTAGGCAATCGGTACAAATAGCCTGGAGA,0.2100695961586728
ACGTGCGGAACTTTAAAGCC,AAGGACGTGCGGAACTTTAAAGCCTGGTTC,-0.7605592291907954
CGTGTTCATCGTGGGTGCCT,GGCTCGTGTTCATCGTGGGTGCCTTGGGCA,-0.7052719335329705
CAATTACACGCTGGCACCAG,TGGCCAATTACACGCTGGCACCAGAGGATG,0.2868300483949696
GACGACCGAGCGGTCAGCGA,CTGAGACGACCGAGCGGTCAGCGAAGGGTT,0.28656969805748894
TACCGCTGCATGATCAGCTA,GGTGTACCGCTGCATGATCAGCTATGGTGG,-0.15365108474793712
AGCCGCGGAGCCCTGTACAC,GTGCAGCCGCGGAGCCCTGTACACAGGCTT,0.015528516029134416
GACGCGCCACCAGGTGACGT,GGAGGACGCGCCACCAGGTGACGTTGGCGT,0.19598043030903511
GTAGTGCTTGTTCGCGGATC,ACAGGTAGTGCTTGTTCGCGGATCTGGCAG,-0.3847228866325048
GCTATGAGGTGCCGGACAGG,GGTGGCTATGAGGTGCCGGACAGGTGGCGC,-0.027492546075950648
TCTGGATGTTGTACTGTCGC,TTCTTCTGGATGTTGTACTGTCGCAGGACG,-0.08479879306983987
CGCCGAGAGCTACACGTTCA,TTGACGCCGAGAGCTACACGTTCACGGTGC,-0.21377290601446144
CGGGCCTGACCCCGTGCTTG,ACACCGGGCCTGACCCCGTGCTTGTGGGCA,-0.0810530252214493
TGGAACTTTGCAGCCGTCAT,CTTCTGGAACTTTGCAGCCGTCATCGGGAG,-0.7746403146032945
CTCCCGGTCAGTTCGGGATG,TGATCTCCCGGTCAGTTCGGGATGTGGCAC,-0.43227952596197255
TGACCAGCAGTACGAATGCG,GCGCTGACCAGCAGTACGAATGCGTGGCGG,0.8583716712598182
CGTGCGGCCCGCCGCGAGTG,CGCGCGTGCGGCCCGCCGCGAGTGAGGGTT,0.20029671944865085
AGTTCTGCGGCGCCAGGTTG,ACGAAGTTCTGCGGCGCCAGGTTGAGGCCG,-0.07796886114571358
GGAGTCGGCCGACTTCTACG,CCATGGAGTCGGCCGACTTCTACGAGGCGG,0.49725152105843945
CCCGGCTGTACCTACGCGGT,CCGGCCCGGCTGTACCTACGCGGTGGGCGC,-0.20414935168411116
AGGAACGACAGGGCCCCACT,CCCAAGGAACGACAGGGCCCCACTTGGTCT,0.15275840910985106
ATGCGCCCTTGGCCCCGTAG,CGATATGCGCCCTTGGCCCCGTAGTGGCAG,0.10677111871123544
CGAAGGGCATTAATGAGTTT,TCGCCGAAGGGCATTAATGAGTTTAGGATT,-0.8622429256366061
GCTGGAGTTTGGCATCGTGC,ACTGGCTGGAGTTTGGCATCGTGCTGGTAG,0.17342538049708284
GCAGCTGCTCAAGTACTCGC,AGGAGCAGCTGCTCAAGTACTCGCCGGACC,0.14534724393402615
CTATCAATAAATCTTGCTGA,GCTGCTATCAATAAATCTTGCTGACGGCCC,-0.0802112625569338
TGAGCAGGTACGTGGTATAG,CCCATGAGCAGGTACGTGGTATAGAGGTTC,0.035601117395649376
CTCCACGGTGGTATTAGTTG,CTACCTCCACGGTGGTATTAGTTGGGGTAC,-0.27118238922231724
CGGTACCACCGATGACCCTC,CAGACGGTACCACCGATGACCCTCTGGGAG,-0.2922339135745101
TGATGACGTGACCAGGCGCA,GGGATGATGACGTGACCAGGCGCACGGACT,0.5217069698951781
CACAATGCAACCACCGTCAA,TTACCACAATGCAACCACCGTCAATGGCAC,-0.3485971365304165
CTCCGAACATGAGACCCGTC,TGGGCTCCGAACATGAGACCCGTCTGGTGG,-0.11413221709482087
GGACAGATGCCTACCTACGA,GAGTGGACAGATGCCTACCTACGATGGGAC,-0.18267404952972702
CTACAACCGCTGGGCGCGCC,GGGGCTACAACCGCTGGGCGCGCCCGGTGC,0.008425308765128111
CAGACACGTTGGCTACAGGC,GGGTCAGACACGTTGGCTACAGGCCGGATG,0.6309211498183037
TCGGGACCACTTGTTGTAAC,CGGGTCGGGACCACTTGTTGTAACCGGAGA,-0.009659503511309689
GTAGTTTGCCGGTGGAGTCC,TTTTGTAGTTTGCCGGTGGAGTCCAGGTGA,-0.43087751898439863
AAACGTTTCCGACCCTGTCA,TGGAAAACGTTTCCGACCCTGTCACGGTAC,0.0922231126180706
ATAGCTCCGTGCGGCCAGCG,TATGATAGCTCCGTGCGGCCAGCGCGGGAG,-0.08609080131506877
CGACCGCACAGAGATCGACT,CCTACGACCGCACAGAGATCGACTTGGTGC,0.31935970464465946
CAGGATTCCAGCGTAACTTG,TCATCAGGATTCCAGCGTAACTTGTGGTCT,0.4402364414748052
GGACTGATTACCGCCTGACC,GAATGGACTGATTACCGCCTGACCTGGAAC,-0.05307879840204419
CAACAAGGAGCTCCGGCCCG,GCTACAACAAGGAGCTCCGGCCCGTGGCAC,0.43499386045522076
TTACCGACTCAACTACAGCA,AGGATTACCGACTCAACTACAGCAAGGACG,0.5634273971077575
GTTCCGCGGGCCGCAGGTTG,TCTCGTTCCGCGGGCCGCAGGTTGGGGTCG,-0.04923846688661142
AGCTTCTCGTTCTCAGCGTG,CCCGAGCTTCTCGTTCTCAGCGTGCGGCCA,-0.6114357771625046
AGTCGCTCACTGGTCTCACT,GAGCAGTCGCTCACTGGTCTCACTAGGAGA,0.2081250961617407
CCTTCTCCGTCTGGCGGGAT,GAAGCCTTCTCCGTCTGGCGGGATTGGAGA,-0.1248258005639973
GTGATGATATTAGTGACCAG,CTCTGTGATGATATTAGTGACCAGCGGAGA,0.5673400283899968
AGGATTACCTACATATCCTC,TGGCAGGATTACCTACATATCCTCTGGGAG,-0.5202897987854652
TTTGAACACTGCACCAGCTA,GCCCTTTGAACACTGCACCAGCTACGGACT,0.022485040649526056
TGCTCGTACTGCAGCGCCCG,GGTCTGCTCGTACTGCAGCGCCCGTGGCTC,0.06995545039379798
GACCCTTATTTGCCTTATGA,TTCCGACCCTTATTTGCCTTATGACGGGGG,-1.0
CCTCATACGTCCCCACATCA,AAGTCCTCATACGTCCCCACATCAGGGAAC,-0.630026455228235
CGGTTGCTGGAATGTCCATC,ATAGCGGTTGCTGGAATGTCCATCAGGTCT,0.01854939572589719
AGCAGGTTCCGGGATACCCG,TGGCAGCAGGTTCCGGGATACCCGAGGTCA,0.0728248783182661
CGTTCTGCGCTTTTCCGAGT,ACCACGTTCTGCGCTTTTCCGAGTCGGACA,-0.7671452538787378
AGCGAATTCTTCCCGGGCGT,TGGAAGCGAATTCTTCCCGGGCGTAGGCAT,0.02838022602846389
CGTACCTTTCACCCTCACCA,AGGGCGTACCTTTCACCCTCACCACGGTGG,0.2818386602754075
GGAATCGATGGAGAAAGCAT,GGCTGGAATCGATGGAGAAAGCATCGGCAA,0.5241367806174595
TTCACAGCGGCGGCGCCCCT,CTCCTTCACAGCGGCGGCGCCCCTCGGCGC,-0.22730943903419593
AGAGCGAGGTCCCCGAGTGA,AAGAAGAGCGAGGTCCCCGAGTGATGGTAG,-0.0959586555836349
GCCGTCGGATCGGAGCCATT,ATAGGCCGTCGGATCGGAGCCATTGGGTCA,-0.3394163719359927
TGTGGGGTATAGCCGGCACA,ACCCTGTGGGGTATAGCCGGCACATGGTGG,0.3719006964575931
CAAAGCTGGCAATCGAAGAA,GGAGCAAAGCTGGCAATCGAAGAACGGCCA,-0.4236844317544405
TAGCCAGGTAGCCATACTCA,TCCCTAGCCAGGTAGCCATACTCAGGGTCA,-0.7302718368149014
GACATCGTCAGTGCTGCAGC,AGGAGACATCGTCAGTGCTGCAGCCGGGGA,-0.45639682252015845
CGAGTCGCTACGTTCGCACC,ATCTCGAGTCGCTACGTTCGCACCTGGAGT,0.17645993001374852
GGAACCAGAACCGAATCCTG,AGGTGGAACCAGAACCGAATCCTGAGGAGG,0.19407417275843036
CGCTTTAAGTACTCTGTTAA,AATTCGCTTTAAGTACTCTGTTAAAGGCAT,-0.8196635488084396
CATCGACACGCTCAACATGC,ATACCATCGACACGCTCAACATGCAGGTGG,0.35335016332684577
TATCTTTGCGGTGGAACACG,CGGCTATCTTTGCGGTGGAACACGTGGAAG,0.3332168026991857
TGTCCTCCCACCAACTCCGC,ATCCTGTCCTCCCACCAACTCCGCCGGAAG,0.18414183495254116
AGGCGCTCGTACTGCACATG,GCCCAGGCGCTCGTACTGCACATGGGGTGC,0.24679538511933263
TTTGGTTCGTCCAGAAGAAG,ATGGTTTGGTTCGTCCAGAAGAAGTGGCAG,-0.9148387016074601
GCCGTGCGTCAGGAGGGCGG,CTTGGCCGTGCGTCAGGAGGGCGGTGGCCG,0.04492927559371518
CAGGCGTCTGCGAAATCATA,TGGCCAGGCGTCTGCGAAATCATATGGCTG,-0.5433004186434295
AGCTGTACTAGAGTTACGGT,GGGCAGCTGTACTAGAGTTACGGTGGGAGC,-0.02405691296563637
CGCCGTCTTGGAACCCTTCC,TGGACGCCGTCTTGGAACCCTTCCCGGCCG,-0.27071193273643124
CTGTCATTCGCCGAGAAACC,TGTGCTGTCATTCGCCGAGAAACCGGGCGA,0.09726178488232598
GCACTCGATCCGTGCCCGAG,ACAAGCACTCGATCCGTGCCCGAGTGGCCC,-0.48591125087932413
CCGTGCCCCGAGTACTTCAA,GAGGCCGTGCCCCGAGTACTTCAACGGCGT,-0.427885567092933
GTGCGGTACTGCTGCAGAGC,GCTAGTGCGGTACTGCTGCAGAGCCGGCGC,0.016705347779724815
ATCCTCCATGGTACTGTGTA,AAGGATCCTCCATGGTACTGTGTAAGGCGC,-0.8619559087917656
AACGGTGACCTTGCGATGTG,GAGCAACGGTGACCTTGCGATGTGTGGGCA,0.33878813048099493
CGGGCCACGTAGGTGCTGCT,TACTCGGGCCACGTAGGTGCTGCTGGGCAT,-0.08639647227350557
TCCATGGTCCGCAGCATGGG,GGGGTCCATGGTCCGCAGCATGGGGGGCTC,0.5715627908152172
GAAACAGCTCGTTGTACCGC,TGTAGAAACAGCTCGTTGTACCGCTGGGAC,-0.6104691480508904
AGACTGGCGGGGACAGTTAT,TGGAAGACTGGCGGGGACAGTTATAGGAGG,-0.062226704604029896
CAGTTGATGCCGTGGCAAAC,TGGGCAGTTGATGCCGTGGCAAACTGGTAC,-0.11410413642889572
CTACCCGCTAACGCTGGAAA,TGAACTACCCGCTAACGCTGGAAATGGACC,-0.6237224534923255
AATCTCGACAAGCTCATATG,CTTTAATCTCGACAAGCTCATATGTGGTTA,0.5683317620610674
TACTTCCCTTCGGTACTTTA,CCTATACTTCCCTTCGGTACTTTAAGGAGC,-0.5049600490272416
ATCAATAGTGTCATGGCATG,AGTCATCAATAGTGTCATGGCATGTGGCAG,0.3068954965911758
AAACCCGCAGCCCCGATTCT,TGAGAAACCCGCAGCCCCGATTCTGGGACC,-0.1553271140037874
GCGAGTGCTACCTAGCCCTG,AGCTGCGAGTGCTACCTAGCCCTGGGGCCA,-0.48642603437476367
GGGGCGTAATACAATCTCGG,TCCTGGGGCGTAATACAATCTCGGAGGTCT,0.17853112204789978
CAGACACACCATCGGTCAAT,AGGCCAGACACACCATCGGTCAATTGGCCT,-0.4153486015017695
TATTCGAGTGACCGAGACCG,GGGTTATTCGAGTGACCGAGACCGCGGCCG,0.1282502264985676
GTTTTTTTAGATTTCGGCAA,ACAAGTTTTTTTAGATTTCGGCAATGGCTG,-0.8205742385826617
TTTCTCGATAGGGGTGGTCT,ATAATTTCTCGATAGGGGTGGTCTAGGATT,-1.0
GCTCTGGCCGATGGAGCTGA,GGCAGCTCTGGCCGATGGAGCTGAAGGCGT,-0.2320825736388673
CTGAACGTGCGAGACAATGT,AGCACTGAACGTGCGAGACAATGTTGGGGA,-0.20352661105517308
AACAGCGAAAAGACCAATAA,AGCCAACAGCGAAAAGACCAATAACGGAAT,-0.10748963358440233
TCTGATGTGCTCAGCCCGAG,TGTCTCTGATGTGCTCAGCCCGAGCGGAAT,0.45490891295893804
TTACTGCTCATGGATTACAT,TTTCTTACTGCTCATGGATTACATCGGTAT,-0.2448547986929984
TCGCAGCGTTTCGTCAGAGC,ATTCTCGCAGCGTTTCGTCAGAGCCGGACC,-0.2844873337688737
GAAGATACGGTCACCAAAAA,AATAGAAGATACGGTCACCAAAAAGGGACA,-0.32115534803015794
ATGCGACCCTCCGGGACGGC,AGCGATGCGACCCTCCGGGACGGCCGGGGC,0.0005982969474529904
TCAACCGGTGGCTTTTTGGA,AGGTTCAACCGGTGGCTTTTTGGAAGGTGT,0.15873485574760035
TAGCGACGGCAGCAAGGTGT,GGGTTAGCGACGGCAGCAAGGTGTCGGTGT,0.005655535149528294
GTATTTTCGACAATTTATTA,GAAGGTATTTTCGACAATTTATTACGGCTA,-0.8384515245110185
CCACCCTATAGTGTATATTG,TACACCACCCTATAGTGTATATTGTGGATT,-0.2532067958929314
GGCCGAGAATGTGGTGGAAC,AAATGGCCGAGAATGTGGTGGAACCGGGGC,-0.4415553195278533
TCCAATTGGAGCGAAGCCAG,TAGATCCAATTGGAGCGAAGCCAGTGGTCA,-0.49232806128923623
CAACCTCTACTATGCCGAGT,CTTTCAACCTCTACTATGCCGAGTCGGACC,0.07075793943822457
TGCTCTGTTCTCGACAGCTT,CAGCTGCTCTGTTCTCGACAGCTTCGGGGA,-0.037159253731642
ATAACTGGCTACGAACTGAT,CAGAATAACTGGCTACGAACTGATTGGATC,0.43332890092075405
ATTGGATTCACGCACTGTCA,ATTTATTGGATTCACGCACTGTCATGGGGG,0.09418107927092419
ACCTCGCGCAGGGGGCGCCC,CGGGACCTCGCGCAGGGGGCGCCCCGGGAC,-0.07018579384560515
TACCCCGATACGAACATACC,ACTATACCCCGATACGAACATACCAGGTGT,0.3721932697002536
ACGAGCTGGGTCCCCCGAGA,GCGCACGAGCTGGGTCCCCCGAGACGGCGC,-0.06486231980912192
CCCCCGCCGGTTGATGAAGG,GGGCCCCCCGCCGGTTGATGAAGGTGGTGA,0.31996964195123484
ACCAAGTTTATCCGGCGCCG,ACGGACCAAGTTTATCCGGCGCCGTGGCGC,0.19063003835880304
CACCCGATGAGAGCTTCTCG,ATTGCACCCGATGAGAGCTTCTCGCGGCTG,0.03043980092058807
CTTCTACTATGAGAGCGATG,CCGTCTTCTACTATGAGAGCGATGCGGACA,0.6231152041316703
AATCTCAGATGTCTCTCCGG,AGCCAATCTCAGATGTCTCTCCGGTGGTGT,0.18611243981104567
CTCGTGGTGCGGTGCGCTTC,ACGGCTCGTGGTGCGGTGCGCTTCTGGTGT,-0.8544964477260997
GATACCTTTGCCATCTGTGT,TCAGGATACCTTTGCCATCTGTGTCGGCTA,-0.28320705301921323
CAGGGGTGGTATTGTTCAGC,GTGACAGGGGTGGTATTGTTCAGCGGGTCT,-0.2666819190940319
GTATTGGTTCTCAGCATCGC,TCTGGTATTGGTTCTCAGCATCGCCGGTCA,0.3143101156601637
CTGGGTGAGCCTTCTCGTGG,GGGTCTGGGTGAGCCTTCTCGTGGCGGCGG,0.08840137151704405
GCTTCCACGTTCCCCTCGCT,CCAGGCTTCCACGTTCCCCTCGCTTGGGTC,-0.2003121683259658
GCTCAACGTGGACGGGCTCC,CCAGGCTCAACGTGGACGGGCTCCTGGTCT,-0.19059276767305203
ATCCTCATAGTGCCGCTTCC,CTTCATCCTCATAGTGCCGCTTCCTGGATT,-0.19998891385692436
GCCATGGCAATCCGTCGAGC,CGGCGCCATGGCAATCCGTCGAGCCGGCTG,-0.3983816837557074
AGCCAGGTGTGGCGTTCCGT,TCTTAGCCAGGTGTGGCGTTCCGTAGGCAC,-0.2628024122523647
CCCTTGGATCTGATGCAGTA,CGTTCCCTTGGATCTGATGCAGTAGGGCCA,0.29172065941137
CGTTGCGCCAGCCCTGTTAC,GAACCGTTGCGCCAGCCCTGTTACTGGTCC,-0.2672730003980314
TCCGACGCCAGCGGCGGCTT,CTCGTCCGACGCCAGCGGCGGCTTTGGCCT,-0.6806340458357125
GCGAGTCAAGTCCGTTCTGA,GGTGGCGAGTCAAGTCCGTTCTGATGGCCA,-0.3313342436668504
CTCATACACCGAAACCTGAC,TCAACTCATACACCGAAACCTGACCGGGCC,0.11665004347248478
TCGCGCAAGCTCCCATTTCC,CGCTTCGCGCAAGCTCCCATTTCCGGGCGA,0.13297896550037433
ATAATCGCCCCAGTTACCAT,GGAGATAATCGCCCCAGTTACCATCGGCAA,0.5570632199161542
TCGTGATAGGTGACCTGGAG,TTTGTCGTGATAGGTGACCTGGAGCGGTGC,-0.5765647477724671
GGTCCATGCCCCGGCCACCA,CCTCGGTCCATGCCCCGGCCACCACGGAAG,0.544190545639825
AATCGAAGCAGGACTCCATG,GTGAAATCGAAGCAGGACTCCATGCGGCAC,0.40113820646691295
ACCACCGGACCCTGAGGCGC,GGCCACCACCGGACCCTGAGGCGCAGGACA,0.37159094258325465
TGCGCCTGGGAGCTGCTGTT,GAAGTGCGCCTGGGAGCTGCTGTTCGGTGA,0.0743839572368052
TGGTAAAGACTATCGGCCTC,CAGGTGGTAAAGACTATCGGCCTCCGGGAA,-0.2518991640363243
GCCGCCTGCTTCAGTCTGTG,GGTGGCCGCCTGCTTCAGTCTGTGCGGCCC,-0.10358964712003911
TTACCCATTAAGACCTTTCG,AACCTTACCCATTAAGACCTTTCGTGGAGC,0.4156027421194664
CCCAGCGTCTACGACGAGAG,GACCCCCAGCGTCTACGACGAGAGCGGGAG,0.3616880039111343
GGAGTTCGGGACCCACGAGT,AGGCGGAGTTCGGGACCCACGAGTCGGACA,-0.13321769964571917
ATCACGGGGGCCGTAGTAGA,TCCCATCACGGGGGCCGTAGTAGAAGGCCA,0.09442121265428066
GGATTCCCAGCACGCTGATG,TAGGGGATTCCCAGCACGCTGATGTGGGGA,0.04801278223940967
AGCAAGCGACCCCAGTCGAA,CTCGAGCAAGCGACCCCAGTCGAAGGGCTC,0.4583728606504181
CTGCAAGGCCCGGCGCACGG,CCCACTGCAAGGCCCGGCGCACGGTGGCGG,0.9143379613711492
GAATGACCGGCTCGTTCGAC,AAAAGAATGACCGGCTCGTTCGACAGGCCA,-0.2325199127162677
ACTCCGTCCGAGCCGCCAAC,ATGAACTCCGTCCGAGCCGCCAACCGGAGA,0.3691385188239943
TGGTTTAGAGTAGGTTTTCC,GCCATGGTTTAGAGTAGGTTTTCCCGGTTT,-0.712587442402001
GTCAGACTGGAGCACGTACC,TCCTGTCAGACTGGAGCACGTACCCGGAAC,0.3665199459276164
CTGGCTGACCGCGCGAACGC,GCTGCTGGCTGACCGCGCGAACGCCGGCTG,0.39014736730700655
GCGCAAAGGCGGCCACATAG,CCCAGCGCAAAGGCGGCCACATAGAGGCCG,0.05596194051735243
CGACCTTGGGCAGGTACCAG,CAGACGACCTTGGGCAGGTACCAGCGGAAG,0.3442231616683481
CGACGCGCCCTTGCGCAGCC,CGGGCGACGCGCCCTTGCGCAGCCTGGAGC,-0.11784350692903413
TTCTTCTGGTTCGGCCATCA,GGGGTTCTTCTGGTTCGGCCATCACGGCTC,-0.22234753723769146
TTCAGGCTCTCATTAACTAA,CTTTTTCAGGCTCTCATTAACTAAAGGAGT,-1.0
AAGAACGGCAGGGAGTTCCG,GCTGAAGAACGGCAGGGAGTTCCGCGGCGA,0.188249135808334
GGAAGCTGGCAATCTCTAGG,GGTAGGAAGCTGGCAATCTCTAGGCGGCCC,0.30228426181967194
GCGCGGCCGTGCCCTCGTTT,GGTGGCGCGGCCGTGCCCTCGTTTTGGCCT,-0.3939057769460052
CTGGGTCGTCTGAAACAAAT,CTCTCTGGGTCGTCTGAAACAAATCGGCCA,-0.2697489668563375
CGAGGTCGAGCGCCTAGTGT,CCGGCGAGGTCGAGCGCCTAGTGTCGGAGC,0.16293700571890268
TGCCACTTCTGCGAGCTCCA,TCTCTGCCACTTCTGCGAGCTCCACGGCCC,0.2225595670587178
TCCCTCTTTGACTCAGCGTA,CCAGTCCCTCTTTGACTCAGCGTACGGAGC,-0.057327309740894776
TTAGGTGACGTAACCCGGCA,GATGTTAGGTGACGTAACCCGGCAGGGAAT,-0.24045769739921205
ATGCCGGCGTTGGCGCGCGA,GGCCATGCCGGCGTTGGCGCGCGACGGCGG,-0.11309677427999716
CGTGATGTTCAAGGTCGGGG,CCTCCGTGATGTTCAAGGTCGGGGGGGTCA,-0.6899228075257162
ATTTGAACGCGATTGCAAAG,GGCGATTTGAACGCGATTGCAAAGAGGCGG,0.33057940826026605
CGCGCTCTCGCGGATCGCCA,TCTCCGCGCTCTCGCGGATCGCCATGGCGA,0.056271484748497684
GGCTGCCAACCCCGACGCCG,GCGCGGCTGCCAACCCCGACGCCGCGGCGG,-0.21409898856953807
GGGATCTAGGTCTATGATCG,AGTCGGGATCTAGGTCTATGATCGCGGCAG,0.30000338508622393
GACCGCCGCACTCTAGTAAG,CGAAGACCGCCGCACTCTAGTAAGTGGTTG,0.6592180483313482
AGGTCCGACGATCACCTTCA,TCCAAGGTCCGACGATCACCTTCATGGCCA,0.765643973293657
GACCATTCGGAATGGTAGGA,CTGAGACCATTCGGAATGGTAGGATGGCAC,-0.0015967403513609335
TCGTGCGACGGCGTGGAGTG,AGATTCGTGCGACGGCGTGGAGTGCGGCCC,0.11260945470570183
CACAACAGATAGACTATGCT,ACTCCACAACAGATAGACTATGCTCGGCAA,-0.808372629038036
TATGGCTCGACTGGCGGCTA,GGGATATGGCTCGACTGGCGGCTATGGCAG,-0.1496605364962727
CCGGCGGCCCGGGACTTCTT,ACCGCCGGCGGCCCGGGACTTCTTAGGCGC,0.028794831578731455
GATAGAGCGGCACGGCGGGA,CACAGATAGAGCGGCACGGCGGGATGGCCT,0.1633608242508234
TCTTGGTCACGTTGTAGCCG,GGCATCTTGGTCACGTTGTAGCCGAGGTTC,-0.41963973590297693
CGACGCCGAGGTCCTCTGCA,GCCGCGACGCCGAGGTCCTCTGCATGGATT,0.571757085765046
TTATGACCAGAGTATTGCCG,GTCATTATGACCAGAGTATTGCCGCGGTGG,-0.3925332960293501
CAGAGAACGACACGGCGGGA,CGCACAGAGAACGACACGGCGGGATGGCCT,-0.5480163444223038
GCGCTGCTGCAGCGCTCTAG,CTTGGCGCTGCTGCAGCGCTCTAGCGGCGC,-0.4789884779441272
GGCGGCGCGGCACTGGAGAT,GGCGGGCGGCGCGGCACTGGAGATCGGCCG,-0.09452987901531468
GATGGAAGTCGGGGTCACAC,ACCAGATGGAAGTCGGGGTCACACCGGAAA,-0.249586307869708
TGTGCTCCCCGCCGTGGAAC,GCGGTGTGCTCCCCGCCGTGGAACTGGCCA,-0.26561796905002155
GGCGATTGTCATAACCATCT,CTCAGGCGATTGTCATAACCATCTAGGAGT,-0.1727360651797125
AGCGTTGTTCTGTATCATAA,CATAAGCGTTGTTCTGTATCATAACGGAAG,-0.23787619472396984
GAATCAAGACGACAAGAACC,AGGGGAATCAAGACGACAAGAACCCGGGGA,-0.815563961161229
AGCGATCGCGGGTACCTTCT,ACAGAGCGATCGCGGGTACCTTCTTGGCAG,-0.49997572931467393
CGCATCCCAACGTCGACGGG,GATCCGCATCCCAACGTCGACGGGGGGCCC,-0.4629199498227182
TGACCCTAGTAATATGTCGC,TCAATGACCCTAGTAATATGTCGCTGGTTA,-0.6591489535436921
ATTCGCCTAAGACCCGACTT,CGACATTCGCCTAAGACCCGACTTCGGGGG,-0.4803583309671955
GAATGACATCGGCGACTACG,CGATGAATGACATCGGCGACTACGTGGGCT,0.5355414128714326
ACAGAGGCGTTCGTCGTACC,TGTAACAGAGGCGTTCGTCGTACCAGGTCT,-0.890772746013186
GTTCAATCGGAGGACTTTAA,TGCTGTTCAATCGGAGGACTTTAATGGTGC,-0.2960775227318958
GCGCGTGCAAGCCCGAGAAC,TACCGCGCGTGCAAGCCCGAGAACAGGCAG,-0.5456028967174404
CGACGTTGAACTGACTCCCC,ACCTCGACGTTGAACTGACTCCCCTGGATG,-1.0
GACGACTTCGGGCACAGCAG,TCAGGACGACTTCGGGCACAGCAGAGGAGA,-1.0
ATCTCGTGGACTTCTCTTCC,AGACATCTCGTGGACTTCTCTTCCGGGCCA,-0.22723041089466664
ACCTTGATGTGACCAAGATC,AAGAACCTTGATGTGACCAAGATCCGGAAG,0.13929107391564438
TCCACGCCGATGCCGAACAG,GTTCTCCACGCCGATGCCGAACAGCGGCCC,0.5942189785818677
ATGAACGTCTCGGGCTGCCC,CACCATGAACGTCTCGGGCTGCCCAGGGGC,0.3068954965911758
GGCGTTACGCGGCGTGCGCA,CGCGGGCGTTACGCGGCGTGCGCAGGGCGC,0.4038345184698673
CAGGTGGAAGGATGACCGTC,CAGCCAGGTGGAAGGATGACCGTCTGGCTT,0.48694843253064085
CGGCATATGGTGAGCCCCCT,CAGCCGGCATATGGTGAGCCCCCTGGGATC,-0.16941618941013883
TGGCGCCCGAGCAGCCGCGC,GAGGTGGCGCCCGAGCAGCCGCGCTGGATG,0.011441163180340276
TGACGGCGGACCAGCCGCGC,GAGGTGACGGCGGACCAGCCGCGCTGGGTG,-1.0
ATTCGCGTGGATGGCATTGC,ACAGATTCGCGTGGATGGCATTGCGGGTGC,0.14732727336797297
AAACGGGATTGTACTATCAC,TGTGAAACGGGATTGTACTATCACTGGCTG,0.15895789177111153
CGCGACGCCCAGCGAAGAGC,GGAACGCGACGCCCAGCGAAGAGCCGGGGT,-0.7333410722335597
AGGCTCTAAGGGGCAGACGG,AGACAGGCTCTAAGGGGCAGACGGCGGGGG,-0.23685940453196733
AGGCGTATTCATCGAAGGTC,CAGCAGGCGTATTCATCGAAGGTCCGGTTG,-0.5306138957735368
TCAAAATGTTCACTAGCTGC,GCTGTCAAAATGTTCACTAGCTGCCGGTTC,-0.61255157989716
ATTCTCGGTAGGACAGGCGT,GGATATTCTCGGTAGGACAGGCGTGGGTCA,-0.3732871256654387
ACTCTGGCAGCACTCGCGTC,GGGCACTCTGGCAGCACTCGCGTCCGGGTT,-0.13620713131224835
CGTTGACCGCATCGCCACCT,CCGACGTTGACCGCATCGCCACCTTGGGCT,-0.6552775915053181
AACGACCTGTGCCCGCCCAT,TTACAACGACCTGTGCCCGCCCATAGGCCG,-0.44268386592967296
AAGAGTGATCGAATGACTCG,TTCAAAGAGTGATCGAATGACTCGAGGACT,-0.48109912087056717
CTGGCGGGGTATCCATGTTC,GCCCCTGGCGGGGTATCCATGTTCCGGTGG,-0.30186264273437136
CGCGAACCTGCTCCTAGCCC,TCACCGCGAACCTGCTCCTAGCCCTGGGCA,-0.3790620055364977
GACCGTGCGCACCGCGTGCT,CCGGGACCGTGCGCACCGCGTGCTTGGTGG,-0.8901976651965506
CGGGGATGGTCATCTTCTCG,AGGTCGGGGATGGTCATCTTCTCGCGGAAG,-0.34787546424285704
GTTAGTAAGGATCATTCCCT,CGTGGTTAGTAAGGATCATTCCCTCGGTCG,0.14982429689932455
CTGAGGACCGGAAGCGAGCT,GCAACTGAGGACCGGAAGCGAGCTTGGAAC,-0.28129930537392384
CATCATCCGCTCAACCGTGC,ACGGCATCATCCGCTCAACCGTGCTGGTTA,-0.7530357969729723
GGTCTGACCCAATTAACACA,AATTGGTCTGACCCAATTAACACACGGCCT,-0.5916668562854727
ATCTACGACCTGAGATCTGC,GGCTATCTACGACCTGAGATCTGCTGGCTC,-0.256062849791479
GATCAATGCATGCTGTGAAT,ACCAGATCAATGCATGCTGTGAATCGGCTG,-1.0
CGAGTGGGCGCTCAGTTTTC,CTGCCGAGTGGGCGCTCAGTTTTCGGGTCG,-0.9162500102767964
GAAAGCGTGCCAAATGATGT,ATGAGAAAGCGTGCCAAATGATGTTGGATA,-0.11419539040348194
GTAAAATTCCGTAACCCTTC,CCTGGTAAAATTCCGTAACCCTTCCGGAAC,-0.25848025895275534
ATGATCTTCAAGTAGCGGAA,ACTCATGATCTTCAAGTAGCGGAAGGGCTG,-1.0
GACCTGAAGGTCAATTTAAG,TGAAGACCTGAAGGTCAATTTAAGCGGGCT,-0.31104561650992907
CACGATGTAGGTGACGAAGG,GGTGCACGATGTAGGTGACGAAGGAGGCCA,0.42631043572032445
TAACGGTGCCGTTAGGCAGA,AGGGTAACGGTGCCGTTAGGCAGAAGGCCG,0.07541488586280906
ACACTGCGTCGAATTGCACA,TGTGACACTGCGTCGAATTGCACATGGAGC,-1.0
GGCTGTTTGGGTAGTCGTTA,GCCTGGCTGTTTGGGTAGTCGTTAGGGTAG,-0.5577522814287997
CGGGCAATCCAATGGCAGTC,AAAGCGGGCAATCCAATGGCAGTCCGGTTG,-0.46328286063118085
GGACACGTTGTTGCAGGTCT,CGAAGGACACGTTGTTGCAGGTCTTGGCGG,-0.5054652112153178
TGGCGTCTACTCCAGATCGC,TGCGTGGCGTCTACTCCAGATCGCAGGACC,0.04195714381838637
CGTGCTCTCCTTCAGCACCG,CGGCCGTGCTCTCCTTCAGCACCGTGGCGA,0.462073493909619
CTGTACCGTTAACCATTGAC,ATTACTGTACCGTTAACCATTGACAGGTAT,0.37535288425873453
CCTTGGATGGCCTTATTCGG,GAGTCCTTGGATGGCCTTATTCGGAGGTCC,0.4928957297062223
TCGTGCTGAGCTTCCAGCCG,CAGCTCGTGCTGAGCTTCCAGCCGCGGGCC,-0.7368994921690414
TGCTTCACGGCTGCGCGATC,TTCTTGCTTCACGGCTGCGCGATCCGGTCT,-0.3471250642031302
ACATCGAGCGTGCACTGCCG,CACTACATCGAGCGTGCACTGCCGCGGACC,0.40919467924470415
TGACCATCCTGCGGAACCAA,CTGGTGACCATCCTGCGGAACCAACGGCTG,-0.0026770827226409617
TAGCCCCTCAATTCTGCCGC,TCTTTAGCCCCTCAATTCTGCCGCCGGCGC,-0.12449932614696822
TTCTGCACCTATCCGAGCTA,TGTTTTCTGCACCTATCCGAGCTACGGCGT,-0.010781351252081385
GACCAGGTCGTACCACCAGA,AGATGACCAGGTCGTACCACCAGACGGCAG,-0.006059693702607102
CCTCATTCCACTCGAAGTCG,AGACCCTCATTCCACTCGAAGTCGGGGCGC,-0.1329486075952288
CGGGATTCCCAGTGCACTTC,TGCCCGGGATTCCCAGTGCACTTCAGGGCC,-0.19564020174720187
AGCACCACGGCGCGCTCCGA,CAGCAGCACCACGGCGCGCTCCGACGGCAC,0.4547986432831375
GGGCGTGCGGCTTCCCCTTC,TGCTGGGCGTGCGGCTTCCCCTTCGGGGTC,-0.6778517782031505
CCTCACGGATTCCAGCCGAG,TGGTCCTCACGGATTCCAGCCGAGGGGCGT,-0.14507701390217662
CAATGCGTTGGAGCGCAGGG,AGGACAATGCGTTGGAGCGCAGGGAGGCCT,0.1259812115514825
CAACGTGTTCCTGATGCATC,CGGCCAACGTGTTCCTGATGCATCTGGCCG,-0.26469453339832744
ATCTACCGAATACAAGAACC,CAAGATCTACCGAATACAAGAACCCGGATT,-0.07262464978997582
ATAAGCTGATGCGGACGGTG,TCACATAAGCTGATGCGGACGGTGGGGACA,0.44930201173421347
GCATCAGTGTGCGACGATTT,GTCTGCATCAGTGTGCGACGATTTTGGTTT,-0.7172087038160287
AGCGAGCCGCACAACGCGTC,TGCCAGCGAGCCGCACAACGCGTCCGGCGC,-0.10654974321239838
GGCGTACTTCGGCTGTACAA,CTTTGGCGTACTTCGGCTGTACAATGGCCA,-0.042418635874930916
TGCGTCAACTGGCGCGGCTC,GATATGCGTCAACTGGCGCGGCTCAGGCCG,-0.7121824857669664
GCTTCGGTAACATTTCATAG,CATTGCTTCGGTAACATTTCATAGAGGACA,0.30580462421590016
TGGTGACCGATCTACTGGTA,CTGGTGGTGACCGATCTACTGGTAGGGCTG,0.20237901094703264
TCGTTTCACAGCTCGCCGGA,GGTGTCGTTTCACAGCTCGCCGGAGGGCAA,-0.19704542427119268
GTCAGCGCCCTGGGACTACT,CGGGGTCAGCGCCCTGGGACTACTCGGGGT,-0.5259452681277322
GTTCCCGCACGTGAGGTTCA,GCAGGTTCCCGCACGTGAGGTTCAGGGTGA,0.2135553761596448
ATGGCGAACGCGAGCGAGCC,CGCGATGGCGAACGCGAGCGAGCCGGGTGG,-0.2767414931499463
ATGGCCTTTACCGCCAGCAT,GGCAATGGCCTTTACCGCCAGCATCGGCAG,-0.09225415599052961
TTGAGCAGGTAGACAGCGTA,CAGGTTGAGCAGGTAGACAGCGTACGGCTT,0.07522163366004071
CACGTGATCGCTCTTGTTCC,CTGACACGTGATCGCTCTTGTTCCAGGAAG,-0.7756324048096762
TGGCGGTTGGTCGCTATGAT,TTTGTGGCGGTTGGTCGCTATGATTGGTTA,-0.37283293393328953
GCTGACAGTGCGCCTCGCAG,TGGGGCTGACAGTGCGCCTCGCAGTGGGCT,-0.013058033725855076
CGCTTCTCGCCCGCATGTCG,GGCGCGCTTCTCGCCCGCATGTCGCGGCTA,0.14310664038876625
CGAGCGGTGCCAATCCATCC,CCATCGAGCGGTGCCAATCCATCCTGGCCA,-0.21354120710588617
ATGGACATATTGGAGGTCTC,ACAGATGGACATATTGGAGGTCTCGGGCTG,-0.6009656185617182
CTGCCACGTGGACTCGCGCG,AGGGCTGCCACGTGGACTCGCGCGTGGACC,0.11824421982744325
GGAGACCGCGATGATCACCT,CCCAGGAGACCGCGATGATCACCTTGGCCC,-0.04485071173281097
CATCTTTATGTTCTGCGCGA,TAATCATCTTTATGTTCTGCGCGATGGTTA,-0.8421770647704253
CGTACATGCTGACGAAGTAA,CTTCCGTACATGCTGACGAAGTAAAGGCAC,-0.2218908297234525
AGTTCTCGATGGAGATGCGC,TCGGAGTTCTCGATGGAGATGCGCAGGTCT,0.10166366799741784
ACGCACAGGAGCACGTCCCA,CGACACGCACAGGAGCACGTCCCACGGATT,-0.1248258005639973
GGCGATCACGGCCATCACAG,TCTTGGCGATCACGGCCATCACAGCGGCAT,0.44964026644179006
CGATGAGGCGGTAGCGTGCC,TGCACGATGAGGCGGTAGCGTGCCAGGCCA,-0.22575781718640944
GTGTTGACTGCGTTCCATAC,GGCAGTGTTGACTGCGTTCCATACCGGGAC,-0.4828650171129837
GTGTTGCAAACCTGACCGTC,TCGAGTGTTGCAAACCTGACCGTCAGGAAC,-0.24702977753335795
TCACCTGCATTGCCGTTGAT,TTCCTCACCTGCATTGCCGTTGATCGGTAT,0.06912136421633433
GTCGATGGTACAGCTCATCG,TATGGTCGATGGTACAGCTCATCGAGGAGT,-0.06994662137946406
ATTCACCAGGAGGACGCCTG,ACAGATTCACCAGGAGGACGCCTGAGGCTC,0.046321759597811554
TAAGGTAGCATAGCGGCTTA,GCATTAAGGTAGCATAGCGGCTTATGGCAA,-0.39181976823404957
GAGCAGCGTGATCATTATGT,TGTTGAGCAGCGTGATCATTATGTCGGCAA,-0.17552472894354798
ATCGTTATGTTGCAGTTAGC,GGCTATCGTTATGTTGCAGTTAGCTGGGGG,-0.3569170042172776
TTTCATAATAGGAGTCAGCG,TGGGTTTCATAATAGGAGTCAGCGTGGTGG,0.5303456223809906
ATTTGACACAATTGTCTTGC,ATGAATTTGACACAATTGTCTTGCCGGTGC,-0.5313945966185286
CCCGGTGTCACTCCTGTATT,GCATCCCGGTGTCACTCCTGTATTCGGGCC,-0.2756828022806432
CCTCTACACCATCCGTGATA,ACGGCCTCTACACCATCCGTGATAGGGAGA,0.1002598403753139
GGCCATTGCGGCAACCATCA,TTCAGGCCATTGCGGCAACCATCAGGGACT,-0.08113431229139836
CGCACAGGGACACGTACTGA,AGGTCGCACAGGGACACGTACTGAGGGAGG,0.38161534404045816
AGATCCAAGACTGCAGCCAG,CGAAAGATCCAAGACTGCAGCCAGTGGAAT,0.2756919508609713
ACCCCAACGCCTTTCAACCA,CAGAACCCCAACGCCTTTCAACCATGGGAG,-0.4330942644097796
TCTACATTTATGATGCCGAC,TTTGTCTACATTTATGATGCCGACCGGGGT,-0.5285932293512302
TATTCTTGATCGGCGCCCCT,ACTGTATTCTTGATCGGCGCCCCTAGGAAA,-0.1997057936354183
GGCGGTCTTCTTTTTAGTCC,TCCGGGCGGTCTTCTTTTTAGTCCTGGGGC,-0.48866095052009373
TAACACCAGCCCCAATGCGT,TTCATAACACCAGCCCCAATGCGTCGGAAG,0.34120392521540865
TGCCATCTTCGAGGAGAACG,CAGGTGCCATCTTCGAGGAGAACGCGGCCA,-0.05733619900631553
ATCCGCATTCGCCGAGTCCC,TCGAATCCGCATTCGCCGAGTCCCAGGTTC,-0.568759248675179
AGACCGCCCCGCAAGTACTC,CCTCAGACCGCCCCGCAAGTACTCAGGATC,0.040735260555416576
GTCATCATACACAACCGTGA,TGCTGTCATCATACACAACCGTGACGGTTT,-0.37598488750772785
GGAATCTTCGAGTATGCGGA,AGGAGGAATCTTCGAGTATGCGGACGGCCC,-0.5627067347564745
ACCAAAGGCGCCGAGACGCG,CAGCACCAAAGGCGCCGAGACGCGGGGCAT,0.1910301749051786
TGGTGTCCGTGGTCTCGTAC,TCACTGGTGTCCGTGGTCTCGTACTGGCTG,-0.2668748570457748
GGCGAGCGTCAGCAGGCGCA,GCAGGGCGAGCGTCAGCAGGCGCATGGTGC,0.5321322817258858
TGATTGTGCTGAACAAAGAC,GTGGTGATTGTGCTGAACAAAGACCGGGAA,-0.118837360973492
CCTCGTCGGAAGTGCCCACG,GCCACCTCGTCGGAAGTGCCCACGAGGATG,0.0856346422276045
GCTCGACGCGCCCGTGTTTG,GCCAGCTCGACGCGCCCGTGTTTGTGGCCT,-0.1719550234024384
GTTCTCGGGGCCCGCGTACG,TCGTGTTCTCGGGGCCCGCGTACGCGGCCG,0.35173988745192253
GCTGTCGTCCGGAGCGCGGC,CTCGGCTGTCGTCCGGAGCGCGGCTGGCCG,-0.05105128207307552
AGCTCCAAGCTCAGGTTGTG,CACCAGCTCCAAGCTCAGGTTGTGCGGCAG,0.3581648962295604
AGGAGCGTCGTCTCAGCGCT,TGGCAGGAGCGTCGTCTCAGCGCTCGGTGG,0.061262569452301456
CATCCTCGACAGTTGCTCCA,CACACATCCTCGACAGTTGCTCCAAGGACA,0.5788641429495419
GGGCGAATCAATGAAGACCG,ATGTGGGCGAATCAATGAAGACCGAGGGAT,0.256781933853922
CAGCGACTGCTCGAGGGCAT,AGGTCAGCGACTGCTCGAGGGCATGGGTGT,0.32233420419095704
TCCAATCTCCCGATGTCAAG,AAGCTCCAATCTCCCGATGTCAAGTGGTTT,-0.6443127527986963
CCAGCGTCAGGCCGCCCGCC,CCGCCCAGCGTCAGGCCGCCCGCCAGGCGC,0.07247016033189992
AGTGCGGGGCGTACATCTCC,ATTGAGTGCGGGGCGTACATCTCCTGGCCG,-0.6759960249633802
GAGGATCCAGTAGAACTTGG,TTGTGAGGATCCAGTAGAACTTGGCGGTCA,0.7670377680293378
CAACATCTCCAGTCACAGTG,ACTGCAACATCTCCAGTCACAGTGCGGATC,-0.6100219877844512
CGGGTCGTGCTGCCGCATCG,ACAACGGGTCGTGCTGCCGCATCGAGGGGG,0.4226646136388174
CGGCTGTTAGACGAAGAGTT,GTCCCGGCTGTTAGACGAAGAGTTGGGCTT,0.13905669767220202
AGAAGAAGTATCTGCGCACG,ATCAAGAAGAAGTATCTGCGCACGTGGTTC,-0.34771483538570724
ACGTTGAAGACGATCCAAGG,CAATACGTTGAAGACGATCCAAGGCGGGGA,-0.2657829149138906
TGCCGGCGACCAGATCCTCC,CGGCTGCCGGCGACCAGATCCTCCCGGAGG,0.23310086939529567
GATAATCGCGCCACAGATAG,TACAGATAATCGCGCCACAGATAGCGGAGA,-0.6871017525017838
GGAGTCCTCCAATTTGGTGC,GGGGGGAGTCCTCCAATTTGGTGCCGGACA,0.02973828756964785
ACCCGAGCCCGTCACGCTCC,CCGAACCCGAGCCCGTCACGCTCCTGGTGA,0.37572081930240525
CTCGTACTAAACAGACAGCT,ATGGCTCGTACTAAACAGACAGCTCGGAAA,-0.1859063623040326
TGATGAGAGTAACAGCCCGA,TGGATGATGAGAGTAACAGCCCGACGGTCC,0.05872056109527384
GTCAGCGTGAACGCGCCCCT,CATGGTCAGCGTGAACGCGCCCCTCGGGGC,-0.13538684740891724
CTAGAACACGATTGGCCACA,TCATCTAGAACACGATTGGCCACACGGCTA,-0.18779020207055758
AGCCACCAATAAAGAGCTTA,CTTAAGCCACCAATAAAGAGCTTACGGAAC,-0.033179757717602794
AAGTTGTACTTACTACGTCT,TGCCAAGTTGTACTTACTACGTCTCGGGTC,0.1446613416902536
TAGCCATAGGGCAGCGCCGC,GAAGTAGCCATAGGGCAGCGCCGCGGGCCC,-0.09366441451890696
CAAACACCGTCGCCTTGGAC,GCGCCAAACACCGTCGCCTTGGACTGGAAG,-0.3033370106186254
GGCGCAGATTTCGGCGAGCG,GAGGGGCGCAGATTTCGGCGAGCGAGGGAG,0.09819802525068898
GAGCCTTATGTACGTCTATG,CGGAGAGCCTTATGTACGTCTATGAGGACA,0.3192286174147216
ATGAACGACTTTGACGAGTG,AGTCATGAACGACTTTGACGAGTGCGGCCA,0.5093356696490945
GGTCCCGGGGTACGCAAAGC,CAGAGGTCCCGGGGTACGCAAAGCCGGAGG,-0.5740958836101802
CAGGACCTCGCCCGAAGCTA,GGCTCAGGACCTCGCCCGAAGCTACGGCAT,-0.2733539268796844
TGTATGCCGTACGGAGTGAG,GTGCTGTATGCCGTACGGAGTGAGCGGAAG,0.49255039933793954
GAGCCGGCGGTTCAAGCCCA,TGCGGAGCCGGCGGTTCAAGCCCACGGCCA,-0.365711347300729
ATGGAGCGCGCGCCGCCCGA,GGCCATGGAGCGCGCGCCGCCCGACGGGCC,0.24119976901562526
TGAATACCCGCGCGACCGTC,GTGCTGAATACCCGCGCGACCGTCTGGATC,0.038842718782771346
GAGACCGGCGGCAACACTAC,CTTTGAGACCGGCGGCAACACTACTGGTAT,0.20261142972299775
AGCCGGGGTGTGCAGTTTCC,AGTTAGCCGGGGTGTGCAGTTTCCGGGTCC,-0.37032106485424743
TACAGTAAACGCAGGACGGC,GGAATACAGTAAACGCAGGACGGCTGGCCA,0.0889203615589228
TCGCTGCAATTATTGTGACC,GTGATCGCTGCAATTATTGTGACCCGGAAG,-0.2923308841557574
GATTCTGGATGGCGACGTAG,ATGGGATTCTGGATGGCGACGTAGCGGTCC,0.4663419431217364
AGCCACCTCAACGCCTAACA,AACAAGCCACCTCAACGCCTAACATGGTTG,-1.0
CAGTTACTATAGCTGCTACT,ATGTCAGTTACTATAGCTGCTACTGGGCTC,-0.012237188559782808
AATGACGTCAATGGATACGG,AGACAATGACGTCAATGGATACGGTGGTTG,0.18052425310129525
GATGTGGATCAGACGCCTTC,CATGGATGTGGATCAGACGCCTTCCGGTCT,0.09606252642939872
TAGGTTCTCAGTTGCCATGC,GCCATAGGTTCTCAGTTGCCATGCCGGACT,0.12782889090163393
TAATAGAAAGCCCTTCCGTC,TGTTTAATAGAAAGCCCTTCCGTCCGGTCA,0.18759097046523665
TCTGGACGTCCTGCTCACAA,CATCTCTGGACGTCCTGCTCACAACGGCAT,0.6625832154877682
CGTCGCACGCGATCCAAAGC,AGCACGTCGCACGCGATCCAAAGCTGGCAC,-0.08679573149776267
GAGCGCGATCAGCAGCGAGT,AGATGAGCGCGATCAGCAGCGAGTTGGCCG,-0.2570907872720612
TGTGGGGAACAGATCAACTA,CGGCTGTGGGGAACAGATCAACTACGGCAG,0.09452989557491459
GCATGACGACCTATGATGAT,ATAAGCATGACGACCTATGATGATAGGTTT,0.5690038481674106
CGCCACCTTGATCCTTTTGT,GCTTCGCCACCTTGATCCTTTTGTCGGCAT,-0.6800762751389829
CTAGGGTCGTCGCGCCCAGG,AGCACTAGGGTCGTCGCGCCCAGGAGGACG,0.1145221312344809
GCCTATGTCACCGTCCTAGA,CGAGGCCTATGTCACCGTCCTAGAAGGATT,0.013273190527147856
ACATGAACCCTATCGTATAT,TATAACATGAACCCTATCGTATATTGGGAG,-1.0
CGTTGTACAGGCGAATCTTC,TCTGCGTTGTACAGGCGAATCTTCGGGTGC,-0.540652866714981
TCGTTGCGGATGTCGATGCC,ATAGTCGTTGCGGATGTCGATGCCTGGCCC,-0.7134526433210522
CTGGAGTATCGCTTACAGGG,TCATCTGGAGTATCGCTTACAGGGGGGCTT,-0.07085468014013145
CAGGAGCGCCACTTCATAGC,ACCTCAGGAGCGCCACTTCATAGCAGGTAC,-0.14430888625659563
CATCCCGAAACCAGGACACT,TCCCCATCCCGAAACCAGGACACTGGGTCC,0.14872947464383143
TCTATTGAACGACGAGTTTC,TACTTCTATTGAACGACGAGTTTCCGGAGC,-0.7545173340875243
CAGTCTATCTTACTTTTACT,CCGCCAGTCTATCTTACTTTTACTCGGGAG,-0.5610549155658686
CCGTGGAACACGCAGACATC,ATGTCCGTGGAACACGCAGACATCTGGGTC,-0.023589056659303644
TCGCAGGGAGGCGCCACCCG,GGAGTCGCAGGGAGGCGCCACCCGGGGCCA,0.47031071880996617
ACCCGATGATAGTGCTGTGT,GAAAACCCGATGATAGTGCTGTGTTGGATA,-0.240036558790259
GATTCGTACCTCACTCCCTA,ACCAGATTCGTACCTCACTCCCTAGGGCAG,0.17427158677765345
GCTCTGCTCCGTCTTCTTTA,TGCAGCTCTGCTCCGTCTTCTTTACGGTCA,-0.4918445118398822
ACCCGAATAGCCCGGGCCTC,GGTCACCCGAATAGCCCGGGCCTCAGGCAG,-0.08683379420370611
CGGCGTTCTTCTTTATCGTT,AACTCGGCGTTCTTCTTTATCGTTGGGTTT,-0.3431353792537572
ACGACCTATCTGATGTCCAA,AGTAACGACCTATCTGATGTCCAATGGTAC,0.00657909214462259
GGCATTACAAGCGGGAGTTC,GGGAGGCATTACAAGCGGGAGTTCAGGCTG,-0.26142268182116096
TAATTGGCTCCTCAAGGTCC,AAGTTAATTGGCTCCTCAAGGTCCCGGTCC,-0.06608101737227376
TATTCGTACCAACTATAGCA,GTTATATTCGTACCAACTATAGCACGGCCC,0.47754128978371263
TTGTGAGTAATACCAATCCA,TTGTTTGTGAGTAATACCAATCCACGGTGT,0.2128918546674345
TGCCATACAACCTTCGTGTC,ACTGTGCCATACAACCTTCGTGTCAGGGCC,-0.28266067876949663
CTACACCGATTACCTCCAGA,TCTGCTACACCGATTACCTCCAGACGGTCA,0.5173768469956269
GCCGGAGGGCACCCCAGACA,GCGGGCCGGAGGGCACCCCAGACACGGTCT,0.12981053456209496
ATTGGTTGTCCCAGGACGAG,TGACATTGGTTGTCCCAGGACGAGTGGCTA,0.46757845254218244
ACGACAATTCTGACGCCCAA,GAACACGACAATTCTGACGCCCAATGGGAA,0.2099809956746619
TGAGCATCTCTACTTGCGAG,TACATGAGCATCTCTACTTGCGAGTGGAAG,0.11330248474896502
GTGGAGCCAACCTATTTATG,GTGAGTGGAGCCAACCTATTTATGTGGGTA,-0.19189067941478838
CTCCTGCCAGTTAGCAGTCC,AGTTCTCCTGCCAGTTAGCAGTCCCGGAGG,-0.22057946466814626
TCTTAAATAGGTGCGATGCA,TACCTCTTAAATAGGTGCGATGCACGGTAC,0.6481477976988125
TAAAGAACAGTCGTGATCCC,TAGTTAAAGAACAGTCGTGATCCCCGGATG,-0.7838793828649236
GCCGCGGAAGTCCTCCCCGG,TGAGGCCGCGGAAGTCCTCCCCGGTGGCTG,0.28942320368522356
CTGATCGACCAGATCGACAG,GTGGCTGATCGACCAGATCGACAGCGGCAA,0.22489568587487893
CGCCGCAGTGCGAGTTCCTG,GTTGCGCCGCAGTGCGAGTTCCTGAGGATC,0.06774477213495894
AGACATTTGTTCTCTGTACG,TTGGAGACATTTGTTCTCTGTACGCGGAGG,-0.12999470180710976
ATTGGCGCAAGGTCGTACGA,GCTGATTGGCGCAAGGTCGTACGAAGGAAA,0.41027348440239275
GGAAGTGATCTTCTATCTGT,GGGTGGAAGTGATCTTCTATCTGTCGGACA,-0.47927055983349015
TGGCGGCATGATTTTGTGCA,TTAGTGGCGGCATGATTTTGTGCACGGATG,-0.1736331799533139
TTCATGCAGCCTCTTGTCCA,AGCGTTCATGCAGCCTCTTGTCCACGGAGG,0.4741060239603621
GACAGAGTCAGCGAGAGCTT,GCTGGACAGAGTCAGCGAGAGCTTCGGCTG,-0.021333832608805645
TCGTTCCTCCCGTCCGAGAG,CGCCTCGTTCCTCCCGTCCGAGAGCGGACC,0.11748797542583488
TGAAAGACGGACCGCAGTAC,TTACTGAAAGACGGACCGCAGTACAGGGTC,0.030148097000696986
GGTGTTGTCGATGCGGTGGA,CCGTGGTGTTGTCGATGCGGTGGACGGTGC,0.7965885331590703
GAGGATCTTCCCGTTGGAGA,TGATGAGGATCTTCCCGTTGGAGAAGGAGC,-0.08079605894693427
ACCTATTCCAACAGCACCAT,CCACACCTATTCCAACAGCACCATCGGGTA,-0.41169640534542007
CCGGGCACCACGGTCATGTC,GTCCCCGGGCACCACGGTCATGTCGGGCGG,0.5402015215503416
GTTCACAACAGTCACTGTAG,ACACGTTCACAACAGTCACTGTAGCGGACT,0.021282866628599458
GGCGGTGCCATGACCGTCAG,GAACGGCGGTGCCATGACCGTCAGAGGAGG,-0.26718129475635605
CGAGCGGCTGGTGCTCAACG,GCTGCGAGCGGCTGGTGCTCAACGTGGCCG,0.06694037244793839
AGCCCGGGCCAAATTCCGCA,ACGCAGCCCGGGCCAAATTCCGCACGGTCG,-0.43507982357971614
TGACGTACAGCGAGAGTCTG,TCCATGACGTACAGCGAGAGTCTGCGGAGC,-0.05280205420676056
CCGGCTGCGAAGGTTCTGCT,TGCTCCGGCTGCGAAGGTTCTGCTCGGTAC,0.05045896002084562
CCGGCGGGCATGACGAAGCA,GATGCCGGCGGGCATGACGAAGCATGGCTC,-0.13109172118456627
GTCTTCCTGTTTAAGCCCGG,TGAAGTCTTCCTGTTTAAGCCCGGGGGAGC,0.45074147567675443
TGCGCTCGCTCTCGTCCCCT,ACGATGCGCTCGCTCTCGTCCCCTTGGCCC,-0.18658752970074274
AAGAACTCGCGGCCGCCACC,GAAGAAGAACTCGCGGCCGCCACCGGGATG,0.24533793647956872
GGCCTGGTTCCCGAGCTAGT,CTACGGCCTGGTTCCCGAGCTAGTCGGTGA,-0.11138863102589429
TTTGCAAGGGCAGCGGCTAT,GCCTTTTGCAAGGGCAGCGGCTATCGGGTG,-0.3659576672648336
GCACGCAGCGGAACACCTCG,TTGAGCACGCAGCGGAACACCTCGGGGTCC,0.3001338211442901
TCACCGCTGTGGTGTTAGAC,GGCGTCACCGCTGTGGTGTTAGACAGGATC,-0.28742438051637925
GGTGCAGCTCGAGCAACAGG,CGGTGGTGCAGCTCGAGCAACAGGCGGCTC,0.5015186036105684
ATACCAGGTCTCCGTTCCAT,TCTCATACCAGGTCTCCGTTCCATTGGTAG,-0.36977824915678087
CACGTCCGGGGAGGAGGACT,GGTGCACGTCCGGGGAGGAGGACTCGGAGC,-0.417717494184492
GGCGTGCGGCAGGTGCTGTA,GGGGGGCGTGCGGCAGGTGCTGTACGGGGA,0.42104515138198206
TCAAGGGCGCGTTCTACCGC,GCCATCAAGGGCGCGTTCTACCGCCGGGCG,0.038137825738391806
GTGCGCCTTCCGCGCCATCG,GCCCGTGCGCCTTCCGCGCCATCGTGGCGC,-0.16255405961064506
CTCCCGGGACAGCGAATACC,GCAGCTCCCGGGACAGCGAATACCGGGCGC,-0.19558571488733129
TCCGCACCCTCCGGTAGTAA,ACCTTCCGCACCCTCCGGTAGTAAAGGCCC,-0.39008736526826293
CAAGATGATCCAATCCCACG,AGATCAAGATGATCCAATCCCACGTGGTCT,0.5442368334749924
CGTTGGCGATGATGAACTTA,CGAGCGTTGGCGATGATGAACTTACGGCCT,0.09300538325215713
ACCATCGCTACGCGCTTCGA,GGACACCATCGCTACGCGCTTCGACGGCAC,0.32602166717271786
GCCGGTCATGAAGGGGTTGC,CCATGCCGGTCATGAAGGGGTTGCTGGCCC,0.030703868512735488
CGAAATTTGCCCGATTGACA,TGGACGAAATTTGCCCGATTGACACGGGCT,-0.3853460453978018
CGGCGCTGCTTGGTGTGTTG,GACACGGCGCTGCTTGGTGTGTTGGGGCCT,-0.3717826787830126
TAGTATACGGAGAGCATCTT,TATGTAGTATACGGAGAGCATCTTCGGTCC,-0.66423188114844
CCTTACAACGTTTGCTTTAT,TGTACCTTACAACGTTTGCTTTATTGGCAA,-0.8549068202621317
CGTGTCAAACACATTCCGAC,CCAACGTGTCAAACACATTCCGACTGGAAG,0.40500619473504773
CACATGGTTCCTCTTTGGCG,CAGGCACATGGTTCCTCTTTGGCGTGGTGT,-0.12708311453054458
CCGCAAGGGCATCATCCCCG,TGTCCCGCAAGGGCATCATCCCCGAGGAAT,0.3820986891100855
CAACGGCTTCGGCAACGGCA,GCGCCAACGGCTTCGGCAACGGCAAGGTGC,0.03970457296823367
AACGCCAGCGCATGTCCATT,ATCCAACGCCAGCGCATGTCCATTAGGATT,-0.027916398768226432
GTTGCGGCACAACCCGGGCC,ACCCGTTGCGGCACAACCCGGGCCCGGCCT,-0.3216322489326912
CACAAAAGTGGCAGCGAACA,TCATCACAAAAGTGGCAGCGAACAGGGTGA,-0.23886367707238282
GTAGCTGAAACGAATGGTTT,CAAAGTAGCTGAAACGAATGGTTTGGGCTC,-0.3742685767511885
GGGCAAAGCTTGTGTGTCCG,AAGAGGGCAAAGCTTGTGTGTCCGAGGTCA,0.4308392934085819
AACCGCTGCCGCTTCTTCTT,CACGAACCGCTGCCGCTTCTTCTTGGGCAC,-0.5999855930973346
ATGCACGGACACAGCCGCAA,GGACATGCACGGACACAGCCGCAACGGCCA,0.2531760656957247
CACAGACCGTACGCGCCTGC,TTGCCACAGACCGTACGCGCCTGCTGGCCG,0.057715007962991526
CGATCTCGGCTGATGTGTCT,GGTCCGATCTCGGCTGATGTGTCTTGGCAG,-0.3922920112055383
CGAGACATACCGCTACCTGA,TGCGCGAGACATACCGCTACCTGACGGACC,0.41136056594684767
GGCCAGCAACTACGGCGTGT,TGGAGGCCAGCAACTACGGCGTGTCGGTGC,0.2587255535631404
AGCGGCCGGTGTCCTCGTTG,ACGAAGCGGCCGGTGTCCTCGTTGAGGTGC,0.16215622795663773
CAACGCGCGCTTTCTGCTGC,AGGACAACGCGCGCTTTCTGCTGCTGGCCG,-0.41577647705277754
TCCAGAAGCGGGGCGCTCTC,CTGGTCCAGAAGCGGGGCGCTCTCCGGAGG,-0.40542555369618843
GTACCGACCGCGAGCCCGGG,CTATGTACCGACCGCGAGCCCGGGCGGCTC,-0.21927456220879005
GGTCTCTCCCGCGAGGCGCT,GCCGGGTCTCTCCCGCGAGGCGCTGGGAAG,0.3498955782028731
GCGGCAGAACGTGCGCACGC,TGAAGCGGCAGAACGTGCGCACGCTGGCGC,0.04937626431873985
CCATCCGTGTGTGAGCGACC,GGGCCCATCCGTGTGTGAGCGACCAGGAGC,0.27900054097825105
GTACGCGGCGTACGCGGCCA,CCAGGTACGCGGCGTACGCGGCCAAGGCGC,-0.1706037252187998
CTAAGGCCCTGGTCCCGATA,GGGTCTAAGGCCCTGGTCCCGATACGGGCT,0.07033754133415636
CGTGTTCGACGCCCTCGAGT,CCGCCGTGTTCGACGCCCTCGAGTCGGACC,-0.3722694461921851
GATGGATGCGCTCATCATCC,CCAAGATGGATGCGCTCATCATCCCGGTGA,-0.31570540994521346
TCAACGTGTCAGCTGCCGGC,TGGGTCAACGTGTCAGCTGCCGGCAGGTGG,0.009470130113880855
AGATGAAGAGGTCCGGCCAC,TATAAGATGAAGAGGTCCGGCCACTGGTCC,0.02534182786568366
CCGTGTACTCGTAAGCCACC,GCTTCCGTGTACTCGTAAGCCACCCGGAGC,-0.08155376372349013
GGTCCGGAGGGTCTCGTCCC,TCAGGGTCCGGAGGGTCTCGTCCCAGGGCG,-0.3621418938726369
GACGCGCTCAAGTTGCTGAG,GCGGGACGCGCTCAAGTTGCTGAGCGGCCG,0.5920343089942741
GCGAGCTGAGACAGGGGATG,TTGGGCGAGCTGAGACAGGGGATGCGGTGG,-0.21610886187090905
GAGACGCCGAAAGCGCTTGC,CCTTGAGACGCCGAAAGCGCTTGCTGGAGC,0.4291924712167318
ACGCGCGGGTCTAGGCTCAC,GGAGACGCGCGGGTCTAGGCTCACCGGCGG,-0.663950455807708
ATGGTGCAGAAGTCGCGCAA,CACCATGGTGCAGAAGTCGCGCAACGGCGG,0.023828161081025732
CACTTTCCGCTCCTCGTCGC,GCCCCACTTTCCGCTCCTCGTCGCCGGCCG,0.1301594775302593
GCGGCGGTAGCGCTTGTGCG,GCAGGCGGCGGTAGCGCTTGTGCGCGGCCG,0.6300217829214569
TAGCAGGCCGTCGCCCCTGG,GCAGTAGCAGGCCGTCGCCCCTGGCGGCTG,0.5230700543288521
AACCTTTGTGAGCGAGTTCC,CTGAAACCTTTGTGAGCGAGTTCCCGGGCC,-0.5802100531940869
CGGGGAGATCCGCATCAATG,AGGACGGGGAGATCCGCATCAATGTGGGCG,0.4880956838936883
GTGCGTATTCTCATTCTGCC,AGCTGTGCGTATTCTCATTCTGCCAGGAGA,0.10650683578986177
CGTCAACGAGAACACCTTCA,TCTACGTCAACGAGAACACCTTCAAGGAGC,0.3547057024104083
TCACATCAGGTACCATCGCT,CTGTTCACATCAGGTACCATCGCTAGGAGC,-0.6239728317073623
GGACTGCTTCACGGTCAACG,TCGGGGACTGCTTCACGGTCAACGTGGGCG,0.2919981228910958
CGTCGCACAGGCTTAGCTGG,TAGTCGTCGCACAGGCTTAGCTGGCGGCTG,0.2943283250311659
GGTAGGAAATCGTCGGACCC,TGGCGGTAGGAAATCGTCGGACCCCGGCTC,-1.0
GGTAACCAAGGTACTTCGCA,GGTGGGTAACCAAGGTACTTCGCAGGGATT,0.19949486446240364
CAAACACGATCCTGCCCACC,GACACAAACACGATCCTGCCCACCCGGCGC,-0.04224950508445953
CGTGTCAGTGACGAGTAAAG,CTTACGTGTCAGTGACGAGTAAAGAGGTGG,0.4128907963451581
TGGCGATGTACTTGTCGCCG,AACTTGGCGATGTACTTGTCGCCGCGGTTC,-0.347223447098462
GTTGGGTCCGGACGTAGCCA,ACGCGTTGGGTCCGGACGTAGCCACGGTGT,-0.4546459364873696
CTGTCTGGACGCGAAGCAGT,CCACCTGTCTGGACGCGAAGCAGTAGGAGC,-1.0
GCTACCGCCGCAAGCCGCAC,GGTTGCTACCGCCGCAAGCCGCACCGGCTC,-0.1187038450259547
CTCCAGATCGTGCACGAGAC,GGAGCTCCAGATCGTGCACGAGACCGGCTA,-0.6152967639441627
ACTAGTCCTCGAAAACCTCG,TAAAACTAGTCCTCGAAAACCTCGTGGGAG,0.5223501645246691
AACGATCCATCTCAGCTCCC,TGTAAACGATCCATCTCAGCTCCCAGGTGT,-0.1888662610306922
CAGAGAGCACAACGCCGCAC,GTTACAGAGAGCACAACGCCGCACCGGACC,0.2767740452249094
TCGAGGTACACTCTCAGAGT,AGTCTCGAGGTACACTCTCAGAGTCGGATT,-0.13832215646071652
TGCCGCACCGGGCGCAGTTG,ATCTTGCCGCACCGGGCGCAGTTGGGGTTC,0.02018846827066156
GACCCACTGGTTACCTACGA,GCGGGACCCACTGGTTACCTACGAAGGCTC,-0.02013268849447105
CATTCGTGTTTGGGTTCATT,AGATCATTCGTGTTTGGGTTCATTGGGATG,-1.0
CGCAAGTGACTGGATTGTAC,TTTCCGCAAGTGACTGGATTGTACTGGTTG,-0.019830457758779244
GGATGATTCGTCTTACTGTG,AGCTGGATGATTCGTCTTACTGTGTGGTTC,0.35651940524647924
CACTGTCATTGCGAGCCCGA,CACACACTGTCATTGCGAGCCCGACGGCAG,0.49193197099315517
AGATTCTGGAACGCGTAGTC,GGTGAGATTCTGGAACGCGTAGTCGGGGAT,-0.10985087818702782
CCCTGCAACTGCGTGCCCGA,TGAGCCCTGCAACTGCGTGCCCGACGGCGC,0.45200780314130096
CGGCTGGGCCTACTACTGCA,AAATCGGCTGGGCCTACTACTGCACGGGAG,0.23069221983646757
CTCCAACTGATAACAAGAAC,TTTTCTCCAACTGATAACAAGAACGGGACC,-0.45882276553982904
TCAGGTAGTCGCGTCGGCAC,CACCTCAGGTAGTCGCGTCGGCACAGGATG,-0.41096187911302634
CGCTTGCTCCGGCGCTCCGC,CCTCCGCTTGCTCCGGCGCTCCGCCGGCGA,-0.3003807219745529
ACAGTCAGTCTCCGAGTATT,GCTAACAGTCAGTCTCCGAGTATTGGGTCC,0.07952038155363304
TGCTACTACAACGAGACCAT,CCAGTGCTACTACAACGAGACCATCGGCTT,-0.5532324632246858
GGATCTACGTGTACGTCAAG,CTGCGGATCTACGTGTACGTCAAGAGGAAA,-0.34644949539827513
CTTTTCGATCTCGTACTATT,TATCCTTTTCGATCTCGTACTATTAGGACT,-0.6568175089194805
GGTCCACGTTGATGAGCATC,TAGCGGTCCACGTTGATGAGCATCAGGAAG,-0.41348347759522364
GTGTGGTTAACTGTGATCGG,TGGCGTGTGGTTAACTGTGATCGGAGGAAG,0.55689252578896
AGCCGGGCCGGGCTCCCGTT,CCTGAGCCGGGCCGGGCTCCCGTTCGGGCT,-0.1379076349694445
TTCTATAGATCTGCGATGCC,GTTATTCTATAGATCTGCGATGCCCGGGCA,-0.07559290385324957
GTTTTTCCAGACCCGTGTCC,TGATGTTTTTCCAGACCCGTGTCCAGGAAC,-0.41608690612250676
GTGTTCCGATTGGAGCCACA,TTGAGTGTTCCGATTGGAGCCACAGGGATG,0.06920054853429673
GAGCCTCCGTGCGCGCGCCG,CGCCGAGCCTCCGTGCGCGCGCCGCGGGGT,0.08169139161222508
AACTCTACACCTAGTGAGGG,GATGAACTCTACACCTAGTGAGGGGGGTGC,-1.0
GCTGCTCACGCCGCTCTTTG,TGCTGCTGCTCACGCCGCTCTTTGTGGCCT,0.05443578793803105
TGGTTCTCCGACGCATATGG,GGTCTGGTTCTCCGACGCATATGGAGGCAC,-0.38382098829764194
GGCGTACGCGGGGACCAGCG,ACGGGGCGTACGCGGGGACCAGCGTGGTGG,0.42729271557505843
TCCGCTTCAACCGGCTGCTA,GGTCTCCGCTTCAACCGGCTGCTAGGGAAG,0.01590051892512654
ATGATGCGGTCGGTCTCCAC,GCTGATGATGCGGTCGGTCTCCACCGGTTC,-0.147958846523025
GGTGTGTCTTCTGTTCGGTC,TCGAGGTGTGTCTTCTGTTCGGTCGGGCTG,-0.39607207246236137
GCTGTTGGGGGACCCGCTAC,TGTCGCTGTTGGGGGACCCGCTACAGGCCC,-0.09048186407062177
CCCGACGGCTCTGCAGTTAA,GGCCCCCGACGGCTCTGCAGTTAACGGGAC,-0.30432515446462605
TGGGGCCACGAATCCCTACA,GCTGTGGGGCCACGAATCCCTACATGGTAT,0.3454771728705329
GAGCGATAACGATGACATCG,AAATGAGCGATAACGATGACATCGAGGTGG,0.5342150847500884
TGGCCACCATCGCCAAGAAC,GTGGTGGCCACCATCGCCAAGAACCGGAAC,-0.5095826393325299
TAATTCCGACTGTCCTCGTG,GAAATAATTCCGACTGTCCTCGTGTGGTTT,-0.20196940677711792
ACCACAGCATCATGACCGTG,CGCTACCACAGCATCATGACCGTGAGGAAG,0.5823784278155356
GCGCTACCACCACATCATGA,CCCTGCGCTACCACCACATCATGACGGCGA,0.20878251712987012
GGAGCGCAAGCCCCGCAGTT,TCCCGGAGCGCAAGCCCCGCAGTTGGGAAG,-0.09017425015459152
TTGGCTCGAAACTTGTCGCA,GCCCTTGGCTCGAAACTTGTCGCAGGGACT,-0.4953622183605377
ATCGTTTAGTCATAATATAC,TATAATCGTTTAGTCATAATATACTGGCCA,-0.518294861787231
GGATCTTGAGCTACGAACAC,TTCGGGATCTTGAGCTACGAACACCGGCCC,0.3907387391891027
GCTGCGCTCCATCGACGACG,TCCCGCTGCGCTCCATCGACGACGTGGTGC,0.21426202211918344
TTTCAGGCTGTTCGTTAACA,GATTTTTCAGGCTGTTCGTTAACACGGCTA,-0.5206963563748452
TCAGCTTCCCAACTTCACCG,AGTATCAGCTTCCCAACTTCACCGCGGAAA,0.2830067346730827
TTGCACCCTGCGGTGAGCGT,ACAGTTGCACCCTGCGGTGAGCGTGGGCCA,-0.17300018235574863
ATCCGGCACGATCCCCGATT,CGAAATCCGGCACGATCCCCGATTCGGACT,-0.5442279486578062
TCAAACGGAAGATTCGTTCC,TATCTCAAACGGAAGATTCGTTCCCGGCCG,0.014430679226052812
TGAACCGCCAAAGGTTTTTC,GAGATGAACCGCCAAAGGTTTTTCAGGCCT,-0.45958781688261596
CGTTCGTGGCAGGGGTTATT,ATGTCGTTCGTGGCAGGGGTTATTCGGCGG,-0.7467947486363123
CAGCTCTAACCTCACCTGGA,GCCCCAGCTCTAACCTCACCTGGACGGTGC,0.09949130993749841
TAGCGACCGGCCCGTGTCAC,TCTCTAGCGACCGGCCCGTGTCACTGGAGG,-0.36739672740681406
TGCTGTATGTTACTGTGCTC,AAAGTGCTGTATGTTACTGTGCTCCGGACC,-0.667709047497991
AGATGTAATCGAAACGCTCG,CTCAAGATGTAATCGAAACGCTCGCGGAGA,0.29900094029126667
CGATGGGCACGCGTGCAGCG,ACTGCGATGGGCACGCGTGCAGCGTGGTCG,0.6132231593309769
GAGAGGAACTTTAACGAGAC,GGGCGAGAGGAACTTTAACGAGACCGGACT,-0.4528752256400252
TGGAAACTGGCACACGTATC,GGTCTGGAAACTGGCACACGTATCGGGTTC,0.20548598623557285
ATAGTTTAGGGCTGACTCCA,TGGAATAGTTTAGGGCTGACTCCACGGTCC,0.26889195458534737
CAGCACGTGGGGGCCGCCAA,TGGACAGCACGTGGGGGCCGCCAACGGCGC,0.2939685006013067
CTCGGGGGACCGGTAGGTAA,GGGCCTCGGGGGACCGGTAGGTAACGGGCT,-0.4204141483866538
TTAACAGGGAATATATAAGG,AAGCTTAACAGGGAATATATAAGGCGGCCG,-0.5371992011144245
ACATCTCCGGGGTGCCCTGA,CTCGACATCTCCGGGGTGCCCTGACGGAAG,0.24618033563503652
CGAGGATTTTGCGGATGAGA,GAAACGAGGATTTTGCGGATGAGATGGCTG,-0.6146263077896552
CGGCTTCGTGCGCTTCTTTC,AGGTCGGCTTCGTGCGCTTCTTTCAGGGCA,-0.5481545811622088
AACGACTCCCAGCACGACCC,CGCCAACGACTCCCAGCACGACCCCGGGTA,0.1649955409914087
GTCGCCCTCGTAGGTCACCA,TTCTGTCGCCCTCGTAGGTCACCATGGCCT,0.22396376904886298
CGTCGCGGTAGATACCCTCT,TATTCGTCGCGGTAGATACCCTCTTGGTGA,-0.7375338668540461
ACGGATAAATGGCCACCACC,GGGTACGGATAAATGGCCACCACCAGGTCT,0.59638014455729
CGCCTCGCAGCAGTTGGCGA,CGCCCGCCTCGCAGCAGTTGGCGAAGGAGC,-0.1604841096900381
GATCGTCAGGTTATATCGAG,CTGAGATCGTCAGGTTATATCGAGAGGCTG,0.29860294657808845
TTGACACCCGGTACAGCATC,CTCTTTGACACCCGGTACAGCATCCGGGAG,-0.4107759815034553
GTCTCTGAATAGATGGTATG,CTACGTCTCTGAATAGATGGTATGAGGAGA,0.7082061510648084
CTATGACCTCGACTACGACT,GGAACTATGACCTCGACTACGACTCGGTGC,0.3465434895338155
GGATTGGTCCCCCGGAGCCG,CCCGGGATTGGTCCCCCGGAGCCGTGGCCC,-0.6970023935111868
GCTGTAGCGAGTCAAACTCG,CAGGGCTGTAGCGAGTCAAACTCGAGGTCT,0.2447265801600861
CGTTCAAGAACAGAGACAGG,CGCACGTTCAAGAACAGAGACAGGCGGCGC,0.08727957426078574
CTGAGTAGTAACGCTCCTTG,AGCCCTGAGTAGTAACGCTCCTTGAGGTTG,0.14675179309135108
CAAATGCCCGTTTCTTCTGT,GGCCCAAATGCCCGTTTCTTCTGTTGGAAC,-0.3729212055070999
GTATCAACAACACACGTTCC,TCCTGTATCAACAACACACGTTCCCGGAGC,-1.0
GCGGCGAACGCCAGCGCGTT,GCCCGCGGCGAACGCCAGCGCGTTGGGCTC,-0.18170217324472707
GGTCGGATGAACTGTCCCCG,GCAGGGTCGGATGAACTGTCCCCGAGGCCA,-0.4452296245346663
CTTGGTCTGGCGAACCTCCG,GGATCTTGGTCTGGCGAACCTCCGAGGCGG,0.24649435182038357
GCTCAATCTCCAGGTCGCGC,GGTCGCTCAATCTCCAGGTCGCGCCGGCTG,0.14429942461350528
CGAAGCGGCTGACCACGGCC,TCGTCGAAGCGGCTGACCACGGCCTGGACC,-0.06062249627580306
AACCCAAGACGTTCACCGTG,AAGCAACCCAAGACGTTCACCGTGAGGATC,-0.09708216019635638
TATTTGACTTCAGTCAGCGA,GAAGTATTTGACTTCAGTCAGCGACGGAAA,-0.5035197970443941
TCCGTGCAATTGCCTATACT,CATGTCCGTGCAATTGCCTATACTTGGTTC,-0.7786519442890435
TGGCCCCTACCTGGTGATCG,CTGATGGCCCCTACCTGGTGATCGTGGAAC,-0.059383533260859205
CAAGCCGTGCACCGAGTGCG,CGTGCAAGCCGTGCACCGAGTGCGTGGGGC,0.109700235905417
TACCGTCAGGATCAAGATTA,ATTGTACCGTCAGGATCAAGATTATGGAAT,-0.6478174818886375
ACCACCGGCGCGAATGAGAG,GGTGACCACCGGCGCGAATGAGAGCGGTTC,0.3682255330788692
GTAGTTGGTAGGCGTGCGCA,GGTAGTAGTTGGTAGGCGTGCGCATGGCCT,0.1289496940309633
CGCAACTACCCTTTCTTGTT,GTGGCGCAACTACCCTTTCTTGTTCGGGCC,-0.2807280571126452
GGCACCTGCCACAACGAGGT,CGGAGGCACCTGCCACAACGAGGTCGGCTC,-0.34795039155436575
GCCTCCATTGCGGTTGGCAC,CATAGCCTCCATTGCGGTTGGCACAGGTGC,-0.47268409411466716
CGGCGCCAGAGTCGACGCGT,GCAGCGGCGCCAGAGTCGACGCGTTGGAGC,-0.14179998129386204
CCGTCATCCTTGTAATCCTA,ACGGCCGTCATCCTTGTAATCCTAAGGGCG,0.12914515742427873
GTTTCATCGTGCTCAAGAAC,GTCTGTTTCATCGTGCTCAAGAACCGGCAC,-0.5246940921618619
TAGCTTCTTCGGAACCCCAG,TGAATAGCTTCTTCGGAACCCCAGCGGCCA,0.3686537165831946
AGCTTCGATTCCAGTGGGAC,GGGCAGCTTCGATTCCAGTGGGACCGGGCA,-0.3133898249349302
CAGCTGATAATCAACCCTCG,ACATCAGCTGATAATCAACCCTCGAGGGTG,0.20302059162645938
CTACAGCATTGAGACTGTCG,CTTCCTACAGCATTGAGACTGTCGTGGGGG,0.1344597209030874
GACCCCTGGTATGAACTTAC,TGGGGACCCCTGGTATGAACTTACTGGATG,-0.6137344283279026
GAAGGCGCCCGAGGCGACGC,CACCGAAGGCGCCCGAGGCGACGCTGGGTC,0.1225610920060397
CCCGTAGCCGCTGCCTATGT,CGACCCCGTAGCCGCTGCCTATGTAGGCAG,0.028407247097245493
CCACCCAGCCTGAGTGATGA,CATTCCACCCAGCCTGAGTGATGACGGCTC,-0.2749004735194485
GAGCACGTTGTAGTGGAAGC,AGCTGAGCACGTTGTAGTGGAAGCCGGAGG,0.18030162387578672
AACGAGCTATGCAGCGTGTG,GGGGAACGAGCTATGCAGCGTGTGTGGGGA,0.2618751493961862
TTCAATAAGAAACTTCCGTC,GATTTTCAATAAGAAACTTCCGTCTGGGCA,0.10522679505676912
GGGCCATGAAACGCAACGCC,AGGAGGGCCATGAAACGCAACGCCCGGCTG,-0.088163308612771
TGAGCTCCGGAGCATTAATG,TGGCTGAGCTCCGGAGCATTAATGAGGCCT,0.00538504750264794
TTCATTCTGACAAATCACGA,GCAGTTCATTCTGACAAATCACGACGGCTC,0.5377530499738995
TGGGGAAGACGGACGTCCAG,TTACTGGGGAAGACGGACGTCCAGCGGCCC,0.11254288527430605
TCGCTCCAGTGCCGCGTGTG,CCCCTCGCTCCAGTGCCGCGTGTGCGGAGA,0.49239668201977316
GATCCGCAGGACGACGTGGC,GCGAGATCCGCAGGACGACGTGGCCGGGGG,0.23383128459798258
TATTTCCCTGCTGTTGCGCG,GATATATTTCCCTGCTGTTGCGCGCGGAGC,-1.0
AGTCGTCCTCGGCCGCGCGC,GCCGAGTCGTCCTCGGCCGCGCGCGGGTAG,-0.1096637708009884
AGTCTGTTTCCCCCGAGGAA,TTTAAGTCTGTTTCCCCCGAGGAAAGGCTG,0.06311888201502024
CATGATAGGGCTTTTAACAA,GACACATGATAGGGCTTTTAACAACGGCGC,-0.20929387716815287
TCCTGTGTAGCCGTCCATGA,ACTCTCCTGTGTAGCCGTCCATGAAGGTGC,-0.3432077587447611
GAGCTACAGTTACCACTCTT,CTCAGAGCTACAGTTACCACTCTTCGGGAG,-0.08906307957665147
TGCGGCGCAGACATACAGCT,GTTATGCGGCGCAGACATACAGCTCGGAAT,-0.7909062972283514
CTATTCGTACGACGAGGACC,TGGACTATTCGTACGACGAGGACCTGGACG,-0.1606578728696776
CGGGACGAACCGCCGCCTAG,GGAGCGGGACGAACCGCCGCCTAGCGGAGG,0.08016074681923144
GTAACTCTTGGCCAGTTCGT,TCCCGTAACTCTTGGCCAGTTCGTGGGCTT,-0.16152319117365851
CACCCGGAACCGCACATCAG,TTGCCACCCGGAACCGCACATCAGTGGATT,0.610259107554421
CTCTGTACCCCCGATCTTGA,CACCCTCTGTACCCCCGATCTTGACGGTGA,-0.3236887926833216
ACACTGTTAGGCTCCAATCT,ATCTACACTGTTAGGCTCCAATCTCGGAAA,-0.48541363801873194
GAACGCCAGTATCAACATCA,ATGGGAACGCCAGTATCAACATCACGGACA,0.3561296614475903
CAACGCGTCGGAGCGCGTCC,CGGGCAACGCGTCGGAGCGCGTCCTGGCGG,-0.177465679030051
CAATGCGCTGTCCGCGCACG,CGGGCAATGCGCTGTCCGCGCACGTGGTGC,0.09416774329668454
TAAGGTTTAGCCCGTCCTCA,TCATTAAGGTTTAGCCCGTCCTCATGGTCC,-0.01980022029494301
CATCTCCCGCTCGGGAATCA,CCTTCATCTCCCGCTCGGGAATCATGGCAT,-0.1916722769912209
TAGGGTCTGACATCGGATTC,TTCTTAGGGTCTGACATCGGATTCCGGAAG,-0.25968172373036247
GATGGAGACGGGGCGGCACT,AGGGGATGGAGACGGGGCGGCACTAGGTTT,-0.011384921097216807
AGACGACGAGGTGCTGGACG,ACGTAGACGACGAGGTGCTGGACGAGGATG,0.06014751980161094
GTCTTCGTCGCCAGCTGTAA,CCCTGTCTTCGTCGCCAGCTGTAACGGATA,-0.47724018300260235
TGCGTGTGGGACGGGTTTAG,GGGCTGCGTGTGGGACGGGTTTAGCGGCAG,0.2675792187932167
TGAGGAAGTCGCTGACCGCG,GACATGAGGAAGTCGCTGACCGCGAGGTTG,-0.26181790014918843
GACTACGTACCTGAGCCCTT,GGGGGACTACGTACCTGAGCCCTTCGGAAC,-0.2857845535569342
ATGGAACCGGCCCCCTCCGC,AGCCATGGAACCGGCCCCCTCCGCCGGCGC,0.33561178919140006
TCCCCGATCCAGATCTTCCG,GGACTCCCCGATCCAGATCTTCCGCGGGGA,0.4196222993322139
CACCATCGTGGGGCTCTACC,AGGTCACCATCGTGGGGCTCTACCTGGCCG,-0.4997405249217462
CCGCCCGGCCGTCAGTACCA,GTGCCCGCCCGGCCGTCAGTACCATGGACA,-0.32846326173767365
GAGCAATGCTCGTGTGGAAG,CAAAGAGCAATGCTCGTGTGGAAGTGGAGC,-1.0
GATTGGCTATACGTCTGTCA,TGGAGATTGGCTATACGTCTGTCACGGTCC,0.26602591046001556
CGCCGGGCTTTTTCAACTTG,GCGGCGCCGGGCTTTTTCAACTTGTGGAGC,-0.5126361470085951
AACGGCCACAACCCCATGCA,AGAAAACGGCCACAACCCCATGCAAGGCGT,-0.044459971001493716
GTGACCCAATTCATCCTCGT,CACAGTGACCCAATTCATCCTCGTCGGCTT,0.17956600574712167
AACATGCTAATGAGTCCCCG,TTACAACATGCTAATGAGTCCCCGTGGCTG,0.5441802855381231
CAAGAGGGTGGAATAGCGTA,GGCTCAAGAGGGTGGAATAGCGTAGGGGCT,0.27874425026339456
AGAGGCTGCTTTACGGATAA,CGTCAGAGGCTGCTTTACGGATAATGGCAC,-0.3524903253484457
CAGGCGAGCTTTAGGACAGG,TGTACAGGCGAGCTTTAGGACAGGGGGTAT,0.013456766636594333
AACGGCCATGATGGTCACAT,GAATAACGGCCATGATGGTCACATTGGCCA,-0.5115345870308454
TGCTGACCGGATCCGTAAAA,CTTCTGCTGACCGGATCCGTAAAATGGCTA,-0.7717118408299658
TGATCATCATGGGTCTAACT,AATCTGATCATCATGGGTCTAACTTGGGTG,-0.45631940743122423
GAGAGCCGAAGATAAAGAAC,GCTAGAGAGCCGAAGATAAAGAACTGGAGC,0.35604514804903614
CCTGGATATCTGTTACTCTA,CCTACCTGGATATCTGTTACTCTACGGTGA,-0.008949371282648114
CACCATCTTGCGAACGAACT,TCTACACCATCTTGCGAACGAACTCGGCCA,-0.3317504890399873
TTCTGTCGACGTGGAATCGT,AAAATTCTGTCGACGTGGAATCGTTGGTCC,-1.0
TGCCTTCTACTGTGCGGATA,CTCTTGCCTTCTACTGTGCGGATACGGAGA,-0.2339073228560914
CATAAGGATTCGCTCACTCC,CTATCATAAGGATTCGCTCACTCCAGGGCA,-0.8810654028488999
GAAGGCTTTGCAGCACCTGG,TGGAGAAGGCTTTGCAGCACCTGGCGGCCG,0.32449846286923467
CTCATGTGTCAATTCCCTAC,CTACCTCATGTGTCAATTCCCTACTGGACA,-0.38244484974156034
ATCCAGTCATTTATAGCTTA,CTCAATCCAGTCATTTATAGCTTACGGAAT,-0.5144455776599566
CCCTAATGCTTCACACTCTC,TTGCCCCTAATGCTTCACACTCTCCGGTTT,-0.6826296228802341
ATGCTCATCATTGCGACGAT,GAACATGCTCATCATTGCGACGATTGGCTT,-0.01795633897692069
GGAACTCGGAGACACTCGAC,AGGAGGAACTCGGAGACACTCGACTGGTTT,0.31412410272352886
CCTCGCGTCGGGATGTGGCC,TCTGCCTCGCGTCGGGATGTGGCCTGGAAG,-0.40220437754285104
AAACGAGACGGGCCATCAGG,CAGAAAACGAGACGGGCCATCAGGAGGATG,0.19286071214099934
GCATCACACCATCTCCTATA,CTCGGCATCACACCATCTCCTATACGGGTT,-0.3845074940083332
AGTCAAGCCATTCTCAAGAA,CCCAAGTCAAGCCATTCTCAAGAACGGAGG,0.010602226413569747
AGGTCCATGAGAACGGTGTA,GAAGAGGTCCATGAGAACGGTGTATGGGCT,-0.5913361259361893
GTCTTCCTTATTGCGGTGAG,GGTGGTCTTCCTTATTGCGGTGAGTGGCAA,0.21398025526404438
GATGTACATGAGGTCAACGA,TGGAGATGTACATGAGGTCAACGATGGAGA,-0.36847101412942107
ATGCACGGAGTGCATCGTCC,TGGGATGCACGGAGTGCATCGTCCTGGCCG,-0.8845614031243362
GTTGAGACTTGTGTCGCCAC,CCTGGTTGAGACTTGTGTCGCCACAGGCCA,0.12410275089726987
GTTCAGCGCAGGAGTGACTA,GTGGGTTCAGCGCAGGAGTGACTACGGTGT,0.43377987328959106
AGTTACTATGATACGGCCAT,CCACAGTTACTATGATACGGCCATAGGATA,-0.1283556318054282
GTGTGATGCCCTGCGATACT,CTGTGTGTGATGCCCTGCGATACTCGGCCA,-0.11266851220560509
AAGCTCAGCCTCGTTAAACG,CAAAAAGCTCAGCCTCGTTAAACGTGGTGC,0.6150382028721484
GGCGCAACTCTATATTTCTC,GTGTGGCGCAACTCTATATTTCTCTGGCAC,-0.4869108235435851
CCTCATACTAGTATGTTGTC,CTGCCCTCATACTAGTATGTTGTCTGGACT,-0.06266288984023127
GGTTAACCAAAGCTCCCCCA,CCATGGTTAACCAAAGCTCCCCCATGGGCT,0.016035276202884675
CCATCGTCCGAGCTATACTG,GGTGCCATCGTCCGAGCTATACTGAGGATG,0.4223080009421703
TGGAAGATATTACCTTATAT,TATTTGGAAGATATTACCTTATATCGGCAC,-0.2627304844309248
GGGAAGCGTATACGTATACA,ATTGGGGAAGCGTATACGTATACAAGGCAG,-0.38560221452733534
AATCGATGGCTTGATCCAGA,GGATAATCGATGGCTTGATCCAGATGGTGG,0.26637373104533685
GCGTACCTCCTGACCCTCGT,GATCGCGTACCTCCTGACCCTCGTAGGCAA,-0.32055012210171
CTACTGTGCCTCCCGTATTG,TTCCCTACTGTGCCTCCCGTATTGTGGATC,-0.28869171944675415
AGTTCTACGAATCCGTTCAG,CTGCAGTTCTACGAATCCGTTCAGTGGAGG,0.3159906426898239
CCACCGTGGCAAGGTACACG,CCCACCACCGTGGCAAGGTACACGGGGAGA,-0.028459728340929434
AATTATGTGAGACGTGCAAG,CTACAATTATGTGAGACGTGCAAGCGGAGA,0.2077562960156889
AATGCTTGGAACGAAGATCA,GGTAAATGCTTGGAACGAAGATCATGGAAA,-1.0
TCATGCTCCGAAGCCACTCA,CTAGTCATGCTCCGAAGCCACTCACGGGAG,0.010184555966230305
GTTCTACTTTGCGAGCATGA,TGTTGTTCTACTTTGCGAGCATGATGGGAA,-0.006140295529910519
ATTATGACCCTAACGAACAG,GGAAATTATGACCCTAACGAACAGTGGCCT,0.3203819391320023
GCTATCAGACAGCGTGCTGC,CCTCGCTATCAGACAGCGTGCTGCCGGTAG,0.111057835421873
TCCATCCTACAGCTCGCTCT,GGCCTCCATCCTACAGCTCGCTCTTGGATG,0.30038219032247615
ATGGTTCACAATTTTCCTTA,GGTAATGGTTCACAATTTTCCTTACGGCAG,-0.32954331565865597
CAGTCATCCTCTGTCGTATA,TATGCAGTCATCCTCTGTCGTATAAGGGAG,0.15445081880546255
CTCATCGTGGTGGCCAACAG,AGGTCTCATCGTGGTGGCCAACAGCGGTAT,0.09674921194224068
GTTGTTGTGACAGCCAACAG,TGGTGTTGTTGTGACAGCCAACAGTGGTAC,0.07947928511030461
ATCATGAACCAGCGAATGTG,GGCCATCATGAACCAGCGAATGTGTGGTCT,-0.2920921277692013
ATCAGGTTCCCTCCTGGCAA,TGGAATCAGGTTCCCTCCTGGCAATGGCAT,-0.24651639290844918
CTCTACTGCTACCCATATTG,TTCACTCTACTGCTACCCATATTGTGGTTC,-0.2761768084924854
CAGAATGCCAGACTCGAGAA,CAAGCAGAATGCCAGACTCGAGAAAGGAAA,0.41508098888265377
TTGTGGTCAATGTCACTCCG,GGCATTGTGGTCAATGTCACTCCGAGGTCT,0.7870189371656627
TTGGACTATCTGCCCTGACC,AAGATTGGACTATCTGCCCTGACCAGGGGG,-0.03815647504163134
GCTACATACTTCATCCTAAT,CAGTGCTACATACTTCATCCTAATAGGCCT,-0.37253186783350806
TTCCCGAGAGATTAGCTTTG,TTGATTCCCGAGAGATTAGCTTTGAGGCCT,0.031032065212352647
TTTCCAACCTTCTTGTTGAC,TAAATTTCCAACCTTCTTGTTGACCGGCAT,-0.4795968853428792
CTGCCACCCTCTGAGGTATT,CCATCTGCCACCCTCTGAGGTATTCGGTCA,-0.11426112950256374
CGTTCGTAGAATCAGCTCTG,TCAACGTTCGTAGAATCAGCTCTGAGGCCT,0.3738404489759552
TGCTCGCCATGTCCATTGAT,GTCTTGCTCGCCATGTCCATTGATCGGGCA,-0.1248620562376044
TTCTTGTCATCATTACTAAG,ATCTTTCTTGTCATCATTACTAAGCGGAGA,0.4105238743936051
ATTGAATCGGATGTCTGAAC,AACTATTGAATCGGATGTCTGAACAGGCTA,0.007561189246140689
CTCATTCCAGGCAATTGAAT,TTCACTCATTCCAGGCAATTGAATCGGGTA,-0.5384721150619511
CCATGACGGCCAGCATTGAG,ATGTCCATGACGGCCAGCATTGAGAGGAAG,0.4399243440899446
GTTTTCCATTCTAATGTCGA,ATGGGTTTTCCATTCTAATGTCGACGGTGG,-0.1937174075688816
TTCTCAAGATGCCCGCTCCA,TCCTTTCTCAAGATGCCCGCTCCAAGGCCC,0.1541214901914188
CCTCTATACTTCTTATATTG,ATTCCCTCTATACTTCTTATATTGCGGTTG,-0.7843212690909943
AACTGGGTGTCGTTAGCTAT,ATGGAACTGGGTGTCGTTAGCTATAGGCAT,-0.3288237403545671
GCTCGCGAAATCACATTCCC,AGGGGCTCGCGAAATCACATTCCCAGGATG,0.1728622889578928
CAACCCACTACGTCATAGCA,TCTGCAACCCACTACGTCATAGCATGGTGC,-0.951536136559397
GGATGCTAGAGTGTCGGAGT,GTCAGGATGCTAGAGTGTCGGAGTGGGAAG,0.04396387937280507
CCGTGGTCTTTGTTATAGCC,AGGGCCGTGGTCTTTGTTATAGCCCGGAAT,-0.8078652112607986
ACGTGTTGCAGGCTTTCCAT,GCACACGTGTTGCAGGCTTTCCATCGGCCC,-0.0013654001518522735
GTCCACCGTGAGAAATCCCG,AATGGTCCACCGTGAGAAATCCCGGGGTCC,0.5627592210362022
GATTGTCGGAAAGTCCTAAG,TCTGGATTGTCGGAAAGTCCTAAGAGGAGA,0.8159303863773323
CAATGCAGCCACCGTTTTGG,ACCGCAATGCAGCCACCGTTTTGGGGGCTA,-0.127116269258497
TGCTGATCCGCATGGATGCC,GCGCTGCTGATCCGCATGGATGCCCGGCTC,-0.7469120331639871
ATTAATTGTTGTGTCAGTGC,ACTCATTAATTGTTGTGTCAGTGCAGGATA,0.3592431348048872
GATATTAGTCGACATCTGCG,ATACGATATTAGTCGACATCTGCGGGGTTG,0.801988694736984
GGGCTGGTTGTACCGATCAT,TTTAGGGCTGGTTGTACCGATCATTGGGGA,-0.45025247883111297
GCGCCATCTTTACATATGTA,GGCAGCGCCATCTTTACATATGTACGGCCC,-0.09768321686045887
ACTAGAAAGCCTCCCCTCTA,GAAGACTAGAAAGCCTCCCCTCTACGGCGC,-1.0
CTTGGCCGTTGTGACTCTCA,TCCTCTTGGCCGTTGTGACTCTCATGGTTA,-0.7095250814093086
GTGGGTCATCTGTCAATCCT,AACTGTGGGTCATCTGTCAATCCTAGGAGA,0.017430645951007497
ACGAGCCATCGTCATGATTC,ACACACGAGCCATCGTCATGATTCAGGTAG,-0.5542331955604956
TGGGTTTGGACCACCGACTA,GTGGTGGGTTTGGACCACCGACTACGGAGA,-0.4874768361901913
GATGCTTGTCGTCATCCTCA,CCAAGATGCTTGTCGTCATCCTCACGGGGG,0.3437210581776012
ATGTACCTAGTCACTTTCAC,CTCCATGTACCTAGTCACTTTCACCGGGAA,-0.0039839352035421416
CAATTTGCTCCTGACCATGA,TGGACAATTTGCTCCTGACCATGACGGCCT,-0.35704319572238424
CGAGGCCACGGAGATTTTCT,TCACCGAGGCCACGGAGATTTTCTGGGAAG,-0.6071996301531458
GTCTACGCCATCGGACTCAT,TGTGGTCTACGCCATCGGACTCATTGGCTC,-0.13256629355132482
CATGCGGGTAGTATGGACTG,CTGACATGCGGGTAGTATGGACTGTGGCCC,-0.14729445688867498
TTCGCATATGATAGCAGTCA,GCGCTTCGCATATGATAGCAGTCACGGTTT,-0.03714166697521176
ACACAGTAATCATGTCACGA,CTATACACAGTAATCATGTCACGAAGGGTA,0.32077067937367854
TGTCTGCCGACCCCAACATC,GGGCTGTCTGCCGACCCCAACATCCGGGCT,-0.08099233287582634
AACGCTGCTGTCAACTATTC,GTGAAACGCTGCTGTCAACTATTCAGGAAT,-0.7550150169177064
GGTCTTGATGATGAGCAGAT,AAATGGTCTTGATGATGAGCAGATAGGAAA,-1.0
ATCAGTCTTCGGAGAAGAAT,TCAGATCAGTCTTCGGAGAAGAATCGGGTA,-0.08591308449387798
AAGGAATTACACCGTAGTGA,CTGAAAGGAATTACACCGTAGTGACGGAGT,-1.0
CGTTTTCCCTAAAGATAAGC,TGTTCGTTTTCCCTAAAGATAAGCTGGTGG,-1.0
CTGATTCACTACTATGCCAG,CTTCCTGATTCACTACTATGCCAGTGGCGA,0.047462542535195815
GCGCGAGTGCTTCTGGCGTG,AGAGGCGCGAGTGCTTCTGGCGTGTGGTGC,0.5726752260472922
CGTCTCGTAGTCCCAGAGGG,TGGGCGTCTCGTAGTCCCAGAGGGCGGACC,-1.0
CACCTATGAGACCACCAAGT,TCTTCACCTATGAGACCACCAAGTCGGTGG,-1.0
CTGCGGATGAGCACGATGCG,GCGGCTGCGGATGAGCACGATGCGCGGCGT,0.0024091739765690593
TCTTGTAGTCGAACAGCGAC,TCGGTCTTGTAGTCGAACAGCGACAGGCAG,0.39627577741968084
GCACAACGCCACTCTCCACG,GAGGGCACAACGCCACTCTCCACGGGGCAC,0.8145688797574515
ACGCTCTGTTCCTCTGACCG,CAGGACGCTCTGTTCCTCTGACCGAGGTTG,0.09571329814267875
CTGTGGCCGGCTGTCCCCAA,GGTGCTGTGGCCGGCTGTCCCCAACGGGAC,-0.15633961752198908
CTGGAAGCGTAGGTACGATG,GAGACTGGAAGCGTAGGTACGATGTGGGCA,0.1840777827613004
GAACCCACTGAGTTTGTCGT,CCTGGAACCCACTGAGTTTGTCGTCGGCAG,0.12651282638083328
CCCTCGTTCTTACGTATGAC,ACACCCCTCGTTCTTACGTATGACCGGTAC,-0.44360338454677084
GTACTATCCGAGTGTCTCTG,AGCTGTACTATCCGAGTGTCTCTGGGGCAC,-0.20849743068636375
AGTCCCACCTTAAGTCAAGT,TTTAAGTCCCACCTTAAGTCAAGTCGGAAT,-0.07741014243941974
ACGCATTCCAGGTCTTGAGG,GTGGACGCATTCCAGGTCTTGAGGCGGCAC,0.19082193317675872
ACCCACTTCGGGCACTACGC,TGCCACCCACTTCGGGCACTACGCTGGGGC,-0.13734966679074176
ACATTGCACGCGACAGTTTC,CAGAACATTGCACGCGACAGTTTCAGGCAC,-0.21791914994671813
CGACGGGGGTTTTGTGCACT,ATACCGACGGGGGTTTTGTGCACTCGGACG,-0.45879664205451326
ACCGAGAAGTAAGTCCCAAA,ACTGACCGAGAAGTAAGTCCCAAATGGCAA,0.4435724374406697
CCGGGTCCGTCCGAAGCACA,CCACCCGGGTCCGTCCGAAGCACACGGTCA,-0.01300586854656167
CGGGTGAACGACGCTTCGTG,GGAGCGGGTGAACGACGCTTCGTGCGGCCC,0.26926610842772414
GGGCAGAACTACCCGCGTAG,CCCGGGGCAGAACTACCCGCGTAGCGGGTT,-0.5180483227877816
GTCCTGCTGGTCCGAGGAGT,ACCTGTCCTGCTGGTCCGAGGAGTCGGATA,0.29228539765224804
TCTCGGTACCGTGCCGGGAA,TCATTCTCGGTACCGTGCCGGGAAGGGCCG,0.4474498737683541
ATGCGCTGGCGGACCACTTC,TACGATGCGCTGGCGGACCACTTCCGGCAG,-0.4351976856913371
ATTGGGCACATTATAGCGTT,CTGAATTGGGCACATTATAGCGTTTGGCAT,-0.6232013046379178
CGTATTTCTCCAGCTCCGTA,TGCTCGTATTTCTCCAGCTCCGTATGGTAG,0.23061452562825022
ATAACCGACGGAGCCCGGGC,CAGAATAACCGACGGAGCCCGGGCAGGGAC,0.29530423840306047
CCCCATAGATGATTATGCAT,GCGACCCCATAGATGATTATGCATTGGTAC,-0.004563216697205868
TGCCGCCGCCGATGCGACTT,CTGCTGCCGCCGCCGATGCGACTTTGGCTG,-0.6754254019049505
GGTGCGGTCTATGAGGCGCC,CGTTGGTGCGGTCTATGAGGCGCCGGGAGA,0.18692793229874988
GACTTCCCATCCGGCGTTCC,TGGGGACTTCCCATCCGGCGTTCCTGGTCT,-0.2999359919855606
CAGCTCCGGTGGTGTGGGAA,GGTTCAGCTCCGGTGGTGTGGGAACGGATG,0.051556046194180756
GCCTCTAGACTCATGCCCGT,ATGCGCCTCTAGACTCATGCCCGTTGGACT,0.22837361309097673
CCTGCGTCTTTTCGTCGGAG,TGGTCCTGCGTCTTTTCGTCGGAGGGGTCC,0.35718810479375546
CTCTGCCTACGAGTCCTGTA,ATTCCTCTGCCTACGAGTCCTGTATGGCTG,0.20802041709658092
CCCCATGATCTCGTGGGTCG,TGGGCCCCATGATCTCGTGGGTCGTGGCCT,-0.508273199807464
ATATATTCTACGTAAGTTCC,TCCAATATATTCTACGTAAGTTCCCGGAAA,-0.5705168382997781
GTGCAGGTCGTTGCAGGGCG,TGGCGTGCAGGTCGTTGCAGGGCGCGGCGC,-1.0
CGACGTCACCTACACGCCCG,GCCGCGACGTCACCTACACGCCCGTGGCCG,0.2573346608196323
AATGCCAGGCGGAAGGCCGT,GAGGAATGCCAGGCGGAAGGCCGTGGGAGC,0.10133137412123325
TCACGGAAGGTGCGTCCGAG,GGCATCACGGAAGGTGCGTCCGAGTGGCAC,-0.06021214494489417
ATGCGTGACAGACACGGGCA,CAGCATGCGTGACAGACACGGGCATGGTGA,0.312933753068313
GCGTGGAGCCGCGATAACCC,GCAGGCGTGGAGCCGCGATAACCCCGGCTT,0.20208961660560654
ACTGTAGGCGGGGTTGTCCC,GACCACTGTAGGCGGGGTTGTCCCAGGCTC,0.1422278907217497
GGCGATCACAATGTTCGCAC,AACCGGCGATCACAATGTTCGCACTGGTGC,-1.0
CTCGGAGATCGGGCGGGTGC,GGGCCTCGGAGATCGGGCGGGTGCAGGCTC,-0.4062007915992775
TGAAGTGCGAGGTATGATAG,TGCTTGAAGTGCGAGGTATGATAGGGGCTC,0.350475587174053
ATACCAGGGCGTCCGTGTGA,GGCCATACCAGGGCGTCCGTGTGAAGGAGC,0.2290500385655079
TAACGGGCTCTCTAGATCGC,CAGATAACGGGCTCTCTAGATCGCCGGCCT,-0.14127371677329567
GCTTCATGCGGATCGTACGA,TCCAGCTTCATGCGGATCGTACGACGGAAG,0.16764667508959014
ATTCAGCTGGTCGATATCAC,CTGGATTCAGCTGGTCGATATCACTGGAGA,0.12041340834669588
GTACAGCGAGTCGTCGCCGT,TGGGGTACAGCGAGTCGTCGCCGTCGGCCG,-0.005508142967551568
CAGCAGCGATGAGAGCGAGC,ACGCCAGCAGCGATGAGAGCGAGCCGGATG,0.015437918447336312
CGCAGCCACAAGTTCGTGCC,CAAGCGCAGCCACAAGTTCGTGCCTGGTGC,0.24141927494521312
GCGTGCCTCCTCACTGGCGG,GGCTGCGTGCCTCCTCACTGGCGGCGGTAC,-1.0
AGTTCGTCACGTTGTGCAGC,AGGAAGTTCGTCACGTTGTGCAGCCGGCGC,-1.0
GGCCATCCCAATGACAATCT,CCAGGGCCATCCCAATGACAATCTTGGCAG,-0.02571192193580813
CAACTTCTTATAGCGGGTGA,TGCGCAACTTCTTATAGCGGGTGAGGGCAG,-0.34735457006565157
CAATGGATTCTCGACTTCAA,ACATCAATGGATTCTCGACTTCAAAGGATA,-0.4760039025221022
CAATCGGGAAGAGAGTGTAT,TAAACAATCGGGAAGAGAGTGTATCGGAAC,-0.4444178525633746
TGCACTCCGCCGAAAGCCTC,GCGCTGCACTCCGCCGAAAGCCTCCGGCGG,-0.12342116705358848
GTGTTCTGGCAGCGGTAGAA,GGTGGTGTTCTGGCAGCGGTAGAACGGCGA,0.17164764150231548
GTGGCCCACGGCCAAGAAGT,ACGAGTGGCCCACGGCCAAGAAGTAGGTGA,-0.18812613817615867
GCGGGCGAAGCGCCCGACGG,CAGCGCGGGCGAAGCGCCCGACGGCGGCAC,-0.587701952785335
CACCCCGGCCGAGAACATGA,CCAGCACCCCGGCCGAGAACATGACGGAGC,-0.12967963186495224
GGCGCCCGAGCGTTCCGCCG,TGTGGGCGCCCGAGCGTTCCGCCGAGGCGC,-0.20561924987891286
GGACGAATTGACCCCGGGAG,AGGCGGACGAATTGACCCCGGGAGTGGACA,-0.10976368841032577
GACTCCAATACACCGCTCAA,TTGTGACTCCAATACACCGCTCAATGGCCA,0.4617534048978923
GGGACCGCCCGGATCGCACC,GATGGGGACCGCCCGGATCGCACCCGGCCT,0.05157853505776263
TGGGGGCGTCGCTCCACGTC,GGGCTGGGGGCGTCGCTCCACGTCTGGGGT,-0.424707569688401
CAGTACACATGTACCGGGCC,CAGCCAGTACACATGTACCGGGCCCGGAGC,-0.2763132708882976
AGCAGTTCATCGCTCTGTAC,CGGGAGCAGTTCATCGCTCTGTACCGGCTG,-0.2214741317436227
GTCGCTCTTGCTCCAAGAGA,TGTTGTCGCTCTTGCTCCAAGAGATGGCAA,-0.37600848453113445
ACGGTAAGGATATAACCTCC,ACGTACGGTAAGGATATAACCTCCCGGGGC,-0.5187280999825908
CAGCGCCGGGCATCAGATGA,CTATCAGCGCCGGGCATCAGATGATGGCAA,0.1945702457205402
CTAACTACGGTGCCCTCCTC,GAGGCTAACTACGGTGCCCTCCTCCGGGAG,-0.31225580513035267
TCGCTCCGGGTGGAGCGCGC,GGCCTCGCTCCGGGTGGAGCGCGCCGGCGG,-0.665256777485103
GCGAAAGCCTTCCCACACAG,GTCTGCGAAAGCCTTCCCACACAGGGGCAG,0.3598545880321085
CAACAGGTAAAGGACTGACT,TGCTCAACAGGTAAAGGACTGACTCGGCTG,0.19727298616978675
TGTACCGCGTGCAGATCCGC,GGCGTGTACCGCGTGCAGATCCGCAGGATC,-0.2696874166606439
CCCAAACCGAATGGCAGCAT,TTGACCCAAACCGAATGGCAGCATCGGCAC,0.3255273809463581
CAATAAGGAGCGACTCTTTG,CCACCAATAAGGAGCGACTCTTTGCGGCTG,0.13822057558093132
TCCGCTGTGTGAAACGAGCG,CGGTTCCGCTGTGTGAAACGAGCGCGGGGC,0.49839059364223887
AGTCCGGCACCGAGCCCTGG,CCGTAGTCCGGCACCGAGCCCTGGCGGCTC,0.5153307049714578
TGTCGTGTAAACAAGAATTG,GATTTGTCGTGTAAACAAGAATTGTGGAAG,-0.1537832845534454
CTACCACTGCACGGCGCACA,AGGGCTACCACTGCACGGCGCACAAGGAGG,0.056260574396631804
TGCTGTACGTCCATGCCCTG,CCCTTGCTGTACGTCCATGCCCTGCGGGAC,0.29141043304557523
CGCTGGCCCTACGGCTCGGA,CAGGCGCTGGCCCTACGGCTCGGACGGCTG,0.04583240701925992
CGTGCCCTTCTCCAATGCGA,TCTACGTGCCCTTCTCCAATGCGACGGGTG,-0.04605149160443903
CTGGTTGACGGCAGTTCGGA,TGGCCTGGTTGACGGCAGTTCGGACGGCGC,0.14092684188778104
GCGGCTGCGGACTCGTTCTC,GGCGGCGGCTGCGGACTCGTTCTCAGGCGG,-0.07596185670607027
CTCCGAGGCCGACGCCATTG,CACCCTCCGAGGCCGACGCCATTGTGGAGT,-0.20803146196841396
TCCGATGCTGATGTAACCAG,CAAGTCCGATGCTGATGTAACCAGGGGTCC,0.224172621646888
AAGACTCCATATAGACGGTG,TGCAAAGACTCCATATAGACGGTGCGGTTG,0.3153310537845578
AGGGGTCCTAAAGGGTCGTT,ATCAAGGGGTCCTAAAGGGTCGTTCGGATC,-0.35717304361609037
CGCTCTTGCGGGCGGATTCC,GGCTCGCTCTTGCGGGCGGATTCCTGGTTC,-0.3640426369350068
TTATCGCCACAAATTTTGCA,GGACTTATCGCCACAAATTTTGCATGGTAT,-0.3866244167695984
CGTTACAGCGCTGGCTCCGG,GCCGCGTTACAGCGCTGGCTCCGGCGGAAG,-0.019092680654131618
GCCACAATATGACATTACGA,GGAAGCCACAATATGACATTACGATGGAAA,-0.18826041296515397
ACGTCCTCATTGATCAGCGG,CTTCACGTCCTCATTGATCAGCGGCGGTGC,-0.4978294394503869
GGCAAGCATTGGATTACTCA,GAATGGCAAGCATTGGATTACTCACGGTCG,0.013254596544379134
GGCTCGTGCTGGCATCTACG,CGGCGGCTCGTGCTGGCATCTACGGGGATA,0.5284790688601794
AAGAGTTCGCACCCTCGTTC,GAGAAAGAGTTCGCACCCTCGTTCTGGGAC,-0.14577375301788198
CGATGGAACAGCTCGTAAAT,AAACCGATGGAACAGCTCGTAAATTGGTTT,-0.2819833466996342
AATTTCACAGCGCTTGTTTA,CCAGAATTTCACAGCGCTTGTTTACGGGAT,-0.7619722204682904
GGTGGCTATCGTGGCTGCAT,TCATGGTGGCTATCGTGGCTGCATCGGCCA,0.018755775344773486
CGCTGAGCGTTGCTCGCTAC,ACAGCGCTGAGCGTTGCTCGCTACTGGGTG,-0.7941386968784004
CTATGGAGTGTACAGCTGCG,AGCACTATGGAGTGTACAGCTGCGAGGGGT,0.21695394381554373
ACGGGATGGGCGACAGCGGG,CGGGACGGGATGGGCGACAGCGGGCGGGGT,-0.5544826191590828
CACTTCATGAAGTTTCCCGC,TTCTCACTTCATGAAGTTTCCCGCAGGCTA,0.02342285611756273
GTGCAGCGCTACCGTGCTCA,TGCAGTGCAGCGCTACCGTGCTCAAGGAGC,0.2217275555139561
GTCTTCGCCCTCGCCCCCAT,TCTCGTCTTCGCCCTCGCCCCCATCGGCCA,-0.1453224351832917
GTGCATCGCCACCATTCATA,TCCAGTGCATCGCCACCATTCATAAGGAGC,-0.2515895502033826
TCAACTATGATATCATCGTC,TACGTCAACTATGATATCATCGTCCGGCAT,0.18803158035028264
CCACCACAATGGCGCAACAG,TTTTCCACCACAATGGCGCAACAGAGGATG,0.26247572420824217
CGACCGCATGTGGCTGGTGA,GTCGCGACCGCATGTGGCTGGTGATGGCCG,-0.4950290978523214
ATGACCTCGCTCACCGGCGC,GACGATGACCTCGCTCACCGGCGCCGGCCG,-0.294796521964836
CAACTTCCGTCGCTTTACTC,CTAACAACTTCCGTCGCTTTACTCCGGAGT,-0.6568175089194805
GGAATGTCGCCATAGAGCTT,ACGAGGAATGTCGCCATAGAGCTTGGGCAA,-0.3784658242184564
CAGTGCCGCGCCGACCACTA,CACCCAGTGCCGCGCCGACCACTAAGGCCA,-0.5541819943537077
TCAGGCTGTTCTCCCTCGGC,AACCTCAGGCTGTTCTCCCTCGGCGGGAGC,0.07006480533617221
CAAGACCGCGTGGAGTTCTC,GTTTCAAGACCGCGTGGAGTTCTCAGGGAA,-0.4374454335937743
ACGCAACAGTAACGTTAGTC,AGCGACGCAACAGTAACGTTAGTCAGGCCA,-0.19746334450095945
AGGAAATCTTTACCGCCCTC,TACAAGGAAATCTTTACCGCCCTCGGGCCT,-0.17868999770567812
AGTGCTTGCGCCCCTTCACC,CCTGAGTGCTTGCGCCCCTTCACCCGGGAG,-0.15356424370004712
ATTGACAGCGTAGATGTCGG,TGCCATTGACAGCGTAGATGTCGGTGGCCT,0.22518536009045942
TGACTGCCATCGGCCTTTGG,CCGATGACTGCCATCGGCCTTTGGTGGTTT,0.015676454798347637
AAACAGCTGCCCTTCATCTA,TGGCAAACAGCTGCCCTTCATCTATGGGGA,-0.026641019561654315
GGCCCGTCGAGCCCGTAGCG,ACGGGGCCCGTCGAGCCCGTAGCGTGGCCT,0.21490124818668022
GGGGGTTCCGTTCATCAATA,TGGTGGGGGTTCCGTTCATCAATAAGGACC,-0.6103495043866807
CACCGCTCCCTCGTTACCTG,ACAACACCGCTCCCTCGTTACCTGTGGCCC,0.031058882172597283
GGCGCCTGAGGGCCCGTCAC,GGTCGGCGCCTGAGGGCCCGTCACGGGCAG,-0.5300721924668959
TGGAATGCCCGAGATTCCTC,GAGGTGGAATGCCCGAGATTCCTCCGGATG,-1.0
CAGCGCGAACAGACGGGCGG,GCAGCAGCGCGAACAGACGGGCGGGGGCCA,0.1595373443872771
CGGTGGTCGCCCTCTCCTTG,GCGGCGGTGGTCGCCCTCTCCTTGAGGCGC,0.2168174300651579
GGGCGAGTCAGACTTCCTGC,GAGGGGGCGAGTCAGACTTCCTGCCGGTCT,0.21083852047490795
CATAATAACCTGTAGAATCG,TGGTCATAATAACCTGTAGAATCGAGGCCC,0.262489384509146
GCGGCGGAGAACGGAAGTCG,CCGGGCGGCGGAGAACGGAAGTCGTGGAGG,0.41200156635490237
TCCACGTGTCCCGGTCGGGG,CCCTTCCACGTGTCCCGGTCGGGGAGGTCT,-0.1639146498111961
CGTCAGAGATGGCCAGGACC,ATCCCGTCAGAGATGGCCAGGACCCGGTGC,-1.0
TTGGGCCAATACACCAGCCA,GGCGTTGGGCCAATACACCAGCCAAGGGAG,-0.1488339872094552
CGGGTCTTGAAGATCTCTGA,GCGGCGGGTCTTGAAGATCTCTGATGGGAT,-0.6537424634441485
ATTTTTTGGACCAGTTACCA,TCCGATTTTTTGGACCAGTTACCACGGTCC,-0.23986091303411747
AGGCGTGACAATCCCTTCAA,CAATAGGCGTGACAATCCCTTCAATGGTTC,-0.4636671650894513
GGTCCAAGATGTTGCAGACC,CTGAGGTCCAAGATGTTGCAGACCGGGTCA,0.2632481937654514
CTGTATTATAATGTGATCAT,GGGGCTGTATTATAATGTGATCATCGGGTG,-0.10373758904355325
CGAGCTCGACGTGGAAAATG,ATGGCGAGCTCGACGTGGAAAATGGGGATC,-0.144769978980898
CTTGTTGTCCCACTTCGGCC,GCGCCTTGTTGTCCCACTTCGGCCGGGAGC,0.031310003986232855
TCTGGCGCGGATGAACCCGC,TGCTTCTGGCGCGGATGAACCCGCAGGTGC,0.9355163028849579
TGTAGCGAGTTGGCCCACAG,GAACTGTAGCGAGTTGGCCCACAGCGGCCG,0.13677388732039816
CACGGAAGACATGAGTCCCA,CCACCACGGAAGACATGAGTCCCACGGAGC,-0.750533505129197
CTTGCAAACTCAGTAGCCCG,GGGTCTTGCAAACTCAGTAGCCCGCGGGCG,0.4723392344446475
AACTCTCGCACCGTCATGAA,TTACAACTCTCGCACCGTCATGAACGGCGC,-0.7729937209056595
CCCTATCGAGCGTACACCAA,CTTCCCCTATCGAGCGTACACCAATGGAGG,0.279783548778884
CATGAGCCGCGGCCATCCTG,GGTCCATGAGCCGCGGCCATCCTGGGGCGA,-0.30742404430495707
ATGTGATCTATGCCCGTCTC,CCTCATGTGATCTATGCCCGTCTCTGGAGG,-0.5515873856391694
GGTTAAATGGGGTTGGGCCC,TTCTGGTTAAATGGGGTTGGGCCCCGGTTC,-0.5483803379510426
AACTACCTCCGTATGTTCCG,GGGAAACTACCTCCGTATGTTCCGAGGTTC,0.31732739169584834
ACGCGACCGGGCCTGGGCCT,GGGAACGCGACCGGGCCTGGGCCTCGGAGC,-1.0
TCACTGCGAAACCTGCTCGA,CAGATCACTGCGAAACCTGCTCGACGGTGA,-0.1601878717529323
CGGCGTGCGAACGGAATGTG,TAATCGGCGTGCGAACGGAATGTGCGGAAG,-0.30399278891993486
CCGCAGCAAACTTCGGGGGG,GGGCCCGCAGCAAACTTCGGGGGGCGGCGG,-0.4844037260429476
TCGACTGTGTTGGAAGGCAT,TCGATCGACTGTGTTGGAAGGCATCGGAGA,0.09158959072553954
GCACCTCGCCCGACACGCTG,TACCGCACCTCGCCCGACACGCTGAGGCGC,0.1880848913756269
CAACCGTCGTATCCTGAACA,TCAGCAACCGTCGTATCCTGAACAAGGCTA,0.20499344381457005
GTCGCACTACAGCTCGGCGC,CCACGTCGCACTACAGCTCGGCGCAGGGCG,0.027332003607179974
TTCTGGGACGCATTTCGCCC,CCCGTTCTGGGACGCATTTCGCCCTGGCTC,-0.23653092786580138
ATGGCGGATGAGCCACTCAA,GGACATGGCGGATGAGCCACTCAATGGAAG,-0.5710686548826305
GGACATGCTTCATCCATCAT,CCATGGACATGCTTCATCCATCATCGGTGT,0.002481460630917312
AGCCAATGCCAGTAGCGCTC,CTGCAGCCAATGCCAGTAGCGCTCCGGCGG,0.06630853571372233
CGCAGAACGCCGCGTCCTTC,GCCACGCAGAACGCCGCGTCCTTCTGGCCC,-0.5943973860585999
CATTCGACTCTTGCAGGAAG,AGAACATTCGACTCTTGCAGGAAGCGGCTA,-0.02023652071232163
GGCCGTGCAAAAGGATATAT,CTGGGGCCGTGCAAAAGGATATATAGGCTC,-0.27060828753578653
TCTACCAGCCGCGCCGCAAG,GTCATCTACCAGCCGCGCCGCAAGCGGGCC,-0.03477700024575481
TAGATGGCGTGCAGTCCCGG,TCCGTAGATGGCGTGCAGTCCCGGGGGAAA,0.3063300840455676
CGTTGCAGTTCACTCTTCGT,CCTACGTTGCAGTTCACTCTTCGTTGGACA,-0.19514688246240022
CACACCACTACACCATCGAG,AAGGCACACCACTACACCATCGAGCGGGAG,0.28047186570794924
GGCATGCTGATTATCGTGCT,AGCAGGCATGCTGATTATCGTGCTAGGGAA,-0.42778897412075345
CTGTGCTACGCGAACGTGAA,GCAGCTGTGCTACGCGAACGTGAATGGGTC,0.032295819408937956
GTCCCGGGTAATTCTGTACA,CTGGGTCCCGGGTAATTCTGTACACGGCGT,0.12782889090163393
CAGCTTTTCGATCTTTTACA,CATACAGCTTTTCGATCTTTTACACGGGAG,-1.0
TAAATCTTGTTCGGATGCTC,CTCATAAATCTTGTTCGGATGCTCTGGCCA,-0.6398795717424964
GACGATGGCATTACCCGTCA,AGATGACGATGGCATTACCCGTCACGGCCA,0.40616394437746484
TAGCGAGGCGGTCAGGTTCA,CAGCTAGCGAGGCGGTCAGGTTCACGGCGT,-0.10267380968120651
CGACGCCGTTCAGCAGGACC,TTGGCGACGCCGTTCAGCAGGACCAGGTGC,-0.4234615064201703
CAAAAATGAAACGCTTCGCC,TGAGCAAAAATGAAACGCTTCGCCTGGCAA,-0.5090762312786419
AACAAGTCGGATCTGCTGCC,CAACAACAAGTCGGATCTGCTGCCCGGGCT,-0.012164891238961953
CGATAAACTCCTCATTATCT,CAGTCGATAAACTCCTCATTATCTTGGCAA,-0.5257548781599425
GAAAGATCTCTTCGGTTGAT,GGAAGAAAGATCTCTTCGGTTGATCGGATC,-0.46347457768919986
GTGAAGCGCGCTTTCATGCT,GGCAGTGAAGCGCGCTTTCATGCTTGGATT,0.49598812757330557
AGACATTTGTAGTGATGCTC,AAGCAGACATTTGTAGTGATGCTCCGGTGT,0.07641632885294537
GATGCGACTGTAACCACGCT,TTCAGATGCGACTGTAACCACGCTAGGAAA,-0.4748925618439958
TCGCGCCACAGAATCAGTAG,TTTGTCGCGCCACAGAATCAGTAGGGGCAC,0.10500309408953987
CCCCAGACGGAAGCTCATGT,GAATCCCCAGACGGAAGCTCATGTAGGTGC,-0.08267153172540263
ACATAATGCGGTCACCAGTG,ATCAACATAATGCGGTCACCAGTGGGGAGT,0.20575205693352858
AGAACACGCTTCGAAGCTTG,TGCGAGAACACGCTTCGAAGCTTGAGGTTG,0.5924209418394595
GATCACGACCTTCGATCGCC,AGAAGATCACGACCTTCGATCGCCCGGCCT,-0.31991600412170257
CTATTGCTACCAGGCGTAAA,CCTGCTATTGCTACCAGGCGTAAAAGGAGT,-0.08891761224938663
GTGGCCCAACGGCAGTTCCC,CCATGTGGCCCAACGGCAGTTCCCTGGGGC,-0.21655619329113115
GCGGCCATGCGTTGTTGCTG,TATAGCGGCCATGCGTTGTTGCTGGGGATT,-0.028033359342190603
CGGGGCGCCTATGCCTCCTT,TGAGCGGGGCGCCTATGCCTCCTTCGGGAG,-1.0
CCACAGGCGGTCCGGGTGGT,AGGCCCACAGGCGGTCCGGGTGGTCGGTGA,-0.1058208153781196
TAGCCATATTCACCATCCAC,TCAGTAGCCATATTCACCATCCACCGGATC,0.10795492475474067
GCTGCGCAGCCACTACCGCG,CCCTGCTGCGCAGCCACTACCGCGAGGTGC,0.1309071828651933
GGTCGTAGCCAAATCCAAAA,CACTGGTCGTAGCCAAATCCAAAAAGGTTC,-0.052665579673043764
CTCATGCGGCCGAACCAGCT,ATGTCTCATGCGGCCGAACCAGCTCGGGAT,0.15844565424009355
GCGGTAGCAGTGAGTCGTCC,GCCAGCGGTAGCAGTGAGTCGTCCAGGAGC,-0.18522544396883897
CGGCCTGTTGCTGGTACTGT,TAGCCGGCCTGTTGCTGGTACTGTTGGTAC,0.04109669632807446
AGCCTGGCTCGGCAAGTAGA,GTTCAGCCTGGCTCGGCAAGTAGATGGCGA,-0.02013268849447105
CATACAAACGGCCTATCTCG,TGCACATACAAACGGCCTATCTCGAGGAAT,-0.4646889567299761
CCCACCGCACGTTCAGAAGT,CGATCCCACCGCACGTTCAGAAGTCGGGTG,-0.5175049546664038
TGGTTCTAGATGACTCGAAG,ACAGTGGTTCTAGATGACTCGAAGCGGGTG,-0.2635958988317098
ACGAGAGAGAGATCGGCTTC,TTGAACGAGAGAGAGATCGGCTTCGGGACC,0.04031752082466472
GTTGGTCGCCACATGGGCTT,GGGCGTTGGTCGCCACATGGGCTTCGGTGA,-0.2528092055644741
CGGGCGGGGTGCGCACGATA,GGCCCGGGCGGGGTGCGCACGATACGGTCG,0.1419970818843121
CACGCAGAGCCCATTAGCTT,GGGTCACGCAGAGCCCATTAGCTTCGGCAT,0.30138582887720544
CCCCGACGGCGCCAGCTACC,GGGGCCCCGACGGCGCCAGCTACCTGGGAG,-1.0
TTTTCAGCGCCACAAGCTTC,TTCGTTTTCAGCGCCACAAGCTTCCGGACT,-0.5725681632532647
TCGTGGTTCAATCCTCCCCG,CGCCTCGTGGTTCAATCCTCCCCGCGGAAG,0.35221763432247577
ACAACGGGGACAGAACGCCC,TGGAACAACGGGGACAGAACGCCCCGGCCG,0.5140101885315889
ACCGCCTCGAGCGCTCGAGC,CCCGACCGCCTCGAGCGCTCGAGCAGGGCG,-0.24861693882282984
CCGCAACACCGAGTGCGCGC,GCCGCCGCAACACCGAGTGCGCGCCGGGCC,-0.1908792570115565
GCATTCGCACACGCGGTTGT,CCTTGCATTCGCACACGCGGTTGTGGGTGC,-0.16882062955860241
CGCGGACCTGGACAAGTGCA,GGAGCGCGGACCTGGACAAGTGCATGGACT,-0.2399953202776285
AGAACTTGCCTTGCTCCTTG,TCATAGAACTTGCCTTGCTCCTTGCGGCAG,0.4429403416193606
ACCGTGTACTCGAGGCCTCT,TTCCACCGTGTACTCGAGGCCTCTCGGAAG,0.026984731588132364
GTTTCGGGCCCTGTGCGGCC,GCGCGTTTCGGGCCCTGTGCGGCCTGGCGC,0.17347821319105589
CCTCGTGAAGATCGCGTCCA,TCAACCTCGTGAAGATCGCGTCCACGGCCT,0.47595186811579815
ATATACCCCTCAGGGGTTAT,GGGAATATACCCCTCAGGGGTTATTGGACT,-1.0
GGCATTTACACCCTACGCCC,AGGTGGCATTTACACCCTACGCCCCGGAGC,0.09671029134382018
AGTGCATTCTCGGTCAGTCA,GGCAAGTGCATTCTCGGTCAGTCAAGGCAG,-0.5904028598712895
CTTACAGCCACAGCGGGTGT,CTGGCTTACAGCCACAGCGGGTGTCGGCCA,-0.2669060073070754
ACACCTACCCCAGCAACGAC,GGGGACACCTACCCCAGCAACGACCGGTGC,0.4148798683845063
GCAATCACGCCGGCACCAGG,CGGGGCAATCACGCCGGCACCAGGTGGACA,0.11314244003194576
GGAAGGCTCGTAGCGCCCCC,TGTGGGAAGGCTCGTAGCGCCCCCAGGAAC,-0.4569334945318308
AAGTAACCTTGTTATCATGC,AGCCAAGTAACCTTGTTATCATGCCGGACT,-0.24234993541414263
TCGACGCTAGGATCTGACTG,GGGCTCGACGCTAGGATCTGACTGCGGCTC,0.09179201850819456
CGAGGCGGAAGACCGCGCGC,CGGACGAGGCGGAAGACCGCGCGCAGGGCC,0.29336451754125614
GATCAGCAATCCGAGATCGA,TGCTGATCAGCAATCCGAGATCGATGGCCT,-0.08440883293967227
GCGGACAGAGATGGCGGAGT,GGGAGCGGACAGAGATGGCGGAGTCGGAGC,0.17785181020367352
AACGGCGACGAGCCGCTGAC,GGCGAACGGCGACGAGCCGCTGACCGGCGA,-0.14378938165262425
TGGCCGCAGTCGAGCATCAT,GTTATGGCCGCAGTCGAGCATCATGGGCTC,-0.05966619124449391
GCGGCCACCCCCCCGTCGTC,GGCCGCGGCCACCCCCCCGTCGTCGGGCCC,-0.44164670766169506
GGCGGCCCTGTACCCGAGCA,TGATGGCGGCCCTGTACCCGAGCACGGACC,-0.2417326087473989
GCCGCGGTCATTGAACATGA,TGGTGCCGCGGTCATTGAACATGAAGGCCG,0.2626178137524551
CTATGAGACTATTGTCATCT,TCTTCTATGAGACTATTGTCATCTCGGTAA,-0.10462704150746435
ATTGCTCTATGCCATACGCA,ATGCATTGCTCTATGCCATACGCAAGGAAG,-0.06369023683467474
CACGGAGAACTGTCTGCCGC,TTCTCACGGAGAACTGTCTGCCGCCGGTGA,0.13758426222122813
CTTGAGCGAGCCCCGCTTGA,AGCTCTTGAGCGAGCCCCGCTTGAAGGAGC,0.6558262594729497
GCTGTTGCTGCGCCGGAGAT,GGCTGCTGTTGCTGCGCCGGAGATTGGAGA,-0.02416675533011234
CGAGGAAAGATATGCACCAT,GTCTCGAGGAAAGATATGCACCATAGGTAT,-0.4557295595481731
GGCATCGGTGGGCTTCTCCG,CGTAGGCATCGGTGGGCTTCTCCGTGGTGT,0.7218335768343467
TGTACGGGTGCCGAGCGGAG,AGTTTGTACGGGTGCCGAGCGGAGTGGCCC,0.20394066290686994
TGTTACTGTGGCCGACTGAT,AAGGTGTTACTGTGGCCGACTGATTGGAGA,0.2586288067165895
TGACTCCATAAGCATCCGTT,TTTATGACTCCATAAGCATCCGTTGGGCTC,0.31423515097024896
TGACTCGGAGGAGGCTTTCC,AGGGTGACTCGGAGGAGGCTTTCCCGGTGG,-0.057056074175900806
TTATCTGAGGGGCGAATTTC,ACTCTTATCTGAGGGGCGAATTTCCGGTCC,-0.48469817294122575
GTCCCCCTGCCGCCGCTCGA,CGATGTCCCCCTGCCGCCGCTCGATGGCGA,-0.24188768477173314
GTGGACTCCAGCAGATCGAT,TAGGGTGGACTCCAGCAGATCGATGGGGTT,-0.27430693649478977
TACCGCCCCCTTAAGTTTCG,CGTCTACCGCCCCCTTAAGTTTCGTGGTGG,-0.045599079176928216
GCCCGTACCGCTTCCACTTG,GGCCGCCCGTACCGCTTCCACTTGAGGCTC,0.31698991808453236
CGAGATAGACTTCCGCCACG,TGGACGAGATAGACTTCCGCCACGTGGCCT,0.13529446671345283
GTGGCCTCAACAATCGCATC,GAATGTGGCCTCAACAATCGCATCCGGATG,-1.0
TGCGTACTGGGCGGTAAGCT,AGTCTGCGTACTGGGCGGTAAGCTGGGGAT,0.2548712988306866
GTTCTCATCGCGTACCACGA,TGCTGTTCTCATCGCGTACCACGAAGGTGT,0.5151586785721989
CTTCTCCGGAACCTGATTGA,CTGCCTTCTCCGGAACCTGATTGACGGGGT,-0.3340141360834909
GGGCGCTGCACGGTGTCCAG,CTTGGGGCGCTGCACGGTGTCCAGCGGCCG,-0.08121346886980645
CACACAGCGTTTGAGCCGGC,TGTCCACACAGCGTTTGAGCCGGCAGGCCT,-0.5061383445132531
GAACTCGCGCGAGCCCTCCC,CGGTGAACTCGCGCGAGCCCTCCCAGGTCA,0.5161705376035126
TGCAGCTGCGGCTTACATTG,TCGGTGCAGCTGCGGCTTACATTGCGGCCT,0.2983541543992705
ACGGTCTCTCCCACATTGGC,CGTGACGGTCTCTCCCACATTGGCAGGCCG,-0.4227635921416024
TAATCTTCTGCTGTACACTG,GGTGTAATCTTCTGCTGTACACTGCGGCTA,0.2210577784045451
CTGCTCGTAACCTTCGAAGT,AGTCCTGCTCGTAACCTTCGAAGTCGGACG,0.056081689401690525
ATCACGAGTTCACGATACCG,TGACATCACGAGTTCACGATACCGTGGGCT,0.27485866009737
TCGCGGTTCACCTCGCAGCT,ACACTCGCGGTTCACCTCGCAGCTCGGAGT,0.4197090032712065
GCGCGACTCCTTTTCTTTAG,TGAGGCGCGACTCCTTTTCTTTAGAGGTTT,-0.5322741107859108
CCTATGGATCGATGCTCACC,TGTACCTATGGATCGATGCTCACCAGGCAA,-0.11790162345207884
CGGAGCGTGTGCTGAGACGC,GGAGCGGAGCGTGTGCTGAGACGCCGGCTC,-0.545711476924891
TGTCTAGGTCCTGCGTGACG,TCTGTGTCTAGGTCCTGCGTGACGTGGATC,0.1417844121122384
GACCATCCACCGCTACCTGT,TCATGACCATCCACCGCTACCTGTCGGTAG,-0.04383240448540564
GGCGGCTTTAGAGCAACCCG,AGGCGGCGGCTTTAGAGCAACCCGCGGAGC,-0.06150700477028596
ATTCGACTTGCGTACTCAAA,CAATATTCGACTTGCGTACTCAAATGGAAA,-1.0
TCTTGAGGTACCGAGCCTTG,ATGTTCTTGAGGTACCGAGCCTTGCGGTCC,0.145397811424501
AAGTAGACGTATACCAGACA,AGTGAAGTAGACGTATACCAGACAGGGCTA,0.2634239689141306
AGAAAAGTCTATGGCTACGT,CCTGAGAAAAGTCTATGGCTACGTCGGCGA,-1.0
GTCCGTTACCCAGAATATCA,AAGCGTCCGTTACCCAGAATATCACGGTGG,0.1545000833246301
ATCTCGGTTTCGCTTGCTTG,AGGGATCTCGGTTTCGCTTGCTTGCGGCGA,-0.4507811851212909
TTTACCGTGCAGGAGCGACG,TGGCTTTACCGTGCAGGAGCGACGCGGCCA,-1.0
GAATACGGTTGCTCTTGTTA,CTTTGAATACGGTTGCTCTTGTTACGGATA,-0.16874809106510016
GGAAAGCGGTGACACGCCAA,AGGTGGAAAGCGGTGACACGCCAAAGGACC,0.3816009852951126
GACTCAATATCTATCGCTTG,CTCAGACTCAATATCTATCGCTTGAGGATT,-1.0
TTGCCTAATGATGTTTTCCA,AGAATTGCCTAATGATGTTTTCCACGGAGC,-1.0
TACGACAACAGACTTCGGCC,TGGCTACGACAACAGACTTCGGCCCGGGCT,-1.0
TTGAGAAGCGCCGACGAGAC,ATAATTGAGAAGCGCCGACGAGACCGGATC,0.1315925208947907
AAGCAGAAACTACCCGTTGC,ATTTAAGCAGAAACTACCCGTTGCAGGAGA,-1.0
ATCGGAGAAATCCCTTACGC,TGAGATCGGAGAAATCCCTTACGCTGGCGG,0.40466687274908175
CCTCAGTCGGGAATGCACAT,AACGCCTCAGTCGGGAATGCACATCGGCAA,-1.0
GGCGTCGATGCGGAAATTTT,GCAGGGCGTCGATGCGGAAATTTTTGGATT,-1.0
CAACATTCCCTATAATGGTC,ATGACAACATTCCCTATAATGGTCAGGCAG,-1.0
ACTGGTGGTGGGTAACACAC,TAGAACTGGTGGTGGGTAACACACAGGCCA,1.073668280086269
CAATTGATGGATAGCGAAGA,GTGACAATTGATGGATAGCGAAGAGGGTGA,-1.0
GGTGTGATTCCCGTCCTTCA,GAGCGGTGTGATTCCCGTCCTTCAGGGAAT,-1.0
ATAATATGTATGAGCCCAAC,GTAAATAATATGTATGAGCCCAACCGGGAC,-1.0
GTTCGAGGTGAACCATTAAT,GGGTGTTCGAGGTGAACCATTAATGGGTAT,0.05343489328867165
CGTTAATCAGGCGGTCATAG,GGCTCGTTAATCAGGCGGTCATAGAGGTTC,-1.0
