sgRNA Sequence,sgRNA Context Sequence,Target Gene Symbol,Target Cut %,scaled_lfc
AAATAATACCAACAACTGGA,TCAGAAATAATACCAACAACTGGAGGGAGA,ANPEP,76.4,0.9471852378278822
AAATTTCTGGCTGCAAGTGC,ATCCAAATTTCTGGCTGCAAGTGCAGGAGT,CD33,6.7,-0.6618669780510592
AACAGCTCACTGATCTGGGC,GTCAAACAGCTCACTGATCTGGGCCGGCGT,ANPEP,48.1,0.7866620094424882
AACAGCTTGAGGTTTCAGTG,CCTGAACAGCTTGAGGTTTCAGTGGGGCCA,CD33,87.6,-0.8607105973656343
AACCGCTGGACCCTGCAGAT,CATGAACCGCTGGACCCTGCAGATGGGCTT,ANPEP,56.4,-0.4364011597848034
AACGATCTCTTCAGCACATC,CCAGAACGATCTCTTCAGCACATCAGGCAA,ANPEP,63.4,-1.524839197008909
AACGATTCCACGCTTTACTT,CGGTAACGATTCCACGCTTTACTTTGGTCC,ANPEP,7.0,-1.0793687321724463
AACGTACAGGCCCCTGTCAT,TAAAAACGTACAGGCCCCTGTCATTGGGGG,ANPEP,10.0,-0.7452046878822717
AACTCAGTGACATTCCAGTT,GTGGAACTCAGTGACATTCCAGTTGGGGTC,ANPEP,27.2,-0.23531711937702338
AAGAGAGACAGTACATGCCC,ATTGAAGAGAGACAGTACATGCCCTGGGAG,ANPEP,71.6,1.729391926901772
AAGCAGGTACGAGGCCAGGG,GGAAAAGCAGGTACGAGGCCAGGGAGGAGG,FUT4,88.0,0.9094792771084673
AAGCCAGGTAGAACTTGTAG,TCGAAAGCCAGGTAGAACTTGTAGCGGGCC,FUT4,76.6,0.9873099431473673
AAGCGCAGCCGGCAGTCAGG,GTTGAAGCGCAGCCGGCAGTCAGGGGGCGG,FUT4,39.4,0.8958549812733404
AAGTAGCGGCGATAGACCGC,GTGGAAGTAGCGGCGATAGACCGCGGGGTT,FUT4,90.4,0.858482468154853
AATATAGAAGCCCTTGGCCA,TGGAAATATAGAAGCCCTTGGCCATGGTGA,ANPEP,0.1,0.5274547367273335
AATCGGGTTTCAGCGTGTTG,TAGGAATCGGGTTTCAGCGTGTTGGGGAGG,ANPEP,8.0,0.4556796710840067
AATGAAGGCCAGCAAGTACG,TGACAATGAAGGCCAGCAAGTACGTGGACA,ANPEP,28.7,1.0825508656661578
AATGACACCCACCCTACCAC,CAGGAATGACACCCACCCTACCACAGGGTC,CD33,82.6,-0.5421879065881174
AATGACCAGCAAAGAAGTTA,TCATAATGACCAGCAAAGAAGTTAAGGATG,ANPEP,33.6,0.09263708247355742
AATGACCTGTGGCTGAACGA,GTGGAATGACCTGTGGCTGAACGAGGGCTT,ANPEP,42.3,1.539059565224232
AATTGGGCTCCTGCACACAG,CCGAAATTGGGCTCCTGCACACAGTGGCCC,FUT4,75.8,1.1237235136161832
ACAAGAGACCAGAGCAGGAG,GGAAACAAGAGACCAGAGCAGGAGTGGTTC,CD33,70.0,-0.42863617570461743
ACACATCATTCAGCACCATG,CGGTACACATCATTCAGCACCATGAGGTCT,ANPEP,44.9,0.44657356343425214
ACACCATCTACCTGAACCTG,CAGAACACCATCTACCTGAACCTGTGGGAC,ANPEP,53.3,-0.207518240733035
ACACCCTCAGCCAGGGGCAC,AACTACACCCTCAGCCAGGGGCACAGGGTG,ANPEP,13.8,0.35304077345377416
ACACCTTGCAGATCCGGATC,CCTCACACCTTGCAGATCCGGATCTGGGCC,ANPEP,31.1,-0.6998458142677307
ACACGGCTGCCACGCCCAGG,GTGCACACGGCTGCCACGCCCAGGAGGATC,ANPEP,1.8,0.26123768633238964
ACACGTCCACGGTCACATGT,CCGAACACGTCCACGGTCACATGTTGGCTC,FUT4,71.5,1.0208043527422879
ACACTCACGGGTTATTATTG,GGAGACACTCACGGGTTATTATTGGGGTTC,ANPEP,81.0,-0.0022943764216712677
ACAGGCCCAGGACACAGAGC,GCTCACAGGCCCAGGACACAGAGCAGGTCA,CD33,44.7,0.4490903300915127
ACAGGGACCTTATGGGCACT,AGTGACAGGGACCTTATGGGCACTGGGAAT,ANPEP,69.2,0.6818930411684212
ACAGGGCTGTCAGGTCCTTG,TTGGACAGGGCTGTCAGGTCCTTGGGGTGG,ANPEP,24.9,1.0009791796730145
ACAGGGGCTGGTGGCATGGG,GGAAACAGGGGCTGGTGGCATGGGTGGTGA,FUT4,67.5,0.4822261210745594
ACAGGTGACGTTGAGCTGGA,ACTTACAGGTGACGTTGAGCTGGATGGTTC,CD33,62.3,0.9671281253345567
ACATTCCAGTTGGGGTCTTC,AGTGACATTCCAGTTGGGGTCTTCTGGAAG,ANPEP,26.9,-1.5682396102628535
ACCACCGCGACCTCGTGAAG,TTCCACCACCGCGACCTCGTGAAGGGGCCC,FUT4,45.8,1.0391176644042739
ACCAGAGCAGGAGTGGTTCA,AGAGACCAGAGCAGGAGTGGTTCATGGGGC,CD33,70.6,0.2794044644689773
ACCAGCAAAGAAGTTAAGGA,AATGACCAGCAAAGAAGTTAAGGATGGGGC,ANPEP,33.5,0.686476326768235
ACCCACAGGCTGTGAACAAC,CTCCACCCACAGGCTGTGAACAACCGGTCC,ANPEP,54.3,-0.782773893958289
ACCCAGGTACTCCACGTAGG,CAGCACCCAGGTACTCCACGTAGGAGGCGA,ANPEP,42.9,1.136836892659326
ACCCCCACTCACCTGATTTT,AAGGACCCCCACTCACCTGATTTTGGGAGT,ANPEP,35.1,-1.7505944106147815
ACCGAGGAGTGAGTAGTCCT,GAGCACCGAGGAGTGAGTAGTCCTGGGGCC,CD33,52.1,0.7750652279573127
ACCGTGGACGTGTTCGGCCG,TGTGACCGTGGACGTGTTCGGCCGGGGCGG,FUT4,72.8,1.235097364486885
ACCGTGGGGCTCGCCGACGG,GGGCACCGTGGGGCTCGCCGACGGCGGCGG,FUT4,25.1,0.5830281711844078
ACCTGACCTGCTCTGTGTCC,AAAAACCTGACCTGCTCTGTGTCCTGGGCC,CD33,45.2,0.2044979828970394
ACCTGATTTTGGGAGTGGGT,ACTCACCTGATTTTGGGAGTGGGTAGGGTG,ANPEP,34.7,0.3488634902418695
ACCTGGTGACCATAGAGTGG,GGGAACCTGGTGACCATAGAGTGGTGGAAT,ANPEP,41.5,1.6859070158358926
ACCTGTCAGGTGAAGTTCGC,CCTGACCTGTCAGGTGAAGTTCGCTGGAGC,CD33,59.1,-0.07882665958273428
ACGCCGGCGCCATGGAGAAC,TTCAACGCCGGCGCCATGGAGAACTGGGGA,ANPEP,36.7,-0.6891378966868899
ACGCGCGGTCGGTGAGCAGG,TAGGACGCGCGGTCGGTGAGCAGGCGGCAG,FUT4,41.7,1.274028815712677
ACGGGGTGGTGGAGGCCACG,GCGGACGGGGTGGTGGAGGCCACGGGGGAG,ANPEP,4.7,0.49159486180202117
ACGTACAGGCCCCTGTCATT,AAAAACGTACAGGCCCCTGTCATTGGGGGT,ANPEP,9.9,-0.9330769034212804
ACGTGGATGAAGGCGCCGCG,GTCCACGTGGATGAAGGCGCCGCGGGGCAC,FUT4,85.3,1.450799822736891
ACTACGACGAAGAGAACTGG,GTGAACTACGACGAAGAGAACTGGAGGAAG,ANPEP,65.9,1.549174294795823
ACTCACCTGATTTTGGGAGT,CCCCACTCACCTGATTTTGGGAGTGGGTAG,ANPEP,34.9,0.4733595222098487
ACTCAGTGACATTCCAGTTG,TGGAACTCAGTGACATTCCAGTTGGGGTCT,ANPEP,27.1,1.0892968517162032
ACTCCCCAGTTCATGGTTAC,AAGAACTCCCCAGTTCATGGTTACTGGTTC,CD33,15.9,0.45665139488982504
ACTCGCTGTCCATCTCATAC,TCGAACTCGCTGTCCATCTCATACTGGCTG,ANPEP,18.1,-0.43009293901859375
ACTGAAACCTCAAGCTGTTC,CCCCACTGAAACCTCAAGCTGTTCAGGTGC,CD33,88.9,-1.7158942846185608
ACTGAGCCAACATGTGACCG,ACCAACTGAGCCAACATGTGACCGTGGACG,FUT4,71.8,1.3563283606793712
ACTGGGACGAGCGCCAGGCC,AGCCACTGGGACGAGCGCCAGGCCCGGGTC,FUT4,69.3,0.7584964188919471
ACTGGGGACTGGTGACCTAC,GAGAACTGGGGACTGGTGACCTACCGGGAG,ANPEP,37.3,-0.08132472176724187
ACTGGTCCATCAGGTTTTCT,ACTCACTGGTCCATCAGGTTTTCTGGGATC,ANPEP,76.9,-1.9056222946290613
ACTGTCAGTGGTGTACTCCC,TCGCACTGTCAGTGGTGTACTCCCAGGAGA,ANPEP,3.4,1.236919983847376
ACTGTCCAGGAAACAGGGGC,CGCCACTGTCCAGGAAACAGGGGCTGGTGG,FUT4,66.7,1.2015360364117293
ACTTACAGGTGACGTTGAGC,CAGCACTTACAGGTGACGTTGAGCTGGATG,CD33,62.6,0.4334323229822328
AGAAAGGGACGGGCGGTGCC,TGGAAGAAAGGGACGGGCGGTGCCCGGTTG,FUT4,8.8,-1.3438691028154568
AGAAATTTGGATCCATAGCC,AGCCAGAAATTTGGATCCATAGCCAGGGCC,CD33,4.3,-1.7884043515004087
AGAAGTACAGGAGGAGACTC,ATCAAGAAGTACAGGAGGAGACTCAGGGCA,CD33,23.4,0.7707296246794891
AGAATCAAGAGTAGCGGATG,AGAGAGAATCAAGAGTAGCGGATGAGGCGC,FUT4,0.0,-1.3166961475550274
AGACACTCACGGGTTATTAT,GGGGAGACACTCACGGGTTATTATTGGGGT,ANPEP,81.0,-1.729757308032934
AGACCGCGGGGTTGCGGTCG,CGATAGACCGCGGGGTTGCGGTCGAGGAAA,FUT4,89.6,-1.4829827582079216
AGACGGTCCATGGCAGCCCC,ACACAGACGGTCCATGGCAGCCCCCGGCCT,FUT4,27.8,0.630000550541295
AGACGGTGGACCGCAGGTTG,CAGTAGACGGTGGACCGCAGGTTGGGGTGG,ANPEP,81.7,-0.05786406054077982
AGACTTCAACGCCGGCGCCA,TGCCAGACTTCAACGCCGGCGCCATGGAGA,ANPEP,36.4,0.5046655754919913
AGAGAGACAGTACATGCCCT,TTGAAGAGAGACAGTACATGCCCTGGGAGG,ANPEP,71.6,1.486497561003306
AGATGCAGGCTGCAGATGCC,ACACAGATGCAGGCTGCAGATGCCCGGAAG,ANPEP,22.3,-0.6423990808782608
AGATGGACAGCGAGTTCGAG,TATGAGATGGACAGCGAGTTCGAGGGGGAG,ANPEP,18.8,-0.09254624681957933
AGCAAGTACGTGGACATCTT,GGCCAGCAAGTACGTGGACATCTTGGGCGT,ANPEP,28.3,-0.4448231756474554
AGCACCCAGGTACTCCACGT,AGTCAGCACCCAGGTACTCCACGTAGGAGG,ANPEP,43.0,1.3346680274695462
AGCACGCCCACCGGTCGCGA,CAGCAGCACGCCCACCGGTCGCGACGGGGT,FUT4,35.0,0.7165393568286884
AGCAGGTCAGGTTTTTGGAG,ACAGAGCAGGTCAGGTTTTTGGAGTGGCCG,CD33,43.2,0.3491416452998994
AGCCACCACCAACCCCGCCT,CCTCAGCCACCACCAACCCCGCCTCGGCCA,ANPEP,6.1,-1.4547156593962818
AGCCAGGTAGAACTTGTAGC,CGAAAGCCAGGTAGAACTTGTAGCGGGCCA,FUT4,76.5,0.3579023733695871
AGCCCATCTGCAGGGTCCAG,GGGAAGCCCATCTGCAGGGTCCAGCGGTTC,ANPEP,56.1,1.2929241328947283
AGCCCCTGTTTCCTGGACAG,CACCAGCCCCTGTTTCCTGGACAGTGGCGG,FUT4,65.9,1.2971879265011845
AGCCCGCGCCCGAGGGCTTC,TCCCAGCCCGCGCCCGAGGGCTTCCGGGCC,FUT4,1.8,-1.523285028148575
AGCCCTTGAGGTGCACCACC,AGGGAGCCCTTGAGGTGCACCACCAGGTAC,ANPEP,16.8,0.16200845038200254
AGCCGGCCCGACCAGGCCCC,GCCCAGCCGGCCCGACCAGGCCCCGGGAGC,FUT4,5.5,-1.248162679618108
AGCGCTGCCTGTTCGCGCCA,AGGCAGCGCTGCCTGTTCGCGCCATGGGGG,FUT4,23.4,-0.010122346966329748
AGCGCTGGCCCGGGGGCCTG,ACCCAGCGCTGGCCCGGGGGCCTGGGGCTG,FUT4,53.8,0.8818845687075872
AGCGGAGCACTCACCTGGCC,AGGCAGCGGAGCACTCACCTGGCCAGGTTG,ANPEP,69.1,-1.61962840960188
AGCGGCGGCGGCAGAAGCCC,AGGCAGCGGCGGCGGCAGAAGCCCTGGCGA,FUT4,52.4,0.6480591061381975
AGCGGGCTGCACCTTGCTGT,GAGGAGCGGGCTGCACCTTGCTGTAGGAGA,ANPEP,49.3,0.5231342275778729
AGCGTCACCCGGTAGGAATC,TCTCAGCGTCACCCGGTAGGAATCGGGTTT,ANPEP,8.6,-0.16411171724760876
AGCTCAGTCTTGTCAATGTC,CACCAGCTCAGTCTTGTCAATGTCGGGGGG,ANPEP,15.4,-0.6775375090827301
AGCTGGCCAGGACGCCCAAC,GGTGAGCTGGCCAGGACGCCCAACCGGGCA,FUT4,9.3,-0.9416795663330558
AGGACAGGGGGTCGAACAGC,GAGGAGGACAGGGGGTCGAACAGCAGGGAG,ANPEP,38.0,-1.2283530117329835
AGGACGCGCGGTCGGTGAGC,CCGTAGGACGCGCGGTCGGTGAGCAGGCGG,FUT4,41.9,0.8142610753365404
AGGAGAGCGTCCAGTTGAAG,CGGTAGGAGAGCGTCCAGTTGAAGAGGTTA,FUT4,59.1,1.2964106596459561
AGGAGCCCAATTTCGGGCAC,GTGCAGGAGCCCAATTTCGGGCACCGGCTG,FUT4,74.4,-1.3149149926503423
AGGCCAGGGAGGAGGCACTT,TACGAGGCCAGGGAGGAGGCACTTGGGAAG,FUT4,87.3,0.9177153848001345
AGGCCATCCCTGTCATCAAT,TTCTAGGCCATCCCTGTCATCAATCGGGCA,ANPEP,67.8,-1.652286864266434
AGGCCCAAAATCCTCATCCC,CCACAGGCCCAAAATCCTCATCCCTGGCAC,CD33,40.7,0.8876139831887626
AGGCCTGAGGGCGGGTCGCC,GGCCAGGCCTGAGGGCGGGTCGCCGGGGTG,FUT4,64.0,-1.5581418531122906
AGGCGCCGCAGGAGGCTCCC,GCGGAGGCGCCGCAGGAGGCTCCCGGGGCC,FUT4,5.1,-1.3186708347675182
AGGCGGGTGTGGACAGCGGG,TCCGAGGCGGGTGTGGACAGCGGGTGGGAG,ANPEP,46.9,-0.1648057435729673
AGGCTGACCCTGTGGTAGGG,GGGGAGGCTGACCCTGTGGTAGGGTGGGTG,CD33,82.4,-1.4388361029260472
AGGGACGGGCGGTGCCCGGT,AGAAAGGGACGGGCGGTGCCCGGTTGGGCG,FUT4,9.0,-1.1439653459323667
AGGGAGCAGTTGTTCCTACT,GCTCAGGGAGCAGTTGTTCCTACTGGGATC,CD33,26.6,-0.11395674921692865
AGGGCAGATTCCGCCTCCTT,ACTCAGGGCAGATTCCGCCTCCTTGGGGAT,CD33,25.2,-0.0696171777154564
AGGGGCAGCAGTAGCAGCAG,CAGCAGGGGCAGCAGTAGCAGCAGCGGCAT,CD33,0.8,-0.07460500273126905
AGGGGCCTGTACGTTTTTAA,TGACAGGGGCCTGTACGTTTTTAAGGGCTC,ANPEP,10.6,-1.568376182817623
AGGGTGCAGTACTCACCGCC,GCCCAGGGTGCAGTACTCACCGCCAGGCCC,ANPEP,51.7,0.3493008229432604
AGGGTGGTCCTGCGTGGTGT,GCACAGGGTGGTCCTGCGTGGTGTGGGAGG,ANPEP,14.5,0.38548551730714486
AGGTTGGTGCCGTGGTCCTG,GGTCAGGTTGGTGCCGTGGTCCTGGGGCCG,CD33,55.9,0.8645009944757225
AGTAGCGGATGAGGCGCTTG,CAAGAGTAGCGGATGAGGCGCTTGTGGGGC,FUT4,0.6,-1.2102250107237695
AGTAGCGGCGATAGACCGCG,TGGAAGTAGCGGCGATAGACCGCGGGGTTG,FUT4,90.3,1.0477681725534722
AGTAGTCCTGGGGCCCAGGG,AGTGAGTAGTCCTGGGGCCCAGGGAGGTGG,CD33,51.1,0.35884365236234367
AGTCGCCCTCGCACTCCCCG,TTCGAGTCGCCCTCGCACTCCCCGGGGCTG,FUT4,57.1,1.1708173535885142
AGTCGGGGGGCCCCTTCACG,GGCCAGTCGGGGGGCCCCTTCACGAGGTCG,FUT4,45.7,0.8862913367029084
AGTGAGTAGTCCTGGGGCCC,GAGGAGTGAGTAGTCCTGGGGCCCAGGGAG,CD33,51.4,-0.6021065727211371
AGTGCCAGGGATGAGGATTT,CTAGAGTGCCAGGGATGAGGATTTTGGGCC,CD33,40.1,-1.5790686952390232
AGTGCCATTGCGGCGGGCCA,GCCCAGTGCCATTGCGGCGGGCCACGGCGA,ANPEP,32.2,-1.7085359682826007
AGTGGCGGGGCCAGGCCTGA,GGACAGTGGCGGGGCCAGGCCTGAGGGCGG,FUT4,64.8,0.7616909666115517
AGTGTGCGCCTGGATGCCCC,CGGCAGTGTGCGCCTGGATGCCCCAGGGCG,FUT4,47.7,0.8091483166196737
AGTTCATCCAAACCCAGCGC,TCGAAGTTCATCCAAACCCAGCGCTGGCCC,FUT4,54.7,1.0053823888724742
AGTTCATGGTTACTGGTTCC,CCCCAGTTCATGGTTACTGGTTCCGGGAAG,CD33,16.5,0.12483616311056178
AGTTCCAGAGTGTGAGGAGA,ACGGAGTTCCAGAGTGTGAGGAGATGGTCT,ANPEP,79.5,1.024241970099716
AGTTGAAGAGGTTACTTGCC,GTCCAGTTGAAGAGGTTACTTGCCAGGCTT,FUT4,58.3,-0.03909331605791988
AGTTGGGGTCTTCTGGAAGT,TTCCAGTTGGGGTCTTCTGGAAGTGGGGTG,ANPEP,26.6,-0.12224505955681117
ATAATGGTTCATACTTCTTT,AGGGATAATGGTTCATACTTCTTTCGGATG,CD33,32.1,-0.08875617597265428
ATACCAGTTGTTGGGTTCTG,AAAGATACCAGTTGTTGGGTTCTGTGGAAC,CD33,64.7,-0.8619455218698139
ATACTGGCTGTCCTTCACCA,TCTCATACTGGCTGTCCTTCACCAGGGAGC,ANPEP,17.6,1.5115325041046659
ATCACGGTGGATACCAGCAC,GGTCATCACGGTGGATACCAGCACGGGGAC,ANPEP,57.5,1.3418299552798416
ATCAGCACCGCCTGCTCCAA,TGCCATCAGCACCGCCTGCTCCAACGGAGT,ANPEP,78.7,0.28626806762194523
ATCCAAACCCAGCGCTGGCC,GTTCATCCAAACCCAGCGCTGGCCCGGGGG,FUT4,54.4,-1.4567152429762424
ATCCATCTCCACAGTAGGGG,CCTCATCCATCTCCACAGTAGGGGCGGCAC,CD33,90.2,-0.6054015193611049
ATCCCTGGCACTCTAGAACC,CCTCATCCCTGGCACTCTAGAACCCGGCCA,CD33,42.1,1.4009802650426215
ATCGCCGTGGCCCGCCGCAA,CATAATCGCCGTGGCCCGCCGCAATGGCAC,ANPEP,32.0,1.010580007461262
ATCGCCTCCCCAGACCAGAT,TGGCATCGCCTCCCCAGACCAGATTGGCCT,ANPEP,35.4,-1.0157944172598168
ATCTGCTCACTTGAATTCTG,CCCCATCTGCTCACTTGAATTCTGAGGGGC,ANPEP,59.7,-1.1995148085994192
ATCTGTGCCCGATTGATGAC,AATGATCTGTGCCCGATTGATGACAGGGAT,ANPEP,67.7,-0.27716454952507813
ATCTTTCCAGGAGATGGCTC,TGGTATCTTTCCAGGAGATGGCTCAGGTAG,CD33,67.6,-0.9420890691270124
ATGACACCCACCCTACCACA,AGGAATGACACCCACCCTACCACAGGGTCA,CD33,82.7,-0.4214595967826557
ATGACGCCTTCAACCTGGCC,ATTAATGACGCCTTCAACCTGGCCAGGTGA,ANPEP,69.0,-1.5698035072687564
ATGATGTCCCGCACGGTGGT,GTTCATGATGTCCCGCACGGTGGTGGGGAG,ANPEP,55.2,0.6972901033995442
ATGCACCTCCGTACCTTCAT,TACCATGCACCTCCGTACCTTCATGGGGCC,ANPEP,74.2,-1.463491222705993
ATGCTCACATGAAGAAGATG,GAAAATGCTCACATGAAGAAGATGAGGCAG,CD33,76.1,0.07623092768327934
ATGCTTCCCTCAACTTTCAT,CATTATGCTTCCCTCAACTTTCATGGGATG,CD33,94.5,-1.8455593726774724
ATGGACCGTCTGTGTGCTGG,TGCCATGGACCGTCTGTGTGCTGGCGGCCG,FUT4,29.3,0.7450242991476473
ATGGCCGGCTCATCGAAGCA,CTTCATGGCCGGCTCATCGAAGCATGGGAA,ANPEP,23.0,0.6141608485402053
ATGGCGCCGGCGTTGAAGTC,CTCCATGGCGCCGGCGTTGAAGTCTGGCAG,ANPEP,36.0,-0.6081905186753275
ATGGGATGGAAGAAAGTGCA,GGGTATGGGATGGAAGAAAGTGCAGGGCAC,CD33,11.2,1.269512494697626
ATGTGCTGAAGAGATCGTTC,CCTGATGTGCTGAAGAGATCGTTCTGGGCT,ANPEP,62.9,-0.6420071188475147
ATTCATCCCATGAAAGTTGA,AAGGATTCATCCCATGAAAGTTGAGGGAAG,CD33,94.1,-1.6559610384693162
ATTCCCGGGCCAGCGGCGAG,TTCCATTCCCGGGCCAGCGGCGAGCGGCAG,FUT4,16.9,-1.2394153986324243
ATTCCTGCCCACTGCTGTCC,TGTCATTCCTGCCCACTGCTGTCCTGGCTG,CD33,79.8,-1.1986609230372944
ATTTCTGAAGTGAATGAAGA,TATTATTTCTGAAGTGAATGAAGAGGGGTG,ANPEP,75.3,-0.6041409341790377
CAAACCCAGCGCTGGCCCGG,CATCCAAACCCAGCGCTGGCCCGGGGGCCT,FUT4,54.2,1.3634519976933268
CAAAGACGTCCGAGTCCGCC,GGCACAAAGACGTCCGAGTCCGCCCGGTAG,FUT4,60.6,1.2597649812693261
CAAAGCGCTCGTAGTTGGCA,GGCACAAAGCGCTCGTAGTTGGCACGGTCT,FUT4,83.7,0.738860678187475
CAACGCGTTGCTCGCTGGGG,GGCGCAACGCGTTGCTCGCTGGGGCGGTGC,FUT4,81.6,0.7946997637716571
CAACGCTATCGCCCAGGGCG,ACTGCAACGCTATCGCCCAGGGCGGGGAGG,ANPEP,83.0,-1.6146214586914527
CAACGGAGTTCCAGAGTGTG,GCTCCAACGGAGTTCCAGAGTGTGAGGAGA,ANPEP,79.3,0.25673329414294693
CAACTGGACGCTCTCCTACC,TCTTCAACTGGACGCTCTCCTACCGGGCGG,FUT4,60.1,1.3014354637074503
CAAGCTAGATCAAGAAGTAC,CAAACAAGCTAGATCAAGAAGTACAGGAGG,CD33,22.3,0.8886627894523019
CAATGTGACGGGCTATTACC,ACCTCAATGTGACGGGCTATTACCGGGTGA,ANPEP,65.0,0.26637366105830856
CACAATCATCGCACTGTCAG,TGTGCACAATCATCGCACTGTCAGTGGTGT,ANPEP,3.0,-0.5229169196598085
CACAGAGCAGGTCAGGTTTT,AGGACACAGAGCAGGTCAGGTTTTTGGAGT,CD33,43.7,-1.7709244641375015
CACCACAGCAGCACGCCCAC,CTCCCACCACAGCAGCACGCCCACCGGTCG,FUT4,35.6,1.2605585669525963
CACCACCGCGACCTCGTGAA,TTTCCACCACCGCGACCTCGTGAAGGGGCC,FUT4,45.7,1.0208002628714186
CACCAGTCCCCAGTTCTCCA,AGGTCACCAGTCCCCAGTTCTCCATGGCGC,ANPEP,36.6,1.0193754365773449
CACCATCTACCTGAACCTGT,AGAACACCATCTACCTGAACCTGTGGGACC,ANPEP,53.3,0.02733145111676834
CACCCCGGCGACCCGCCCTC,AAGCCACCCCGGCGACCCGCCCTCAGGCCT,FUT4,64.5,0.9058195714169542
CACCCGCTCCTTGTTGCTGC,TGACCACCCGCTCCTTGTTGCTGCTGGAGG,ANPEP,38.9,-1.6380624947160733
CACCCTCAGCCAGGGGCACA,ACTACACCCTCAGCCAGGGGCACAGGGTGG,ANPEP,13.9,0.6084345106639929
CACCCTGTGCCCCTGGCTGA,GGACCACCCTGTGCCCCTGGCTGAGGGTGT,ANPEP,13.6,0.3200415946149988
CACCGAGGAGTGAGTAGTCC,TGAGCACCGAGGAGTGAGTAGTCCTGGGGC,CD33,52.1,0.6643383703877556
CACCGGGGAGGCTGACCCTG,CACTCACCGGGGAGGCTGACCCTGTGGTAG,CD33,83.1,-0.9689294078900949
CACCGTCCGTTTCACCTGCA,CCAGCACCGTCCGTTTCACCTGCAAGGAGG,ANPEP,11.6,0.44152510520291155
CACCTTGCAGATCCGGATCT,CTCACACCTTGCAGATCCGGATCTGGGCCC,ANPEP,31.1,-0.7901716344458309
CACGCCCACCGGTCGCGACG,GCAGCACGCCCACCGGTCGCGACGGGGTTG,FUT4,34.9,0.49082675191521236
CACGCGCAGATCCACCTCCT,CCAACACGCGCAGATCCACCTCCTCGGCAG,FUT4,49.2,0.007477834232132726
CACGGCCTGAGCCTCTCCGT,AAAGCACGGCCTGAGCCTCTCCGTAGGACG,FUT4,43.2,1.2184629534773652
CACGGTGGTGGGGAGTTGGA,CCCGCACGGTGGTGGGGAGTTGGATGGACC,ANPEP,54.8,0.3454378649937152
CACGTGGATGAAGGCGCCGC,CGTCCACGTGGATGAAGGCGCCGCGGGGCA,FUT4,85.4,1.0487075203340943
CACTCACCTGATTTTGGGAG,CCCCCACTCACCTGATTTTGGGAGTGGGTA,ANPEP,34.9,-1.2080705080113174
CACTCACCTGGCCAGGTTGA,GGAGCACTCACCTGGCCAGGTTGAAGGCGT,ANPEP,68.8,-0.07796366952322052
CACTGCGCCCGGGGCCCAGC,CTTCCACTGCGCCCGGGGCCCAGCCGGCCC,FUT4,6.5,-1.0459255681861503
CACTGGGCCGGGCCCAGATC,ATGGCACTGGGCCGGGCCCAGATCCGGATC,ANPEP,31.2,-1.232126503660623
CACTGGTCCATCAGGTTTTC,CACTCACTGGTCCATCAGGTTTTCTGGGAT,ANPEP,77.0,-1.501653663812054
CACTTCCAGAAGACCCCAAC,ACCCCACTTCCAGAAGACCCCAACTGGAAT,ANPEP,27.1,-1.5819436228063504
CACTTGGGAAGTCGTCCACG,GAGGCACTTGGGAAGTCGTCCACGTGGATG,FUT4,86.4,1.328383041399245
CACTTGGGAGGAGCAGGGCA,CCGGCACTTGGGAGGAGCAGGGCAGGGCCC,FUT4,13.3,-1.0793753130461703
CAGAGATGGCAGACAGCAGC,CCATCAGAGATGGCAGACAGCAGCAGGACT,ANPEP,61.6,-0.10732124527453134
CAGAGCAGGAGTGGTTCATG,AGACCAGAGCAGGAGTGGTTCATGGGGCCA,CD33,70.8,0.9341489921093349
CAGAGTGACAGGGACCTTAT,GCGCCAGAGTGACAGGGACCTTATGGGCAC,ANPEP,69.5,-1.186519297716708
CAGCAAAGAAGTTAAGGATG,TGACCAGCAAAGAAGTTAAGGATGGGGCCC,ANPEP,33.4,0.9296766696300103
CAGCAAGTACGTGGACATCT,AGGCCAGCAAGTACGTGGACATCTTGGGCG,ANPEP,28.3,-0.8495869688762535
CAGCACATCAGGCAATGAGT,TCTTCAGCACATCAGGCAATGAGTGGGTCC,ANPEP,63.8,1.439366120311782
CAGCACGGGGACCCTTTCCC,ATACCAGCACGGGGACCCTTTCCCAGGAGC,ANPEP,58.0,0.2853043154632578
CAGCAGCAACAAGGAGCGGG,CCTCCAGCAGCAACAAGGAGCGGGTGGTCA,ANPEP,39.3,0.8751304734553981
CAGCAGGGAGTTCTCCCGGT,CGAACAGCAGGGAGTTCTCCCGGTAGGTCA,ANPEP,37.4,0.690742042496082
CAGCCAGGACAGCAGTGGGC,AAAGCAGCCAGGACAGCAGTGGGCAGGAAT,CD33,80.5,-0.39023368046424134
CAGCCGGCCCGACCAGGCCC,GGCCCAGCCGGCCCGACCAGGCCCCGGGAG,FUT4,5.5,-1.1343469751968573
CAGCGAGTTCGAGGGGGAGT,TGGACAGCGAGTTCGAGGGGGAGTTGGCAG,ANPEP,19.0,0.8044762205814461
CAGCGCCGTACACGTCAAGC,TGATCAGCGCCGTACACGTCAAGCCGGCGG,FUT4,30.2,0.5514963032574626
CAGCGCTGGCCCGGGGGCCT,AACCCAGCGCTGGCCCGGGGGCCTGGGGCT,FUT4,53.9,-1.5640078637313517
CAGCGTAGCTCCGGCGCCAG,TGGACAGCGTAGCTCCGGCGCCAGTGGAAG,FUT4,91.8,0.10385762521570983
CAGCGTCACCCGGTAGGAAT,GTCTCAGCGTCACCCGGTAGGAATCGGGTT,ANPEP,8.6,-0.5350528717645443
CAGCTCAGTCTTGTCAATGT,CCACCAGCTCAGTCTTGTCAATGTCGGGGG,ANPEP,15.4,-0.020075500132160022
CAGCTGCCCCCAGCAAGCGT,GCGGCAGCTGCCCCCAGCAAGCGTAGGTGA,FUT4,31.9,1.0848624529307247
CAGGCCCCCGGGCCAGCGCT,GCCCCAGGCCCCCGGGCCAGCGCTGGGTTT,FUT4,54.7,-1.2893592431624428
CAGGCCCCGGGAGCCTCCTG,CGACCAGGCCCCGGGAGCCTCCTGCGGCGC,FUT4,4.7,-1.511713667310745
CAGGCCTGAGGGCGGGTCGC,GGGCCAGGCCTGAGGGCGGGTCGCCGGGGT,FUT4,64.1,0.1859283643606222
CAGGCGTGGAGGAGCGGCAC,TCCGCAGGCGTGGAGGAGCGGCACCGGCTC,FUT4,19.9,-1.1607035150577087
CAGGGAGCAGTTGTTCCTAC,TGCTCAGGGAGCAGTTGTTCCTACTGGGAT,CD33,26.7,-0.44716675305583486
CAGGGCAAGGTGAGCTGGCC,CCGCCAGGGCAAGGTGAGCTGGCCAGGACG,FUT4,10.0,-1.125156820861772
CAGGGCAGATTCCGCCTCCT,GACTCAGGGCAGATTCCGCCTCCTTGGGGA,CD33,25.1,-1.1288321878409902
CAGGGCGGGGGCCAGTCGGG,GCCCCAGGGCGGGGGCCAGTCGGGGGGCCC,FUT4,46.5,-0.15325680682589168
CAGGGGCCTGTACGTTTTTA,ATGACAGGGGCCTGTACGTTTTTAAGGGCT,ANPEP,10.6,-1.8063909476899886
CAGGGTGGTCCTGCGTGGTG,GGCACAGGGTGGTCCTGCGTGGTGTGGGAG,ANPEP,14.5,-1.1150485040080977
CAGGTACGAGGCCAGGGAGG,AAAGCAGGTACGAGGCCAGGGAGGAGGCAC,FUT4,87.8,0.5179897987005547
CAGGTAGATGGTGTTCTGGT,GGTTCAGGTAGATGGTGTTCTGGTAGGCAA,ANPEP,52.6,0.970269699504217
CAGGTCATTCCACCACTCTA,GCCACAGGTCATTCCACCACTCTATGGTCA,ANPEP,41.5,0.6736348892868963
CAGGTGAAGTTCGCTGGAGC,CTGTCAGGTGAAGTTCGCTGGAGCTGGTGT,CD33,59.6,-0.9177623966232777
CAGTGCGATGATTGTGCACA,CTGACAGTGCGATGATTGTGCACACGGCTG,ANPEP,2.4,-0.5996230257703717
CAGTGGAAGAAAGGGACGGG,GGCGCAGTGGAAGAAAGGGACGGGCGGTGC,FUT4,8.3,-0.870684552148238
CAGTGGCGGGGCCAGGCCTG,TGGACAGTGGCGGGGCCAGGCCTGAGGGCG,FUT4,64.8,0.42050080429258496
CAGTTCATGGTTACTGGTTC,TCCCCAGTTCATGGTTACTGGTTCCGGGAA,CD33,16.4,-1.2994003219208692
CAGTTGGGGTCTTCTGGAAG,ATTCCAGTTGGGGTCTTCTGGAAGTGGGGT,ANPEP,26.7,-0.3464948954138119
CATACTGGCTGTCCTTCACC,ATCTCATACTGGCTGTCCTTCACCAGGGAG,ANPEP,17.6,0.8568324715333921
CATCACGCTTATCCACCCCA,TCAACATCACGCTTATCCACCCCAAGGACC,ANPEP,24.7,1.4242386258604207
CATCACGGTGGATACCAGCA,CGGTCATCACGGTGGATACCAGCACGGGGA,ANPEP,57.5,1.2962515417959704
CATCCAGGCGCACACTGCCG,GGGGCATCCAGGCGCACACTGCCGAGGAGG,FUT4,48.8,0.32007520595057776
CATCGTAGACGCCAGGAGGA,TGAGCATCGTAGACGCCAGGAGGAGGGATA,CD33,30.0,1.0315093353853841
CATGATGTCCCGCACGGTGG,GGTTCATGATGTCCCGCACGGTGGTGGGGA,ANPEP,55.2,0.7960042231436871
CATGCACCTCCGTACCTTCA,CTACCATGCACCTCCGTACCTTCATGGGGC,ANPEP,74.2,-0.5325313396787162
CATGGGGCCATTGGAGGAGC,GGTTCATGGGGCCATTGGAGGAGCTGGTGT,CD33,72.2,0.27626879950799116
CATGGTTACTGGTTCCGGGA,AGTTCATGGTTACTGGTTCCGGGAAGGAGC,CD33,16.9,0.8628962263558743
CATGTGACCGTGGACGTGTT,CCAACATGTGACCGTGGACGTGTTCGGCCG,FUT4,72.4,0.23903490361920193
CATTAATGACGCCTTCAACC,AGATCATTAATGACGCCTTCAACCTGGCCA,ANPEP,68.8,0.6787642867105624
CATTGACAAGACTGAGCTGG,CCGACATTGACAAGACTGAGCTGGTGGAGC,ANPEP,15.9,0.7921319895659963
CATTGGAATCGGGGTCAAGG,GTAACATTGGAATCGGGGTCAAGGAGGAAG,ANPEP,58.6,0.1576489484058022
CCAAACCCAGCGCTGGCCCG,TCATCCAAACCCAGCGCTGGCCCGGGGGCC,FUT4,54.3,1.0203267970335745
CCAACAACTGGTATCTTTCC,GAACCCAACAACTGGTATCTTTCCAGGAGA,CD33,66.5,-0.6685116372081099
CCAACCCCGTCGCGACCGGT,GTCGCCAACCCCGTCGCGACCGGTGGGCGT,FUT4,35.3,1.1750450268390036
CCAACTCCCCACCACCGTGC,CCATCCAACTCCCCACCACCGTGCGGGACA,ANPEP,55.3,1.342710089693982
CCAAGGCTCGTCCCAGAAGG,GGCACCAAGGCTCGTCCCAGAAGGAGGTGA,FUT4,93.8,1.4200692719048456
CCAAGGTGGTGGCCGAGGCG,TGGTCCAAGGTGGTGGCCGAGGCGGGGTTG,ANPEP,6.2,-0.12039143835063279
CCAAGTCCCTGGGCATCCTG,ATTTCCAAGTCCCTGGGCATCCTGGGGATC,ANPEP,1.3,-0.4626327117033632
CCACCACCGCGACCTCGTGA,TTTTCCACCACCGCGACCTCGTGAAGGGGC,FUT4,45.6,1.1731353648152856
CCACCCTGTGCCCCTGGCTG,AGGACCACCCTGTGCCCCTGGCTGAGGGTG,ANPEP,13.6,-0.14294000157583983
CCACGCCCAGGAGGATCCCC,GCTGCCACGCCCAGGAGGATCCCCAGGATG,ANPEP,1.5,-0.5044359609463716
CCACGCGTCCGCAGGCGTGG,CTCGCCACGCGTCCGCAGGCGTGGAGGAGC,FUT4,20.6,-1.4311023859593348
CCACGCTTTACTTTGGTCCA,GATTCCACGCTTTACTTTGGTCCAAGGTGG,ANPEP,6.7,-0.44285524846543806
CCACGTGGATGAAGGCGCCG,TCGTCCACGTGGATGAAGGCGCCGCGGGGC,FUT4,85.4,1.3441355143693696
CCAGAACTACCTGAAGAAGC,TTCCCCAGAACTACCTGAAGAAGCAGGTCA,ANPEP,74.7,0.24549512093363315
CCAGAGCAGGAGTGGTTCAT,GAGACCAGAGCAGGAGTGGTTCATGGGGCC,CD33,70.7,-0.7984211762718246
CCAGAGTGACAGGGACCTTA,AGCGCCAGAGTGACAGGGACCTTATGGGCA,ANPEP,69.5,-0.9036814721190953
CCAGCAAAGAAGTTAAGGAT,ATGACCAGCAAAGAAGTTAAGGATGGGGCC,ANPEP,33.5,0.8193006334705933
CCAGCGCTGGCCCGGGGGCC,AAACCCAGCGCTGGCCCGGGGGCCTGGGGC,FUT4,53.9,-1.639637514624751
CCAGCGGCGAGCGGCAGCGA,CGGGCCAGCGGCGAGCGGCAGCGACGGCTG,FUT4,17.5,-1.1568537002219592
CCAGGATCCACCCCAACCTG,CACACCAGGATCCACCCCAACCTGCGGTCC,ANPEP,81.7,1.3786816388279324
CCAGGCCCCCGGGCCAGCGC,AGCCCCAGGCCCCCGGGCCAGCGCTGGGTT,FUT4,54.6,-1.424200775296937
CCAGGCGCACACTGCCGAGG,GCATCCAGGCGCACACTGCCGAGGAGGTGG,FUT4,49.0,0.9355787828570263
CCAGGGCGGGGGCCAGTCGG,TGCCCCAGGGCGGGGGCCAGTCGGGGGGCC,FUT4,46.6,0.6035258351009777
CCATAAGGTCCCTGTCACTC,GTGCCCATAAGGTCCCTGTCACTCTGGCGC,ANPEP,69.9,0.8972088527089311
CCATCAGAGTGAAGACCCAC,TCTCCCATCAGAGTGAAGACCCACAGGAGG,CD33,77.8,0.758716935448332
CCCACAGGAGGAAAGCAGCC,AAGACCCACAGGAGGAAAGCAGCCAGGACA,CD33,79.2,-1.212914885665848
CCCACCATCACCATGGCCAA,CCTCCCCACCATCACCATGGCCAAGGGCTT,ANPEP,0.2,0.992039676697711
CCCACCGGTCGCGACGGGGT,CACGCCCACCGGTCGCGACGGGGTTGGCGA,FUT4,34.7,0.7056483438291201
CCCAGGACACAGAGCAGGTC,CAGGCCCAGGACACAGAGCAGGTCAGGTTT,CD33,44.3,0.2684912698405582
CCCAGGGCGCCTCAGTCCTC,CCACCCCAGGGCGCCTCAGTCCTCAGGATG,ANPEP,49.9,-1.4050388822480806
CCCAGGGCGGGGGCCAGTCG,ATGCCCCAGGGCGGGGGCCAGTCGGGGGGC,FUT4,46.6,0.9257585024928325
CCCATCACATCCATCAGAGA,TGTGCCCATCACATCCATCAGAGATGGCAG,ANPEP,61.1,1.2362295735732851
CCCATCCTTAACTTCTTTGC,GGGCCCCATCCTTAACTTCTTTGCTGGTCA,ANPEP,33.8,-1.4699692022484248
CCCCACAGGGGCCCTGGCTA,GTTTCCCCACAGGGGCCCTGGCTATGGATC,CD33,4.2,-0.22052239360804474
CCCCAGGACTACTCACTCCT,TGGGCCCCAGGACTACTCACTCCTCGGTGC,CD33,53.0,1.0493397510583369
CCCCAGGATGCCCAGGGACT,GGATCCCCAGGATGCCCAGGGACTTGGAAA,ANPEP,1.0,-1.4024938727971323
CCCCAGGGCGGGGGCCAGTC,GATGCCCCAGGGCGGGGGCCAGTCGGGGGG,FUT4,46.7,-1.511604727167253
CCCCCGACTGGCCCCCGCCC,GGGCCCCCCGACTGGCCCCCGCCCTGGGGC,FUT4,47.3,0.2647298653541434
CCCCGACTGGCCCCCGCCCT,GGCCCCCCGACTGGCCCCCGCCCTGGGGCA,FUT4,47.3,-0.86617289571524
CCCCGCCTCGGCCACCACCT,CCAACCCCGCCTCGGCCACCACCTTGGACC,ANPEP,6.5,-1.2920519275919096
CCCCGGGCCAGCGCTGGGTT,AGGCCCCCGGGCCAGCGCTGGGTTTGGATG,FUT4,55.0,1.1509826627281987
CCCCGGGCGCAGTGGAAGAA,TGGGCCCCGGGCGCAGTGGAAGAAAGGGAC,FUT4,7.8,-1.2731823521764747
CCCCTCCCCCCACAGTGGTT,CTGACCCCTCCCCCCACAGTGGTTCGGGAA,ANPEP,40.7,-1.5904679791728331
CCCCTGGGGCAGGTACAGCG,GTCACCCCTGGGGCAGGTACAGCGAGGTTA,ANPEP,77.6,0.8570163804800304
CCCGACTGGCCCCCGCCCTG,GCCCCCCGACTGGCCCCCGCCCTGGGGCAT,FUT4,47.4,0.9147526323435111
CCCGCACGGTGGTGGGGAGT,ATGTCCCGCACGGTGGTGGGGAGTTGGATG,ANPEP,54.9,0.7770135870353833
CCCGCCACTGTCCAGGAAAC,TGGCCCCGCCACTGTCCAGGAAACAGGGGC,FUT4,66.4,1.0700093864332205
CCCGCTGTCCACACCCGCCT,CCCACCCGCTGTCCACACCCGCCTCGGAGA,ANPEP,47.3,-0.0056099716952122255
CCCGGCACTTGGGAGGAGCA,CCCGCCCGGCACTTGGGAGGAGCAGGGCAG,FUT4,13.0,-0.3156430781418545
CCCGGGCGCAGTGGAAGAAA,GGGCCCCGGGCGCAGTGGAAGAAAGGGACG,FUT4,7.8,-1.12934362968158
CCCTACCCACTCCCAAAATC,CACACCCTACCCACTCCCAAAATCAGGTGA,ANPEP,35.1,-1.4142420750271165
CCCTACTGTGGAGATGGATG,CCGCCCCTACTGTGGAGATGGATGAGGAGC,CD33,91.6,-1.066475823316345
CCCTCCCCCCACAGTGGTTC,TGACCCCTCCCCCCACAGTGGTTCGGGAAC,ANPEP,40.7,-1.5514186942323072
CCCTGAGCATCGTAGACGCC,TGCTCCCTGAGCATCGTAGACGCCAGGAGG,CD33,29.3,-0.03903206313025154
CCCTGCTCCTCCCAAGTGCC,CCTGCCCTGCTCCTCCCAAGTGCCGGGCGG,FUT4,12.3,-0.7777493607328128
CCCTGGCGACCTCCAGCCCC,GAAGCCCTGGCGACCTCCAGCCCCAGGCCC,FUT4,53.5,0.5695142853557309
CCCTGGCGGCTCGCCCCGCC,CTTGCCCTGGCGGCTCGCCCCGCCCGGCAC,FUT4,11.9,-0.028594040472994235
CCCTGTTTCCTGGACAGTGG,CAGCCCCTGTTTCCTGGACAGTGGCGGGGC,FUT4,65.7,1.1898741745096086
CCCTTCCATTCCCGGGCCAG,CGCCCCCTTCCATTCCCGGGCCAGCGGCGA,FUT4,16.5,-0.8448070175884613
CCCTTTCTTCCACTGCGCCC,CCGTCCCTTTCTTCCACTGCGCCCGGGGCC,FUT4,7.2,-1.0217117566042437
CCGAGGAGTGAGTAGTCCTG,AGCACCGAGGAGTGAGTAGTCCTGGGGCCC,CD33,52.0,1.0563426555450557
CCGAGGCGGGTGTGGACAGC,ATCTCCGAGGCGGGTGTGGACAGCGGGTGG,ANPEP,47.0,0.6357991277749901
CCGCAGGTTGGGGTGGATCC,TGGACCGCAGGTTGGGGTGGATCCTGGTGT,ANPEP,81.3,-0.2995123380570564
CCGCCACTGTCCAGGAAACA,GGCCCCGCCACTGTCCAGGAAACAGGGGCT,FUT4,66.4,1.2621463030804085
CCGCCGCAATGGCACTGGGC,TGGCCCGCCGCAATGGCACTGGGCCGGGCC,ANPEP,31.6,-0.04505201367612938
CCGCTCCTTGTTGCTGCTGG,CCACCCGCTCCTTGTTGCTGCTGGAGGAGG,ANPEP,38.8,-1.267891369440861
CCGCTGGCCCGGGAATGGAA,CTCGCCGCTGGCCCGGGAATGGAAGGGGGC,FUT4,15.8,-0.12754129994939278
CCGGCCCAGTGCCATTGCGG,GGGCCCGGCCCAGTGCCATTGCGGCGGGCC,ANPEP,32.0,0.9972802476806214
CCGGCTGCCCCGGCCCGCCC,GGCACCGGCTGCCCCGGCCCGCCCCGGCCG,FUT4,73.2,0.6197784460137787
CCGGGCGGGGCGAGCCGCCA,AGTGCCGGGCGGGGCGAGCCGCCAGGGCAA,FUT4,11.2,-0.7660663145826695
CCGGGGCGGGCCGGGGCAGC,TCGGCCGGGGCGGGCCGGGGCAGCCGGTGC,FUT4,73.9,-1.2344666514166942
CCGTCACATTGAGGTTCAGC,TAGCCCGTCACATTGAGGTTCAGCAGGACC,ANPEP,64.2,-0.28241357855793386
CCGTCGCTGCCGCTCGCCGC,CCAGCCGTCGCTGCCGCTCGCCGCTGGCCC,FUT4,16.8,-1.0945535961854982
CCTCAAGGGCTCCCTGGTGA,TGCACCTCAAGGGCTCCCTGGTGAAGGACA,ANPEP,17.6,1.2979409903124914
CCTCACTAGACTTGACCCAC,TTCTCCTCACTAGACTTGACCCACAGGCCC,CD33,38.9,0.9995599788669074
CCTCAGCCAGGGGCACAGGG,ACACCCTCAGCCAGGGGCACAGGGTGGTCC,ANPEP,14.0,0.5907561245587286
CCTCATCCATCTCCACAGTA,AGCTCCTCATCCATCTCCACAGTAGGGGCG,CD33,90.6,-1.4720870785935747
CCTCCACGCCTGCGGACGCG,CGCTCCTCCACGCCTGCGGACGCGTGGCGA,FUT4,21.3,-0.7545028593787728
CCTCCAGCAGCAACAAGGAG,TCCTCCTCCAGCAGCAACAAGGAGCGGGTG,ANPEP,39.2,0.08483035158570651
CCTCCTCGGCAGTGTGCGCC,TCCACCTCCTCGGCAGTGTGCGCCTGGATG,FUT4,48.3,0.10205346228005643
CCTCCTGCAGGTGGTCCCAC,CTGACCTCCTGCAGGTGGTCCCACAGGTTC,ANPEP,53.5,-1.5149008530489851
CCTCCTTCTGGGACGAGCCT,ATCACCTCCTTCTGGGACGAGCCTTGGTGC,FUT4,94.5,-1.555193198754702
CCTGACCTGCTCTGTGTCCT,AAAACCTGACCTGCTCTGTGTCCTGGGCCT,CD33,45.3,-0.5837767643531119
CCTGAGGACTGAGGCGCCCT,GCATCCTGAGGACTGAGGCGCCCTGGGGTG,ANPEP,49.5,0.31922439122257446
CCTGATTTTGGGAGTGGGTA,CTCACCTGATTTTGGGAGTGGGTAGGGTGT,ANPEP,34.7,-0.9217274128388536
CCTGCTGAACCTCAATGTGA,GGGTCCTGCTGAACCTCAATGTGACGGGCT,ANPEP,64.6,0.5710072844364509
CCTGCTTCTTCAGGTAGTTC,GTGACCTGCTTCTTCAGGTAGTTCTGGGGA,ANPEP,74.3,-1.1907338259206872
CCTGGAAAGATACCAGTTGT,ATCTCCTGGAAAGATACCAGTTGTTGGGTT,CD33,65.5,-0.870554459802909
CCTGGCGTCTACGATGCTCA,TCCTCCTGGCGTCTACGATGCTCAGGGAGC,CD33,28.3,1.2190887043070677
CCTGGCTGCTTTCCTCCTGT,CTGTCCTGGCTGCTTTCCTCCTGTGGGTCT,CD33,78.2,0.16425100127743972
CCTGGGGATCCTCCTGGGCG,GCATCCTGGGGATCCTCCTGGGCGTGGCAG,ANPEP,1.9,-1.579839106028711
CCTGGGGCTGGAGGTCGCCA,GGGGCCTGGGGCTGGAGGTCGCCAGGGCTT,FUT4,52.8,1.3005586471305273
CCTGTGGGACCACCTGCAGG,TGAACCTGTGGGACCACCTGCAGGAGGTCA,ANPEP,53.9,0.8117702386273438
CCTGTTTCCTGGACAGTGGC,AGCCCCTGTTTCCTGGACAGTGGCGGGGCC,FUT4,65.7,0.681946886014682
CCTTCACCAGGGAGCCCTTG,CTGTCCTTCACCAGGGAGCCCTTGAGGTGC,ANPEP,17.2,-0.08160600876530447
CCTTCACGAGGTCGCGGTGG,GGCCCCTTCACGAGGTCGCGGTGGTGGAAA,FUT4,44.9,1.1053086127280336
CCTTGGACCAAAGTAAAGCG,ACCACCTTGGACCAAAGTAAAGCGTGGAAT,ANPEP,7.1,1.2526541148918702
CCTTTCTTCCACTGCGCCCG,CGTCCCTTTCTTCCACTGCGCCCGGGGCCC,FUT4,7.1,-1.187709518534139
CGAACAGCAGGGAGTTCTCC,GGGTCGAACAGCAGGGAGTTCTCCCGGTAG,ANPEP,37.6,0.13181284167692445
CGAACTTCACCTGACAGGTC,CCAGCGAACTTCACCTGACAGGTCAGGTTG,CD33,57.7,0.9933865254778845
CGAAGCATGGGAAGGACTTC,TCATCGAAGCATGGGAAGGACTTCCGGGCA,ANPEP,22.6,-0.3903378909406926
CGAAGCCCTCGTTCAGCCAC,GAGGCGAAGCCCTCGTTCAGCCACAGGTCA,ANPEP,42.1,0.6516989168631985
CGACATTGACAAGACTGAGC,CCCCCGACATTGACAAGACTGAGCTGGTGG,ANPEP,15.8,0.3907754167563407
CGACCGCGCGTCCTACGGAG,TCACCGACCGCGCGTCCTACGGAGAGGCTC,FUT4,43.2,1.2677672362928494
CGACGGGGTTGGCGACGCCC,GTCGCGACGGGGTTGGCGACGCCCAGGGCA,FUT4,34.0,0.9093062039343569
CGAGATGGGGGTCTACCTGG,TCCCCGAGATGGGGGTCTACCTGGTGGGCC,ANPEP,40.6,0.5591365624747116
CGAGCCCCACGGTGCCCCCA,TCGGCGAGCCCCACGGTGCCCCCATGGCGC,FUT4,23.8,0.6108134399137725
CGAGGCCGCCCCCTGACTGC,GCCCCGAGGCCGCCCCCTGACTGCCGGCTG,FUT4,39.5,1.1711113487376492
CGAGGGCTTCGCCTCCTACG,TGAACGAGGGCTTCGCCTCCTACGTGGAGT,ANPEP,42.9,1.0706359633166609
CGAGGTCTATGGCCCCATGA,GCTCCGAGGTCTATGGCCCCATGAAGGTAC,ANPEP,74.1,0.30691514906953976
CGAGTCGCCCTCGCACTCCC,ACTTCGAGTCGCCCTCGCACTCCCCGGGGC,FUT4,56.9,0.43918175481391736
CGATTATGCCCTGAACGTGA,ACGGCGATTATGCCCTGAACGTGACGGGCC,ANPEP,33.0,-1.736733151036168
CGCAGCCCCGGGGAGTGCGA,GCTTCGCAGCCCCGGGGAGTGCGAGGGCGA,FUT4,56.7,1.1455272977980768
CGCAGCCGGCAGTCAGGGGG,GAAGCGCAGCCGGCAGTCAGGGGGCGGCCT,FUT4,39.2,0.6947211114949301
CGCAGCTACAGCATGAGAGC,GAGCCGCAGCTACAGCATGAGAGCCGGTGC,FUT4,19.4,-1.1889449879964002
CGCAGGAGGCTCCCGGGGCC,GCGCCGCAGGAGGCTCCCGGGGCCTGGTCG,FUT4,5.5,-1.4091783227860528
CGCCACTGTCCAGGAAACAG,GCCCCGCCACTGTCCAGGAAACAGGGGCTG,FUT4,66.5,1.319286767296663
CGCCATGGAGAACTGGGGAC,CCGGCGCCATGGAGAACTGGGGACTGGTGA,ANPEP,36.9,-0.9423757941637766
CGCCCCGCCCGGCACTTGGG,GGCTCGCCCCGCCCGGCACTTGGGAGGAGC,FUT4,12.6,-0.25811514910562666
CGCCCGCCCGCCGCCGCCGT,GCGCCGCCCGCCCGCCGCCGCCGTCGGCGA,FUT4,25.2,0.3997459390632933
CGCCGACGGCGGCGGCGGGC,GGCTCGCCGACGGCGGCGGCGGGCGGGCGG,FUT4,25.8,-0.43849503525098327
CGCCGCAATGGCACTGGGCC,GGCCCGCCGCAATGGCACTGGGCCGGGCCC,ANPEP,31.5,-1.6186926824958223
CGCCGGCGCCATGGAGAACT,TCAACGCCGGCGCCATGGAGAACTGGGGAC,ANPEP,36.7,-1.1712503189197996
CGCCGGCGTTGAAGTCTGGC,ATGGCGCCGGCGTTGAAGTCTGGCAGGCCA,ANPEP,35.8,-1.430808020736237
CGCCGTACACGTCAAGCCGG,TCAGCGCCGTACACGTCAAGCCGGCGGCCG,FUT4,30.0,0.9572291903402108
CGCCTCCTACGTGGAGTACC,GCTTCGCCTCCTACGTGGAGTACCTGGGTG,ANPEP,43.2,-1.51679231335517
CGCCTCGGAGATCAACACGC,CACCCGCCTCGGAGATCAACACGCCGGCCC,ANPEP,47.9,0.8431991820083551
CGCCTGGATGCCCCAGGGCG,TGTGCGCCTGGATGCCCCAGGGCGGGGGCC,FUT4,47.3,-1.4199737985947414
CGCGCCATGGGGGCACCGTG,TGTTCGCGCCATGGGGGCACCGTGGGGCTC,FUT4,24.2,0.8223134443458715
CGCGGGCTGGGAGAAGGAGT,CGGGCGCGGGCTGGGAGAAGGAGTGGGCGG,FUT4,3.5,-1.712247087726212
CGCGGGTGGCGCCGAGGCCG,GCGGCGCGGGTGGCGCCGAGGCCGGGGGCT,FUT4,27.4,-0.8939445991312545
CGCGTCCTACGGAGAGGCTC,ACCGCGCGTCCTACGGAGAGGCTCAGGCCG,FUT4,43.6,1.4650736438843242
CGCGTTGCGCCAGAGCTTCT,GCAACGCGTTGCGCCAGAGCTTCTCGGTGA,FUT4,79.9,-1.150283121472185
CGCTATCGCCCAGGGCGGGG,GCAACGCTATCGCCCAGGGCGGGGAGGAGG,ANPEP,83.1,-1.1638982029195855
CGCTCGTAGTTGGCACGGTC,AAAGCGCTCGTAGTTGGCACGGTCTGGGCC,FUT4,83.4,-1.4480013687204631
CGCTGAAACCCGATTCCTAC,AACACGCTGAAACCCGATTCCTACCGGGTG,ANPEP,8.7,-1.370693493109717
CGCTGATCACCTACGCTTGC,ACGGCGCTGATCACCTACGCTTGCTGGGGG,FUT4,32.0,0.17638352180997746
CGCTGATGTTGAAGCGCAGC,CAGCCGCTGATGTTGAAGCGCAGCCGGCAG,FUT4,40.1,-0.3169517294945814
CGCTGCCTGTTCGCGCCATG,GCAGCGCTGCCTGTTCGCGCCATGGGGGCA,FUT4,23.5,0.20059406245531183
CGCTGCGGTAGAAGCCCGCC,TACTCGCTGCGGTAGAAGCCCGCCAGGTCA,ANPEP,19.7,-0.3351918576546721
CGCTGGAGCTGGTGTGACTA,AGTTCGCTGGAGCTGGTGTGACTACGGAGA,CD33,60.6,-1.5335568992911948
CGCTGGCCCGGGAATGGAAG,TCGCCGCTGGCCCGGGAATGGAAGGGGGCG,FUT4,15.8,0.1712380721552246
CGCTTTACTTTGGTCCAAGG,TCCACGCTTTACTTTGGTCCAAGGTGGTGG,ANPEP,6.6,-0.8222494502183103
CGGAACCAGTAACCATGAAC,TTCCCGGAACCAGTAACCATGAACTGGGGA,CD33,15.3,0.5028158866932244
CGGCACCAACCTGACCTGTC,ACCACGGCACCAACCTGACCTGTCAGGTGA,CD33,57.9,0.3509741055003319
CGGCAGTCAGGGGGCGGCCT,CAGCCGGCAGTCAGGGGGCGGCCTCGGGGC,FUT4,38.8,-1.5729205900463952
CGGCCCAGTGCCATTGCGGC,GGCCCGGCCCAGTGCCATTGCGGCGGGCCA,ANPEP,32.0,-1.4916980189176752
CGGCGACCCGCCCTCAGGCC,ACCCCGGCGACCCGCCCTCAGGCCTGGCCC,FUT4,64.8,-1.0223395294076103
CGGCGAGCGGCAGCGACGGC,CCAGCGGCGAGCGGCAGCGACGGCTGGAGC,FUT4,17.8,-1.003784408514876
CGGCGGCGGGCGGGCGGCGC,ACGGCGGCGGCGGGCGGGCGGCGCGGGTGG,FUT4,26.4,-0.26490585488490964
CGGCGGGCGGGCGGCGCGGG,GCGGCGGCGGGCGGGCGGCGCGGGTGGCGC,FUT4,26.6,-1.3667563479322558
CGGCGTGTTGATCTCCGAGG,GGGCCGGCGTGTTGATCTCCGAGGCGGGTG,ANPEP,47.5,1.1526452590557663
CGGCTCATCGAAGCATGGGA,TGGCCGGCTCATCGAAGCATGGGAAGGACT,ANPEP,22.9,1.081602498878707
CGGCTCTCATGCTGTAGCTG,GCACCGGCTCTCATGCTGTAGCTGCGGCTC,FUT4,18.6,-1.2994317866057412
CGGCTGCGCTTCAACATCAG,CTGCCGGCTGCGCTTCAACATCAGCGGCTG,FUT4,40.8,0.9626663500981781
CGGGGCCTGGTCGGGCCGGC,CTCCCGGGGCCTGGTCGGGCCGGCTGGGCC,FUT4,6.3,-1.6537155776778614
CGGGGCGAGCCGCCAGGGCA,CGGGCGGGGCGAGCCGCCAGGGCAAGGTGA,FUT4,10.9,-0.7644798302669785
CGGGGGTGTTCCCTGCTCAC,AGATCGGGGGTGTTCCCTGCTCACAGGCCC,CD33,46.4,-1.7419730420035255
CGGGGTGGCTTCTGGGGTAG,TCGCCGGGGTGGCTTCTGGGGTAGAGGTAG,FUT4,62.8,1.100244821687556
CGGGGTGGTGGAGGCCACGG,CGGACGGGGTGGTGGAGGCCACGGGGGAGC,ANPEP,4.7,-0.14562922683577786
CGGGTCGCCGGGGTGGCTTC,AGGGCGGGTCGCCGGGGTGGCTTCTGGGGT,FUT4,63.3,0.2275931886150544
CGGTCACATGTTGGCTCAGT,TCCACGGTCACATGTTGGCTCAGTTGGTGG,FUT4,70.9,0.9297786119832598
CGGTCTCAGCGTCACCCGGT,GGTACGGTCTCAGCGTCACCCGGTAGGAAT,ANPEP,8.8,0.23896062472550816
CGGTCTGGGCCCAGCACCAC,GGCACGGTCTGGGCCCAGCACCACCGGCAC,FUT4,82.5,1.1096025321450138
CGGTGCCCGGTTGGGCGTCC,CGGGCGGTGCCCGGTTGGGCGTCCTGGCCA,FUT4,9.6,-1.4995380758602657
CGGTGCTCATAATCACCCCA,TCCTCGGTGCTCATAATCACCCCACGGCCC,CD33,54.8,1.120661871678111
CGGTGGACCGCAGGTTGGGG,TAGACGGTGGACCGCAGGTTGGGGTGGATC,ANPEP,81.6,0.6619459874814139
CGGTGGGCGTGCTGCTGTGG,CGACCGGTGGGCGTGCTGCTGTGGTGGGAG,FUT4,36.3,1.0698678007545763
CGTACAGGCCCCTGTCATTG,AAAACGTACAGGCCCCTGTCATTGGGGGTG,ANPEP,9.9,0.21775792918516232
CGTACCTCACCCCCAATGAC,AGACCGTACCTCACCCCCAATGACAGGGGC,ANPEP,9.9,0.05100355534605997
CGTATTCAAGCAGGGCCTGG,AGGACGTATTCAAGCAGGGCCTGGCGGTGA,ANPEP,51.6,1.1640486519734903
CGTCAAACAGCTCACTGATC,ATGGCGTCAAACAGCTCACTGATCTGGGCC,ANPEP,48.3,-1.3199793518679528
CGTCCCAGAAGGAGGTGATG,GGCTCGTCCCAGAAGGAGGTGATGTGGACA,FUT4,93.3,0.969806602870741
CGTCCGCAGGCGTGGAGGAG,CACGCGTCCGCAGGCGTGGAGGAGCGGCAC,FUT4,20.3,-1.0793302109440652
CGTCCGTTTCACCTGCAAGG,GCACCGTCCGTTTCACCTGCAAGGAGGCCA,ANPEP,11.7,1.2226706431356948
CGTGATGGCAGTGGATGCAC,ACCGCGTGATGGCAGTGGATGCACTGGCCT,ANPEP,46.2,1.309540601883371
CGTGTTCGGCCGGGGCGGGC,TGGACGTGTTCGGCCGGGGCGGGCCGGGGC,FUT4,73.3,0.6042152253805636
CGTTCAGGGCATAATCGCCG,GTCACGTTCAGGGCATAATCGCCGTGGCCC,ANPEP,32.4,1.0374139743494621
CTACCGCAGCGAGTACATGG,GCTTCTACCGCAGCGAGTACATGGAGGGCA,ANPEP,20.5,0.9541027449453725
CTACGAGGAGGCAGCGGCGG,TGGACTACGAGGAGGCAGCGGCGGCGGCAG,FUT4,51.7,0.2576023098735422
CTACTGCAACGCTATCGCCC,CCGTCTACTGCAACGCTATCGCCCAGGGCG,ANPEP,82.8,1.2797160896042319
CTCAACTACACCCTCAGCCA,GAAGCTCAACTACACCCTCAGCCAGGGGCA,ANPEP,13.6,0.4035599618254812
CTCACACTCTGGAACTCCGT,TCTCCTCACACTCTGGAACTCCGTTGGAGC,ANPEP,78.9,1.3855542362879019
CTCACCGACCGCGCGTCCTA,CCTGCTCACCGACCGCGCGTCCTACGGAGA,FUT4,42.9,0.9794283332129717
CTCACCTTTGGGAAGCATGT,CCCACTCACCTTTGGGAAGCATGTTGGACA,ANPEP,25.7,0.6498474842965926
CTCACTTGAATTCTGAGGGG,TCTGCTCACTTGAATTCTGAGGGGCGGGTA,ANPEP,59.6,0.0019062442573838797
CTCAGTCTTGTCAATGTCGG,CCAGCTCAGTCTTGTCAATGTCGGGGGGCT,ANPEP,15.3,-1.124092506954795
CTCATCCATCTCCACAGTAG,GCTCCTCATCCATCTCCACAGTAGGGGCGG,CD33,90.5,-0.8785007259193394
CTCCAGCAGCAACAAGGAGC,CCTCCTCCAGCAGCAACAAGGAGCGGGTGG,ANPEP,39.2,-0.2815536484048041
CTCCCACTCACTGGTCCATC,AGAGCTCCCACTCACTGGTCCATCAGGTTT,ANPEP,77.2,-1.4919793470818088
CTCCCCGGGGCTGCGAAGCC,CGCACTCCCCGGGGCTGCGAAGCCTGGCAA,FUT4,57.9,-1.4622961825540948
CTCCCGGGGCCTGGTCGGGC,GAGGCTCCCGGGGCCTGGTCGGGCCGGCTG,FUT4,6.0,-1.1469902087050605
CTCCTCCCAAGTGCCGGGCG,CCTGCTCCTCCCAAGTGCCGGGCGGGGCGA,FUT4,12.0,-0.04257519008599452
CTCCTTGCAGGTGAAACGGA,TGGCCTCCTTGCAGGTGAAACGGACGGTGC,ANPEP,11.3,-0.03560920898400443
CTCCTTGTTGCTGCTGGAGG,CCCGCTCCTTGTTGCTGCTGGAGGAGGACA,ANPEP,38.7,-1.4318159586256312
CTCGGGCGCGGGCTGGGAGA,AGCCCTCGGGCGCGGGCTGGGAGAAGGAGT,FUT4,3.1,-1.4477800139519845
CTCTACCCCAGAAGCCACCC,CTACCTCTACCCCAGAAGCCACCCCGGCGA,FUT4,63.6,1.1260434241413946
CTCTCCGTAGGACGCGCGGT,GAGCCTCTCCGTAGGACGCGCGGTCGGTGA,FUT4,42.4,1.2899958615245775
CTCTGGAACTCCGTTGGAGC,CACACTCTGGAACTCCGTTGGAGCAGGCGG,ANPEP,78.7,0.9164355054370229
CTGACAACCAGGAGAAGATC,GCAGCTGACAACCAGGAGAAGATCGGGGGT,CD33,48.1,0.5733077435754433
CTGACTATGCGGAGCCCACC,GGTGCTGACTATGCGGAGCCCACCTGGAAC,ANPEP,44.1,-0.5308419021799284
CTGAGGGCGGGTCGCCGGGG,AGGCCTGAGGGCGGGTCGCCGGGGTGGCTT,FUT4,63.8,0.8236045651661517
CTGATCACCTACGCTTGCTG,GGCGCTGATCACCTACGCTTGCTGGGGGCA,FUT4,32.1,0.8239818601022043
CTGCACCTTGCTGTAGGAGA,CGGGCTGCACCTTGCTGTAGGAGATGGCGT,ANPEP,49.1,-0.48713629045394147
CTGCCGCTCGCCGCTGGCCC,GTCGCTGCCGCTCGCCGCTGGCCCGGGAAT,FUT4,16.4,-1.0473240478194863
CTGCTCACTTGAATTCTGAG,CCATCTGCTCACTTGAATTCTGAGGGGCGG,ANPEP,59.7,0.48093512883133827
CTGCTCAGGGCGGCCTCCCA,CAGGCTGCTCAGGGCGGCCTCCCAGGGCAT,ANPEP,71.8,-1.2577267941047032
CTGCTGAACCTCAATGTGAC,GGTCCTGCTGAACCTCAATGTGACGGGCTA,ANPEP,64.6,-0.05461970790297468
CTGCTGTCTGCCATCTCTGA,CCTGCTGCTGTCTGCCATCTCTGATGGATG,ANPEP,61.1,0.044049432783247175
CTGCTGTGGTGGGAGCCCTT,CGTGCTGCTGTGGTGGGAGCCCTTCGGGGG,FUT4,37.0,-0.01370608690836199
CTGCTTCTTCAGGTAGTTCT,TGACCTGCTTCTTCAGGTAGTTCTGGGGAA,ANPEP,74.3,-1.3517632658399275
CTGGAAAGATACCAGTTGTT,TCTCCTGGAAAGATACCAGTTGTTGGGTTC,CD33,65.4,-0.9712494601172407
CTGGACGCTCTCCTACCGGG,TCAACTGGACGCTCTCCTACCGGGCGGACT,FUT4,60.3,0.9529412191118714
CTGGCAGGCCAATCTGGTCT,AAGTCTGGCAGGCCAATCTGGTCTGGGGAG,ANPEP,35.3,-0.5788455305136243
CTGGCCAGCTCACCTTGCCC,CGTCCTGGCCAGCTCACCTTGCCCTGGCGG,FUT4,10.8,-1.0045279373689977
CTGGCCCGGGGGCCTGGGGC,AGCGCTGGCCCGGGGGCCTGGGGCTGGAGG,FUT4,53.5,-1.2180187890860483
CTGGCTTACCAAGTTCCAGG,GCAGCTGGCTTACCAAGTTCCAGGTGGGCT,ANPEP,44.2,0.33190941126639506
CTGGGAAAGGGTCCCCGTGC,GCTCCTGGGAAAGGGTCCCCGTGCTGGTAT,ANPEP,57.6,-0.4373325810507763
CTGGGACGAGCGCCAGGCCC,GCCACTGGGACGAGCGCCAGGCCCGGGTCC,FUT4,69.4,1.1628618156309347
CTGGGAGAAGGAGTGGGCGG,CGGGCTGGGAGAAGGAGTGGGCGGAGGCGC,FUT4,3.8,-1.5591928508860369
CTGGGGACTGGTGACCTACC,AGAACTGGGGACTGGTGACCTACCGGGAGA,ANPEP,37.3,0.2064255045246588
CTGGGGTAGAGGTAGCCATA,GCTTCTGGGGTAGAGGTAGCCATAAGGCAC,FUT4,62.1,0.7494981922941155
CTGGTATCCACCGTGATGAC,CGTGCTGGTATCCACCGTGATGACCGGGAA,ANPEP,56.9,-0.5979637259900721
CTGTCACATGCACAGAGAGC,TCACCTGTCACATGCACAGAGAGCTGGGGA,CD33,36.6,0.23524737703868018
CTGTCATTGGGGGTGAGGTA,GCCCCTGTCATTGGGGGTGAGGTACGGTCT,ANPEP,9.5,-0.17407644341050138
CTGTCCAACATGCTTCCCAA,AGCCCTGTCCAACATGCTTCCCAAAGGTGA,ANPEP,25.9,0.6670931731282638
CTGTCCACATCACCTCCTTC,TACGCTGTCCACATCACCTCCTTCTGGGAC,FUT4,93.8,0.4560034968086347
CTGTGGTGGGAGCCCTTCGG,GCTGCTGTGGTGGGAGCCCTTCGGGGGGCG,FUT4,37.2,1.0379395653183447
CTGTTTCCTGGACAGTGGCG,GCCCCTGTTTCCTGGACAGTGGCGGGGCCA,FUT4,65.6,1.370282198695439
CTTCACCTGACAGGTCAGGT,CGAACTTCACCTGACAGGTCAGGTTGGTGC,CD33,57.4,0.6573469661272214
CTTCATGGGGCCATAGACCT,GTACCTTCATGGGGCCATAGACCTCGGAGC,ANPEP,73.7,0.7097551716038178
CTTCCCAAGTGCCTCCTCCC,ACGACTTCCCAAGTGCCTCCTCCCTGGCCT,FUT4,87.8,1.2242379427401093
CTTCCCATGCTTCGATGAGC,AGTCCTTCCCATGCTTCGATGAGCCGGCCA,ANPEP,23.3,-0.5396836855784842
CTTCGATGAGCCGGCCATGA,CATGCTTCGATGAGCCGGCCATGAAGGCCG,ANPEP,23.6,0.31681637242894
CTTCTACCGCAGCGAGTACA,CGGGCTTCTACCGCAGCGAGTACATGGAGG,ANPEP,20.4,0.22155798426628664
CTTCTATATTTCCAAGTCCC,AGGGCTTCTATATTTCCAAGTCCCTGGGCA,ANPEP,1.0,-0.34531762930591575
CTTCTCCCAGCCCGCGCCCG,ACTCCTTCTCCCAGCCCGCGCCCGAGGGCT,FUT4,2.3,-1.4441719060178324
CTTGCCAGGCTTCGCAGCCC,GTTACTTGCCAGGCTTCGCAGCCCCGGGGA,FUT4,57.4,1.041590238304125
CTTGGAAATATAGAAGCCCT,GGGACTTGGAAATATAGAAGCCCTTGGCCA,ANPEP,0.3,0.7896975819526901
CTTGTCAATGTCGGGGGGCT,CAGTCTTGTCAATGTCGGGGGGCTGGGAGC,ANPEP,15.1,-1.437215480936756
CTTTGGGAAGCATGTTGGAC,TCACCTTTGGGAAGCATGTTGGACAGGGCT,ANPEP,25.5,-1.3512938528705132
GAAAAGCAGGTACGAGGCCA,CGAGGAAAAGCAGGTACGAGGCCAGGGAGG,FUT4,88.2,0.2597090719331939
GAAACAGGGGCTGGTGGCAT,CCAGGAAACAGGGGCTGGTGGCATGGGTGG,FUT4,67.3,0.9234022904914916
GAAAGCAGCCAGGACAGCAG,GGAGGAAAGCAGCCAGGACAGCAGTGGGCA,CD33,80.1,-0.7317774039269995
GAAATAATACCAACAACTGG,TTCAGAAATAATACCAACAACTGGAGGGAG,ANPEP,76.3,0.40700906678563425
GAAATTTGGATCCATAGCCA,GCCAGAAATTTGGATCCATAGCCAGGGCCC,CD33,4.2,-0.767890419639312
GAACACCCCCGATCTTCTCC,CAGGGAACACCCCCGATCTTCTCCTGGTTG,CD33,48.5,0.1351633140285165
GAACAGCTTGAGGTTTCAGT,ACCTGAACAGCTTGAGGTTTCAGTGGGGCC,CD33,87.7,-0.8016729630050573
GAACCAGTAACCATGAACTG,CCCGGAACCAGTAACCATGAACTGGGGAGT,CD33,15.2,1.3154621144908594
GAACCGCTGGACCCTGCAGA,TCATGAACCGCTGGACCCTGCAGATGGGCT,ANPEP,56.3,0.09755949415060425
GAACCTGTGGGACCACCTGC,ACCTGAACCTGTGGGACCACCTGCAGGAGG,ANPEP,53.8,0.09380512189307152
GAACGCCAACAGCTCCCCCG,ACAAGAACGCCAACAGCTCCCCCGTGGCCT,ANPEP,4.6,0.12464355398409899
GAAGCATGGGAAGGACTTCC,CATCGAAGCATGGGAAGGACTTCCGGGCAT,ANPEP,22.6,-1.3323403257873097
GAAGCCCTCGGGCGCGGGCT,CCCGGAAGCCCTCGGGCGCGGGCTGGGAGA,FUT4,2.7,-1.5083722236514019
GAAGCGCAGCCGGCAGTCAG,TGTTGAAGCGCAGCCGGCAGTCAGGGGGCG,FUT4,39.4,1.0533149353538611
GAAGGACAGCCAGTATGAGA,TGGTGAAGGACAGCCAGTATGAGATGGACA,ANPEP,18.2,1.5161630813040723
GAAGTACAGGAGGAGACTCA,TCAAGAAGTACAGGAGGAGACTCAGGGCAG,CD33,23.5,0.6720254983803141
GAAGTAGCGGCGATAGACCG,AGTGGAAGTAGCGGCGATAGACCGCGGGGT,FUT4,90.5,0.9024879048442224
GAAGTAGCTCAGGCTGCTCA,GCTTGAAGTAGCTCAGGCTGCTCAGGGCGG,ANPEP,72.2,1.0117547138849534
GAAGTGGGGTGCTGGGACCT,TCTGGAAGTGGGGTGCTGGGACCTGGGCAG,ANPEP,26.1,-1.6330895953109574
GAATGACCTGTGGCTGAACG,GGTGGAATGACCTGTGGCTGAACGAGGGCT,ANPEP,42.3,0.22508495550257837
GAATGATGTGTACCGCGTGA,TGCTGAATGATGTGTACCGCGTGATGGCAG,ANPEP,45.7,0.8291609472975651
GAATTTGCAGAAAGACCTCA,TGGGGAATTTGCAGAAAGACCTCATGGTGC,ANPEP,44.8,0.13060173016549256
GACAACCAGGAGAAGATCGG,AGCTGACAACCAGGAGAAGATCGGGGGTGT,CD33,47.9,1.1600072590116683
GACAAGAACTCCCCAGTTCA,CTACGACAAGAACTCCCCAGTTCATGGTTA,CD33,15.3,0.8091629114365783
GACACTCACGGGTTATTATT,GGGAGACACTCACGGGTTATTATTGGGGTT,ANPEP,81.0,-1.601033502753669
GACAGGGACCTTATGGGCAC,GAGTGACAGGGACCTTATGGGCACTGGGAA,ANPEP,69.2,0.7136884119534651
GACAGGGCTGTCAGGTCCTT,GTTGGACAGGGCTGTCAGGTCCTTGGGGTG,ANPEP,24.9,-0.6882359522614261
GACAGGTCAGGTTGGTGCCG,ACCTGACAGGTCAGGTTGGTGCCGTGGTCC,CD33,56.6,0.749232149047153
GACCCCCACTCACCTGATTT,CAAGGACCCCCACTCACCTGATTTTGGGAG,ANPEP,35.1,-1.5846463120083567
GACCCTGCAGATGGGCTTCC,GCTGGACCCTGCAGATGGGCTTCCCGGTCA,ANPEP,56.6,-1.658128152800483
GACCGCCCCCTTCCATTCCC,CTGGGACCGCCCCCTTCCATTCCCGGGCCA,FUT4,16.1,-0.6144459847656426
GACCGGGAAGCCCATCTGCA,TGATGACCGGGAAGCCCATCTGCAGGGTCC,ANPEP,56.3,1.4087684038573944
GACCGGTGGGCGTGCTGCTG,TCGCGACCGGTGGGCGTGCTGCTGTGGTGG,FUT4,36.2,0.9291838707601602
GACCGTGGACGTGTTCGGCC,ATGTGACCGTGGACGTGTTCGGCCGGGGCG,FUT4,72.8,0.826469650142572
GACCTCCAGCCCCAGGCCCC,TGGCGACCTCCAGCCCCAGGCCCCCGGGCC,FUT4,53.9,0.18438827330662705
GACGGGGTTGGCGACGCCCA,TCGCGACGGGGTTGGCGACGCCCAGGGCAG,FUT4,33.9,0.7088597732853729
GACGTCAGTGGCCTCCTTGC,TGATGACGTCAGTGGCCTCCTTGCAGGTGA,ANPEP,11.7,0.2144015953599696
GACGTCCGAGTCCGCCCGGT,CAAAGACGTCCGAGTCCGCCCGGTAGGAGA,FUT4,60.3,1.0328478039197186
GAGACAGTACATGCCCTGGG,AAGAGAGACAGTACATGCCCTGGGAGGCCG,ANPEP,71.7,1.5181146705112218
GAGACCATCTCCTCACACTC,GCCAGAGACCATCTCCTCACACTCTGGAAC,ANPEP,79.2,-0.15617279730784805
GAGATGGACAGCGAGTTCGA,GTATGAGATGGACAGCGAGTTCGAGGGGGA,ANPEP,18.8,0.17475150996019723
GAGATGGGGGTCTACCTGGT,CCCCGAGATGGGGGTCTACCTGGTGGGCCA,ANPEP,40.5,0.5606874368751906
GAGCCACTGGGACGAGCGCC,TGGTGAGCCACTGGGACGAGCGCCAGGCCC,FUT4,69.0,-1.3443820316922241
GAGCCTCTCCGTAGGACGCG,GCCTGAGCCTCTCCGTAGGACGCGCGGTCG,FUT4,42.7,1.3039344516879616
GAGGAAGTGCTCCTGGGAAA,CAAGGAGGAAGTGCTCCTGGGAAAGGGTCC,ANPEP,58.0,0.3987857114063286
GAGGAGCAGGGCAGGGCCCG,TTGGGAGGAGCAGGGCAGGGCCCGCGGCCT,FUT4,13.7,-0.7756086703860583
GAGGATCCCCAGGATGCCCA,CCAGGAGGATCCCCAGGATGCCCAGGGACT,ANPEP,1.2,0.23718078821410685
GAGGCCAGGGAGGAGGCACT,GTACGAGGCCAGGGAGGAGGCACTTGGGAA,FUT4,87.4,-0.05733325660448594
GAGGCGCCGCAGGAGGCTCC,GGCGGAGGCGCCGCAGGAGGCTCCCGGGGC,FUT4,5.0,-1.071701150502599
GAGGCTCCCGGGGCCTGGTC,GCAGGAGGCTCCCGGGGCCTGGTCGGGCCG,FUT4,5.8,-1.3738123796086807
GAGGTGCACCACCAGGTACT,CCTTGAGGTGCACCACCAGGTACTCGGTGG,ANPEP,16.6,-0.029388664681413833
GAGTCAGTGACGGTACAGGA,GCAGGAGTCAGTGACGGTACAGGAGGGTTT,CD33,8.7,1.319702470125246
GAGTCGCCCTCGCACTCCCC,CTTCGAGTCGCCCTCGCACTCCCCGGGGCT,FUT4,57.0,0.9586761137835951
GAGTGTGAGGAGATGGTCTC,TCCAGAGTGTGAGGAGATGGTCTCTGGCCT,ANPEP,79.7,-1.6442986212800117
GAGTTGGCAGATGACCTGGC,GGGGGAGTTGGCAGATGACCTGGCGGGCTT,ANPEP,19.6,0.08139616080488417
GATAAGCGTGATGTTGAACT,GGTGGATAAGCGTGATGTTGAACTCGGCCT,ANPEP,24.0,0.6502124787462954
GATAGCGTTGCAGTAGACGG,GGGCGATAGCGTTGCAGTAGACGGTGGACC,ANPEP,82.2,1.1353111366375397
GATGAGGATTTTGGGCCTGT,CAGGGATGAGGATTTTGGGCCTGTGGGTCA,CD33,39.3,0.3005058411005379
GATGAGGCGCTTGTGGGGCG,AGCGGATGAGGCGCTTGTGGGGCGCGGCCC,FUT4,1.0,-1.2365558819417912
GATGGACAGCGAGTTCGAGG,ATGAGATGGACAGCGAGTTCGAGGGGGAGT,ANPEP,18.8,1.475217872886936
GATGGGCTTCCCGGTCATCA,TGCAGATGGGCTTCCCGGTCATCACGGTGG,ANPEP,57.0,0.860286399124341
GATGGGGCCCGTCACGTTCA,TAAGGATGGGGCCCGTCACGTTCAGGGCAT,ANPEP,32.9,-0.4396057858931117
GATGGTGTTCTGGTAGGCAA,GGTAGATGGTGTTCTGGTAGGCAAAGGTGT,ANPEP,52.4,-0.3772413424897928
GATGTTGAACTCGGCCTTCA,GCGTGATGTTGAACTCGGCCTTCATGGCCG,ANPEP,23.7,-0.09237115563570276
GATTATGCCCTGAACGTGAC,CGGCGATTATGCCCTGAACGTGACGGGCCC,ANPEP,33.0,0.6812141497141578
GATTCATCCCATGAAAGTTG,GAAGGATTCATCCCATGAAAGTTGAGGGAA,CD33,94.2,-1.4377901826729325
GCAACGCTATCGCCCAGGGC,TACTGCAACGCTATCGCCCAGGGCGGGGAG,ANPEP,83.0,1.0417849512013242
GCACGCCCACCGGTCGCGAC,AGCAGCACGCCCACCGGTCGCGACGGGGTT,FUT4,35.0,0.46610075061374007
GCACTTGGGAGGAGCAGGGC,CCCGGCACTTGGGAGGAGCAGGGCAGGGCC,FUT4,13.2,-0.8090089504514479
GCAGACAGCAGCAGGACTAC,GATGGCAGACAGCAGCAGGACTACTGGCTG,ANPEP,61.9,0.6796786153725526
GCAGAGACAAAGAGCGAGCA,TGAGGCAGAGACAAAGAGCGAGCAGGGCTG,CD33,74.1,0.7451106435887209
GCAGCTGCCGCCGCTGCCCT,GGGGGCAGCTGCCGCCGCTGCCCTGGGCGT,FUT4,33.6,0.7967279553498563
GCAGGACCACCCTGTGCCCC,CCACGCAGGACCACCCTGTGCCCCTGGCTG,ANPEP,13.8,-0.058119417546896625
GCAGGAGTCAGTGACGGTAC,AAGTGCAGGAGTCAGTGACGGTACAGGAGG,CD33,8.3,1.2026680296685992
GCAGGCATCCAATGGTGTCT,AGAAGCAGGCATCCAATGGTGTCTTGGTAT,ANPEP,30.7,-0.4842851020366343
GCAGGTGAAACGGACGGTGC,CCTTGCAGGTGAAACGGACGGTGCTGGAGC,ANPEP,11.1,-1.4066841672750479
GCAGGTGGTCCCACAGGTTC,TCCTGCAGGTGGTCCCACAGGTTCAGGTAG,ANPEP,53.3,-1.2996161097336076
GCAGTCAGGGGGCGGCCTCG,GCCGGCAGTCAGGGGGCGGCCTCGGGGCGC,FUT4,38.7,0.8133600594180289
GCATCGTAGACGCCAGGAGG,CTGAGCATCGTAGACGCCAGGAGGAGGGAT,CD33,29.9,1.205346752279025
GCATGTTGGACAGGGCTGTC,GGAAGCATGTTGGACAGGGCTGTCAGGTCC,ANPEP,25.2,-0.8831585048930986
GCCAACCCCGTCGCGACCGG,CGTCGCCAACCCCGTCGCGACCGGTGGGCG,FUT4,35.3,1.137118568284434
GCCAGCACACAGACGGTCCA,GGCCGCCAGCACACAGACGGTCCATGGCAG,FUT4,28.4,0.9895788574673238
GCCAGCTCACCTTGCCCTGG,CCTGGCCAGCTCACCTTGCCCTGGCGGCTC,FUT4,11.0,-0.5248586120545037
GCCATCTCTGATGGATGTGA,GTCTGCCATCTCTGATGGATGTGATGGGCA,ANPEP,60.8,0.8350060471891287
GCCATGGACCGTCTGTGTGC,GGCTGCCATGGACCGTCTGTGTGCTGGCGG,FUT4,29.1,0.7470940642884714
GCCCCAGGGCGGGGGCCAGT,GGATGCCCCAGGGCGGGGGCCAGTCGGGGG,FUT4,46.8,-1.4215341353913178
GCCCCCGCCCTGGGGCATCC,ACTGGCCCCCGCCCTGGGGCATCCAGGCGC,FUT4,47.9,0.11774347762360093
GCCCCGGCCGAACACGTCCA,GCCCGCCCCGGCCGAACACGTCCACGGTCA,FUT4,72.2,1.4454195521859363
GCCCCTTCACGAGGTCGCGG,GGGGGCCCCTTCACGAGGTCGCGGTGGTGG,FUT4,45.1,1.4482976026328906
GCCCGCGCCCGAGGGCTTCC,CCCAGCCCGCGCCCGAGGGCTTCCGGGCCG,FUT4,1.8,-1.5486969480597956
GCCCGCGGCCTTTGCATTCT,CAGGGCCCGCGGCCTTTGCATTCTGGGACC,FUT4,14.7,-1.5779584283880743
GCCCGGAAGCCCTCGGGCGC,CGCGGCCCGGAAGCCCTCGGGCGCGGGCTG,FUT4,2.4,-1.4913617147916431
GCCCGGCACTTGGGAGGAGC,CCCCGCCCGGCACTTGGGAGGAGCAGGGCA,FUT4,12.9,-0.5706356089879804
GCCCGGGGGCCTGGGGCTGG,GCTGGCCCGGGGGCCTGGGGCTGGAGGTCG,FUT4,53.4,-0.29363508399638466
GCCCTGCTCCTCCCAAGTGC,CCCTGCCCTGCTCCTCCCAAGTGCCGGGCG,FUT4,12.4,-0.5532178647973361
GCCCTGCTTGAATACGTCCT,CCAGGCCCTGCTTGAATACGTCCTCGGACA,ANPEP,51.0,0.9035273269266535
GCCGAGGCCGGGGGCTGCCA,TGGCGCCGAGGCCGGGGGCTGCCATGGACC,FUT4,28.1,0.8346143220610786
GCCGCCAGGGCAAGGTGAGC,GCGAGCCGCCAGGGCAAGGTGAGCTGGCCA,FUT4,10.4,-0.8559209028468918
GCCGCCGTCGGCGAGCCCCA,CGCCGCCGCCGTCGGCGAGCCCCACGGTGC,FUT4,24.5,0.06704941121570218
GCCGCTACTTCCACTGGCGC,TATCGCCGCTACTTCCACTGGCGCCGGAGC,FUT4,91.9,1.245339847174445
GCCGCTGGCCCGGGAATGGA,GCTCGCCGCTGGCCCGGGAATGGAAGGGGG,FUT4,15.9,-0.5960382674769518
GCCGGCGCCATGGAGAACTG,CAACGCCGGCGCCATGGAGAACTGGGGACT,ANPEP,36.7,1.149399103870014
GCCGGGCGGGGCGAGCCGCC,AAGTGCCGGGCGGGGCGAGCCGCCAGGGCA,FUT4,11.2,-0.9667926458013801
GCCTCATACCAAGACACCAT,CCCAGCCTCATACCAAGACACCATTGGATG,ANPEP,30.6,0.7216063718355796
GCCTCCTACGTGGAGTACCT,CTTCGCCTCCTACGTGGAGTACCTGGGTGC,ANPEP,43.3,-0.12600459942894388
GCCTCCTTGGGGATCCCAGT,TTCCGCCTCCTTGGGGATCCCAGTAGGAAC,CD33,26.3,0.27098894703010373
GCCTGCGGACGCGTGGCGAG,CCACGCCTGCGGACGCGTGGCGAGCGGAGG,FUT4,21.7,-0.8251205288482106
GCCTGGATGCCCCAGGGCGG,GTGCGCCTGGATGCCCCAGGGCGGGGGCCA,FUT4,47.3,0.36092280431536616
GCCTGGCCCCGCCACTGTCC,TCAGGCCTGGCCCCGCCACTGTCCAGGAAA,FUT4,65.9,0.6624856068638911
GCCTGGGGCTGGAGGTCGCC,GGGGGCCTGGGGCTGGAGGTCGCCAGGGCT,FUT4,52.9,0.2668640909179543
GCGCAACGCGTTGCTCGCTG,TCTGGCGCAACGCGTTGCTCGCTGGGGCGG,FUT4,81.4,-0.7870459770461744
GCGCAGTGGAAGAAAGGGAC,CCGGGCGCAGTGGAAGAAAGGGACGGGCGG,FUT4,8.2,-0.7530766270394046
GCGCCTGGATGCCCCAGGGC,GTGTGCGCCTGGATGCCCCAGGGCGGGGGC,FUT4,47.4,0.8290319836707899
GCGCGGGCTGGGAGAAGGAG,TCGGGCGCGGGCTGGGAGAAGGAGTGGGCG,FUT4,3.4,-1.455405046254876
GCGCGGGTGGCGCCGAGGCC,GGCGGCGCGGGTGGCGCCGAGGCCGGGGGC,FUT4,27.4,-1.5190475915093664
GCGCGTGTTGGACTACGAGG,ATCTGCGCGTGTTGGACTACGAGGAGGCAG,FUT4,50.9,0.9544339509430261
GCGCTATCGCGCCCCCCGAA,CGGGGCGCTATCGCGCCCCCCGAAGGGCTC,FUT4,37.3,-0.2987498573200016
GCGCTGCCTGTTCGCGCCAT,GGCAGCGCTGCCTGTTCGCGCCATGGGGGC,FUT4,23.5,-1.290837666130039
GCGGCGGCGGGCGGGCGGCG,GACGGCGGCGGCGGGCGGGCGGCGCGGGTG,FUT4,26.3,-1.8756242356259734
GCGGGGCCAGGCCTGAGGGC,AGTGGCGGGGCCAGGCCTGAGGGCGGGTCG,FUT4,64.5,1.1952869066753182
GCGGGTGGCGCCGAGGCCGG,CGGCGCGGGTGGCGCCGAGGCCGGGGGCTG,FUT4,27.5,0.47562897899600015
GCGGTTCATGATGTCCCGCA,TCCAGCGGTTCATGATGTCCCGCACGGTGG,ANPEP,55.4,1.5009618277683165
GCTACTGCTGCCCCTGCTGT,TGCTGCTACTGCTGCCCCTGCTGTGGGCAG,CD33,2.6,0.6081316527839531
GCTAGATCAAGAAGTACAGG,ACAAGCTAGATCAAGAAGTACAGGAGGAGA,CD33,22.6,0.9734243755426639
GCTCAACTACACCCTCAGCC,AGAAGCTCAACTACACCCTCAGCCAGGGGC,ANPEP,13.6,-0.9967411201009173
GCTCAGTCTTGTCAATGTCG,ACCAGCTCAGTCTTGTCAATGTCGGGGGGC,ANPEP,15.4,-0.2094404264284561
GCTCATGTTTGACCGCTCCG,TCAAGCTCATGTTTGACCGCTCCGAGGTCT,ANPEP,73.5,1.3570154988836385
GCTCCGCATAGTCAGCACCC,GTGGGCTCCGCATAGTCAGCACCCAGGTAC,ANPEP,43.5,1.2949615440550286
GCTCCTCCCAAGTGCCGGGC,CCCTGCTCCTCCCAAGTGCCGGGCGGGGCG,FUT4,12.1,0.10471249706835992
GCTCGCCCCGCCCGGCACTT,GGCGGCTCGCCCCGCCCGGCACTTGGGAGG,FUT4,12.4,-0.09336842648703435
GCTCGCCGCTGGCCCGGGAA,TGCCGCTCGCCGCTGGCCCGGGAATGGAAG,FUT4,16.1,-0.5882662682265212
GCTCGCTGGGGCGGTGCCGG,CGTTGCTCGCTGGGGCGGTGCCGGTGGTGC,FUT4,82.2,-0.11473633598723214
GCTCGTAGTTGGCACGGTCT,AAGCGCTCGTAGTTGGCACGGTCTGGGCCC,FUT4,83.4,0.6929206513690979
GCTCTCCTACCGGGCGGACT,GGACGCTCTCCTACCGGGCGGACTCGGACG,FUT4,60.7,1.0920853204236638
GCTGAAACCCGATTCCTACC,ACACGCTGAAACCCGATTCCTACCGGGTGA,ANPEP,8.7,0.6252625692405183
GCTGACAACCAGGAGAAGAT,GGCAGCTGACAACCAGGAGAAGATCGGGGG,CD33,48.2,0.3089063484685165
GCTGATCACCTACGCTTGCT,CGGCGCTGATCACCTACGCTTGCTGGGGGC,FUT4,32.1,0.9854308939642646
GCTGCCGCTCGCCGCTGGCC,CGTCGCTGCCGCTCGCCGCTGGCCCGGGAA,FUT4,16.5,-1.5733078663594453
GCTGCCTGTTCGCGCCATGG,CAGCGCTGCCTGTTCGCGCCATGGGGGCAC,FUT4,23.6,0.9519938016668175
GCTGCGAGTTCTCGAAAGCC,AGGTGCTGCGAGTTCTCGAAAGCCAGGTAG,FUT4,77.5,0.5454567259645845
GCTGCTCAGGGCGGCCTCCC,TCAGGCTGCTCAGGGCGGCCTCCCAGGGCA,ANPEP,71.8,-1.7384464387356073
GCTGGCCAGGACGCCCAACC,GTGAGCTGGCCAGGACGCCCAACCGGGCAC,FUT4,9.2,-1.1239736021665565
GCTGGCCCGGGAATGGAAGG,CGCCGCTGGCCCGGGAATGGAAGGGGGCGG,FUT4,15.7,0.1173248391089442
GCTGTGGTGGGAGCCCTTCG,TGCTGCTGTGGTGGGAGCCCTTCGGGGGGC,FUT4,37.2,1.1712218548553963
GCTTCTCGGTGATATAATCC,CAGAGCTTCTCGGTGATATAATCCAGGTGC,FUT4,79.0,0.9938962790750424
GCTTGAATACGTCCTCGGAC,CCCTGCTTGAATACGTCCTCGGACAGGAAG,ANPEP,50.8,0.988129855913279
GGAAAAGCAGGTACGAGGCC,TCGAGGAAAAGCAGGTACGAGGCCAGGGAG,FUT4,88.3,-0.28191985636673844
GGAAACAGGGGCTGGTGGCA,TCCAGGAAACAGGGGCTGGTGGCATGGGTG,FUT4,67.2,0.4868971545094739
GGAACCAGTAACCATGAACT,TCCCGGAACCAGTAACCATGAACTGGGGAG,CD33,15.3,1.3571815028981562
GGAACCTGGTGACCATAGAG,TTCGGGAACCTGGTGACCATAGAGTGGTGG,ANPEP,41.4,0.7214780321418458
GGAAGAAAGTGCAGGGCACG,GGATGGAAGAAAGTGCAGGGCACGAGGACG,CD33,10.6,1.279572891683165
GGAAGCCCTCGGGCGCGGGC,GCCCGGAAGCCCTCGGGCGCGGGCTGGGAG,FUT4,2.6,-1.4591829245271117
GGAAGCTGGAGAGCATCCTG,GACAGGAAGCTGGAGAGCATCCTGAGGACT,ANPEP,50.1,-0.8540843088618516
GGAAGGAGCCATTATATCCA,TCCGGGAAGGAGCCATTATATCCAGGGACT,CD33,18.4,-0.03304324821426765
GGAAGTGGGGTGCTGGGACC,TTCTGGAAGTGGGGTGCTGGGACCTGGGCA,ANPEP,26.1,-0.8049839761134974
GGACAGGGCTGTCAGGTCCT,TGTTGGACAGGGCTGTCAGGTCCTTGGGGT,ANPEP,24.9,-1.5027767985904954
GGACAGGGGGTCGAACAGCA,AGGAGGACAGGGGGTCGAACAGCAGGGAGT,ANPEP,37.9,0.5504884158862969
GGACCGCCCCCTTCCATTCC,TCTGGGACCGCCCCCTTCCATTCCCGGGCC,FUT4,16.0,-1.0994297200360088
GGACGTATTCAAGCAGGGCC,CCGAGGACGTATTCAAGCAGGGCCTGGCGG,ANPEP,51.5,0.17325895688279755
GGACTACGAGGAGGCAGCGG,TGTTGGACTACGAGGAGGCAGCGGCGGCGG,FUT4,51.5,0.7122685889324971
GGAGAGCATCCTGAGGACTG,AGCTGGAGAGCATCCTGAGGACTGAGGCGC,ANPEP,49.8,-1.4790766651080494
GGAGATCCCAGAAAACCTGA,GGAGGGAGATCCCAGAAAACCTGATGGACC,ANPEP,77.1,-1.0632466596348606
GGAGCCCACCGAGTACCTGG,TGGTGGAGCCCACCGAGTACCTGGTGGTGC,ANPEP,16.7,1.5843825016691293
GGAGGATCCCCAGGATGCCC,CCCAGGAGGATCCCCAGGATGCCCAGGGAC,ANPEP,1.2,-0.08602205351517885
GGAGGCCACGGGGGAGCTGT,TGGTGGAGGCCACGGGGGAGCTGTTGGCGT,ANPEP,4.4,0.0056703245296003315
GGAGGCTCCCGGGGCCTGGT,CGCAGGAGGCTCCCGGGGCCTGGTCGGGCC,FUT4,5.7,-1.4754300586827451
GGAGGTGGATCTGCGCGTGT,CCGAGGAGGTGGATCTGCGCGTGTTGGACT,FUT4,50.2,0.26487818555731635
GGAGTCAGTGACGGTACAGG,TGCAGGAGTCAGTGACGGTACAGGAGGGTT,CD33,8.6,1.2441771119457679
GGAGTGGGCGGAGGCGCCGC,AGAAGGAGTGGGCGGAGGCGCCGCAGGAGG,FUT4,4.4,-1.2591836087092023
GGAGTGGTTCATGGGGCCAT,AGCAGGAGTGGTTCATGGGGCCATTGGAGG,CD33,71.4,0.6975174750389707
GGAGTTGGCAGATGACCTGG,AGGGGGAGTTGGCAGATGACCTGGCGGGCT,ANPEP,19.6,0.15978742545803623
GGATGAGGATTTTGGGCCTG,CCAGGGATGAGGATTTTGGGCCTGTGGGTC,CD33,39.4,-1.5416830640087622
GGATGGGGCCCGTCACGTTC,TTAAGGATGGGGCCCGTCACGTTCAGGGCA,ANPEP,32.9,-1.0700247573547113
GGCACCGTGGGGCTCGCCGA,TGGGGGCACCGTGGGGCTCGCCGACGGCGG,FUT4,24.9,0.41771311091510654
GGCAGAGACAAAGAGCGAGC,ATGAGGCAGAGACAAAGAGCGAGCAGGGCT,CD33,74.2,0.4291147934026071
GGCAGCCGGTGCCCGAAATT,CCGGGGCAGCCGGTGCCCGAAATTGGGCTC,FUT4,74.8,-1.2638769414868851
GGCAGCTGCCGCCGCTGCCC,TGGGGGCAGCTGCCGCCGCTGCCCTGGGCG,FUT4,33.5,-1.55218155372505
GGCAGGGCCCACTCACCTTT,CGCAGGCAGGGCCCACTCACCTTTGGGAAG,ANPEP,26.0,-0.9838465688686435
GGCAGTCAGGGGGCGGCCTC,AGCCGGCAGTCAGGGGGCGGCCTCGGGGCG,FUT4,38.7,-1.2055347881170906
GGCATCCTGGGGATCCTCCT,CCTGGGCATCCTGGGGATCCTCCTGGGCGT,ANPEP,1.7,-0.9181877422944096
GGCATGGGTGGTGAGCCACT,TGGTGGCATGGGTGGTGAGCCACTGGGACG,FUT4,68.2,1.4170284026993676
GGCCATCCCTGTCATCAATC,TCTAGGCCATCCCTGTCATCAATCGGGCAC,ANPEP,67.8,-1.5407725368740042
GGCCCCTGTCATTGGGGGTG,TACAGGCCCCTGTCATTGGGGGTGAGGTAC,ANPEP,9.7,-1.623608630494193
GGCCCGCGGCCTTTGCATTC,GCAGGGCCCGCGGCCTTTGCATTCTGGGAC,FUT4,14.6,-1.4571779216403542
GGCCCGCTACAAGTTCTACC,CAGTGGCCCGCTACAAGTTCTACCTGGCTT,FUT4,77.1,0.7075571387408274
GGCCCGGAAGCCCTCGGGCG,GCGCGGCCCGGAAGCCCTCGGGCGCGGGCT,FUT4,2.3,-1.4370398674586071
GGCCCGGCCCAGTGCCATTG,TCTGGGCCCGGCCCAGTGCCATTGCGGCGG,ANPEP,31.9,0.2158413114609987
GGCCCGGGAATGGAAGGGGG,CGCTGGCCCGGGAATGGAAGGGGGCGGTCC,FUT4,15.5,0.33096156524585435
GGCCGAGGCGGGGTTGGTGG,TGGTGGCCGAGGCGGGGTTGGTGGTGGCTG,ANPEP,5.8,-0.7230376181628384
GGCCGCCGGCTTGACGTGTA,TGGCGGCCGCCGGCTTGACGTGTACGGCGC,FUT4,30.6,0.17707463720129787
GGCCGGCGTGTTGATCTCCG,TCTGGGCCGGCGTGTTGATCTCCGAGGCGG,ANPEP,47.6,1.099108121574452
GGCCGGGTTCTAGAGTGCCA,GAGTGGCCGGGTTCTAGAGTGCCAGGGATG,CD33,41.3,1.220340105066941
GGCCTGAGGGCGGGTCGCCG,GCCAGGCCTGAGGGCGGGTCGCCGGGGTGG,FUT4,64.0,-1.0241674897065889
GGCCTGCCAGACTTCAACGC,GATTGGCCTGCCAGACTTCAACGCCGGCGC,ANPEP,36.1,1.1232342237268602
GGCGACGCCCAGGGCAGCGG,GGTTGGCGACGCCCAGGGCAGCGGCGGCAG,FUT4,33.3,0.25350687276442196
GGCGATAGACCGCGGGGTTG,TAGCGGCGATAGACCGCGGGGTTGCGGTCG,FUT4,90.0,0.9177140439756237
GGCGATAGCGTTGCAGTAGA,CCTGGGCGATAGCGTTGCAGTAGACGGTGG,ANPEP,82.3,-1.7323546117171345
GGCGCAACGCGTTGCTCGCT,CTCTGGCGCAACGCGTTGCTCGCTGGGGCG,FUT4,81.4,-1.3955029900301978
GGCGCACACTGCCGAGGAGG,TCCAGGCGCACACTGCCGAGGAGGTGGATC,FUT4,49.2,-0.057888160989541325
GGCGCAGTGGAAGAAAGGGA,CCCGGGCGCAGTGGAAGAAAGGGACGGGCG,FUT4,8.1,-0.971249060111431
GGCGCCGCAGGAGGCTCCCG,CGGAGGCGCCGCAGGAGGCTCCCGGGGCCT,FUT4,5.1,-1.6312657309194094
GGCGCGGCCCGGAAGCCCTC,GTGGGGCGCGGCCCGGAAGCCCTCGGGCGC,FUT4,2.0,-1.0171354498222385
GGCGCGGGTGGCGCCGAGGC,GGGCGGCGCGGGTGGCGCCGAGGCCGGGGG,FUT4,27.3,-1.1671861416870979
GGCGCTATCGCGCCCCCCGA,TCGGGGCGCTATCGCGCCCCCCGAAGGGCT,FUT4,37.4,-1.5545215365729077
GGCGCTTGTGGGGCGCGGCC,ATGAGGCGCTTGTGGGGCGCGGCCCGGAAG,FUT4,1.3,-1.3286023928795425
GGCGGCACCTGAACAGCTTG,TAGGGGCGGCACCTGAACAGCTTGAGGTTT,CD33,88.6,-0.9685306370002749
GGCGGCCGCCAGCACACAGA,AGCCGGCGGCCGCCAGCACACAGACGGTCC,FUT4,28.9,0.8766754369684528
GGCGGGGTTGGTGGTGGCTG,CCGAGGCGGGGTTGGTGGTGGCTGAGGCGG,ANPEP,5.6,-1.3753745792893395
GGCGGGTAACATTGGAATCG,GAGGGGCGGGTAACATTGGAATCGGGGTCA,ANPEP,59.0,0.17005080119408592
GGCGGGTGTGGACAGCGGGT,CCGAGGCGGGTGTGGACAGCGGGTGGGAGG,ANPEP,46.8,1.272955019596961
GGCGTGTTGATCTCCGAGGC,GGCCGGCGTGTTGATCTCCGAGGCGGGTGT,ANPEP,47.4,0.9453589171063599
GGCGTTCTTGTTCTTCTCCT,TGTTGGCGTTCTTGTTCTTCTCCTGGGAGT,ANPEP,3.7,-0.723125505375093
GGCTCAGTTGGTGGTAGTAG,TGTTGGCTCAGTTGGTGGTAGTAGCGGACC,FUT4,70.2,0.6267118413019372
GGCTCGCCCCGCCCGGCACT,TGGCGGCTCGCCCCGCCCGGCACTTGGGAG,FUT4,12.3,-0.4356634790844075
GGCTCGCCGACGGCGGCGGC,GTGGGGCTCGCCGACGGCGGCGGCGGGCGG,FUT4,25.5,-0.4065346870686794
GGCTGACCCTGTGGTAGGGT,GGGAGGCTGACCCTGTGGTAGGGTGGGTGT,CD33,82.3,-0.8232797136522523
GGCTGAGGCGGACGGGGTGG,TGGTGGCTGAGGCGGACGGGGTGGTGGAGG,ANPEP,5.1,-1.1842216447890155
GGCTGCTACTGACCTCCTGC,GGCTGGCTGCTACTGACCTCCTGCAGGTGG,ANPEP,53.9,-0.12013753574526909
GGGAAACAAGAGACCAGAGC,TGCAGGGAAACAAGAGACCAGAGCAGGAGT,CD33,69.5,0.6071896227552045
GGGAAGGAGCCATTATATCC,TTCCGGGAAGGAGCCATTATATCCAGGGAC,CD33,18.4,-0.5116333179536013
GGGACGGGCGGTGCCCGGTT,GAAAGGGACGGGCGGTGCCCGGTTGGGCGT,FUT4,9.1,-1.3508966702628593
GGGAGATTTGTAACTGTATT,GCTGGGGAGATTTGTAACTGTATTTGGTAC,CD33,34.6,-1.6423741033921075
GGGAGCCTCCCACACCACGC,GGCTGGGAGCCTCCCACACCACGCAGGACC,ANPEP,14.4,0.5115518662165967
GGGAGGCTGACCCTGTGGTA,ACCGGGGAGGCTGACCCTGTGGTAGGGTGG,CD33,82.6,-1.219056940713752
GGGCACAAAGCGCTCGTAGT,CGCGGGGCACAAAGCGCTCGTAGTTGGCAC,FUT4,84.1,1.0135334098456357
GGGCACAGGGTGGTCCTGCG,CCAGGGGCACAGGGTGGTCCTGCGTGGTGT,ANPEP,14.3,0.06994191328647084
GGGCAGATTCCGCCTCCTTG,CTCAGGGCAGATTCCGCCTCCTTGGGGATC,CD33,25.3,0.8918461524801615
GGGCAGCCGGTGCCCGAAAT,GCCGGGGCAGCCGGTGCCCGAAATTGGGCT,FUT4,74.7,-1.5109616374892378
GGGCATCCTGGGGATCCTCC,CCCTGGGCATCCTGGGGATCCTCCTGGGCG,ANPEP,1.7,-1.679079304373119
GGGCCTGGCGCTCGTCCCAG,ACCCGGGCCTGGCGCTCGTCCCAGTGGCTC,FUT4,68.5,1.1858614543755475
GGGCGCGGCCCGGAAGCCCT,TGTGGGGCGCGGCCCGGAAGCCCTCGGGCG,FUT4,1.9,-1.3064094344374146
GGGCGGCGCGGGTGGCGCCG,GGGCGGGCGGCGCGGGTGGCGCCGAGGCCG,FUT4,27.1,-1.4462247484905053
GGGCGGGTAACATTGGAATC,TGAGGGGCGGGTAACATTGGAATCGGGGTC,ANPEP,59.0,-0.8537468045020346
GGGCTCGCCGACGGCGGCGG,CGTGGGGCTCGCCGACGGCGGCGGCGGGCG,FUT4,25.5,-1.064238497759362
GGGCTGGGAGAAGGAGTGGG,GCGCGGGCTGGGAGAAGGAGTGGGCGGAGG,FUT4,3.6,-1.8234916305235418
GGGCTGTCAGGTCCTTGGGG,GACAGGGCTGTCAGGTCCTTGGGGTGGATA,ANPEP,24.8,1.069240366957887
GGGCTTCCCGGTCATCACGG,AGATGGGCTTCCCGGTCATCACGGTGGATA,ANPEP,57.1,1.1497173424482092
GGGGAGGCTGACCCTGTGGT,CACCGGGGAGGCTGACCCTGTGGTAGGGTG,CD33,82.7,-1.1768028330286378
GGGGAGTTCTTGTCGTAGTA,AACTGGGGAGTTCTTGTCGTAGTAGGGTAT,CD33,13.4,0.7824743059818832
GGGGCCCAGCCGGCCCGACC,GCCCGGGGCCCAGCCGGCCCGACCAGGCCC,FUT4,5.9,-1.598802167194798
GGGGCCCCTTCACGAGGTCG,TCGGGGGGCCCCTTCACGAGGTCGCGGTGG,FUT4,45.3,1.2698069464583617
GGGGCCTGGTCGGGCCGGCT,TCCCGGGGCCTGGTCGGGCCGGCTGGGCCC,FUT4,6.3,-1.3020765632394833
GGGGCGGGTAACATTGGAAT,CTGAGGGGCGGGTAACATTGGAATCGGGGT,ANPEP,59.0,-0.6587683479130441
GGGGCGGTCCCAGAATGCAA,GAAGGGGGCGGTCCCAGAATGCAAAGGCCG,FUT4,14.5,-0.4265083131891065
GGGGCGGTGCCGGTGGTGCT,CGCTGGGGCGGTGCCGGTGGTGCTGGGCCC,FUT4,82.6,0.15751907078429914
GGGGGAGTTGGCAGATGACC,TCGAGGGGGAGTTGGCAGATGACCTGGCGG,ANPEP,19.5,-0.24950601555564245
GGGGGCGCGATAGCGCCCCG,TTCGGGGGGCGCGATAGCGCCCCGAGGCCG,FUT4,38.4,-1.950563012832405
GGGGTGTGACCTGCTTCTTC,AAGAGGGGTGTGACCTGCTTCTTCAGGTAG,ANPEP,74.7,-1.621321961477315
GGGGTTGGTGGTGGCTGAGG,AGGCGGGGTTGGTGGTGGCTGAGGCGGACG,ANPEP,5.5,-0.49584295673366957
GGGTCGCCGGGGTGGCTTCT,GGGCGGGTCGCCGGGGTGGCTTCTGGGGTA,FUT4,63.3,0.47879397406992097
GGGTGTGGACAGCGGGTGGG,AGGCGGGTGTGGACAGCGGGTGGGAGGAGG,ANPEP,46.7,0.2305289128076323
GGTAATAGCCCGTCACATTG,ACCCGGTAATAGCCCGTCACATTGAGGTTC,ANPEP,64.5,1.1345316745639986
GGTACGGTCTCAGCGTCACC,GTGAGGTACGGTCTCAGCGTCACCCGGTAG,ANPEP,9.0,1.0475461056500945
GGTAGTAGCGGACCCGGGCC,TGGTGGTAGTAGCGGACCCGGGCCTGGCGC,FUT4,69.4,-1.3424145423764453
GGTCAGGTTTTTGGAGTGGC,AGCAGGTCAGGTTTTTGGAGTGGCCGGGTT,CD33,42.8,-1.7138524561822202
GGTCGCCGGGGTGGCTTCTG,GGCGGGTCGCCGGGGTGGCTTCTGGGGTAG,FUT4,63.2,0.9243291125484403
GGTCGGGCCGGCTGGGCCCC,GCCTGGTCGGGCCGGCTGGGCCCCGGGCGC,FUT4,6.8,-0.9624702543474986
GGTGCACCTCAAGGGCTCCC,TGGTGGTGCACCTCAAGGGCTCCCTGGTGA,ANPEP,17.4,-1.1749262972019388
GGTGCCCCCATGGCGCGAAC,CCACGGTGCCCCCATGGCGCGAACAGGCAG,FUT4,23.2,-0.2746536852913927
GGTGGAGCCCACCGAGTACC,AGCTGGTGGAGCCCACCGAGTACCTGGTGG,ANPEP,16.6,-0.0823753174016044
GGTGGCAGACACTCACCGAG,GAGGGGTGGCAGACACTCACCGAGTGGTCT,ANPEP,67.2,1.4900707034001253
GGTGGCCACTACACAGATGC,GGGTGGTGGCCACTACACAGATGCAGGCTG,ANPEP,21.8,0.021784174493714496
GGTGGCCGAGGCGGGGTTGG,AGGTGGTGGCCGAGGCGGGGTTGGTGGTGG,ANPEP,5.9,-1.4063407673843151
GGTGGCTGAGGCGGACGGGG,TGGTGGTGGCTGAGGCGGACGGGGTGGTGG,ANPEP,5.2,-0.6079724457630198
GGTGGGCGTGCTGCTGTGGT,GACCGGTGGGCGTGCTGCTGTGGTGGGAGC,FUT4,36.4,1.1836142644697225
GGTGGGGGCAGCTGACAACC,GGGAGGTGGGGGCAGCTGACAACCAGGAGA,CD33,49.1,0.8760254768513541
GGTGGTGGCCGAGGCGGGGT,CCAAGGTGGTGGCCGAGGCGGGGTTGGTGG,ANPEP,6.0,-0.9612875282461717
GGTGGTGGCTGAGGCGGACG,GGTTGGTGGTGGCTGAGGCGGACGGGGTGG,ANPEP,5.3,-0.6544888817151678
GGTTCAGGTAGATGGTGTTC,CACAGGTTCAGGTAGATGGTGTTCTGGTAG,ANPEP,52.8,-0.8478747766824551
GGTTGCGGTCGAGGAAAAGC,GCGGGGTTGCGGTCGAGGAAAAGCAGGTAC,FUT4,89.0,1.1679491756344833
GTACAGGCCCCTGTCATTGG,AAACGTACAGGCCCCTGTCATTGGGGGTGA,ANPEP,9.8,0.9693963109044844
GTACCTCACCCCCAATGACA,GACCGTACCTCACCCCCAATGACAGGGGCC,ANPEP,10.0,-0.23057437531248798
GTACCTGGGTGCTGACTATG,TGGAGTACCTGGGTGCTGACTATGCGGAGC,ANPEP,43.7,0.36603617320495657
GTACCTGGTGGTGCACCTCA,CCGAGTACCTGGTGGTGCACCTCAAGGGCT,ANPEP,17.1,0.1378593371326622
GTACGTGGACATCTTGGGCG,GCAAGTACGTGGACATCTTGGGCGTGGTGT,ANPEP,28.1,1.1363237800292298
GTAGACGGTGGACCGCAGGT,TGCAGTAGACGGTGGACCGCAGGTTGGGGT,ANPEP,81.7,1.2317541847375404
GTAGCGGATGAGGCGCTTGT,AAGAGTAGCGGATGAGGCGCTTGTGGGGCG,FUT4,0.6,-1.2716553841030607
GTAGCTCAGGCTGCTCAGGG,TGAAGTAGCTCAGGCTGCTCAGGGCGGCCT,ANPEP,72.1,1.5310718356312905
GTAGGCAAAGGTGTGGAGGT,TCTGGTAGGCAAAGGTGTGGAGGTAGGACT,ANPEP,52.0,0.5840797435060123
GTCAAACAGCTCACTGATCT,TGGCGTCAAACAGCTCACTGATCTGGGCCG,ANPEP,48.3,0.04005737157044846
GTCACATGCACAGAGAGCTG,ACCTGTCACATGCACAGAGAGCTGGGGAGA,CD33,36.4,1.292628802776459
GTCAGGTTTTTGGAGTGGCC,GCAGGTCAGGTTTTTGGAGTGGCCGGGTTC,CD33,42.7,-0.19572770790521232
GTCCAAGGTGGTGGCCGAGG,TTTGGTCCAAGGTGGTGGCCGAGGCGGGGT,ANPEP,6.2,-0.7462870968867573
GTCCAGGAAACAGGGGCTGG,CACTGTCCAGGAAACAGGGGCTGGTGGCAT,FUT4,66.9,1.0850395079789101
GTCCCACAGGTTCAGGTAGA,GGTGGTCCCACAGGTTCAGGTAGATGGTGT,ANPEP,53.0,-1.0934047746832065
GTCCCAGAATGCAAAGGCCG,GGCGGTCCCAGAATGCAAAGGCCGCGGGCC,FUT4,14.1,-1.2015525356726062
GTCCGAGGACGTATTCAAGC,TCCTGTCCGAGGACGTATTCAAGCAGGGCC,ANPEP,51.3,-0.9763895471794479
GTCCTCCTCCAGCAGCAACA,CCCTGTCCTCCTCCAGCAGCAACAAGGAGC,ANPEP,39.0,-0.15234012616287643
GTCGAACTCACTGACAATGA,CGTAGTCGAACTCACTGACAATGAAGGCCA,ANPEP,29.2,1.0935427313466886
GTCGAGGAAAAGCAGGTACG,TGCGGTCGAGGAAAAGCAGGTACGAGGCCA,FUT4,88.6,1.213999001454912
GTCGCCAACCCCGTCGCGAC,GGGCGTCGCCAACCCCGTCGCGACCGGTGG,FUT4,35.1,0.35982067583774957
GTCGCGGTGGTGGAAAAGCA,CGAGGTCGCGGTGGTGGAAAAGCACGGCCT,FUT4,44.3,1.3730158994109483
GTCTCTCTTCAATCAGGAAG,TACTGTCTCTCTTCAATCAGGAAGAGGGTG,ANPEP,70.7,0.7865630083805202
GTCTGTGTGCTGGCGGCCGC,GACCGTCTGTGTGCTGGCGGCCGCCGGCTT,FUT4,29.7,0.9659061162053006
GTCTTCTGGAAGTGGGGTGC,TGGGGTCTTCTGGAAGTGGGGTGCTGGGAC,ANPEP,26.4,-1.113231178713047
GTGAGTAGTCCTGGGGCCCA,AGGAGTGAGTAGTCCTGGGGCCCAGGGAGG,CD33,51.3,1.017407822396746
GTGCACCACCAGGTACTCGG,TGAGGTGCACCACCAGGTACTCGGTGGGCT,ANPEP,16.5,0.6738411513414476
GTGCATCCACTGCCATCACG,GCCAGTGCATCCACTGCCATCACGCGGTAC,ANPEP,45.7,1.4683569883947791
GTGCCAGGGATGAGGATTTT,TAGAGTGCCAGGGATGAGGATTTTGGGCCT,CD33,40.0,-1.7244364831980867
GTGCCGCTCCTCCACGCCTG,GCCGGTGCCGCTCCTCCACGCCTGCGGACG,FUT4,20.8,-1.2916115133990511
GTGCCGTGGTCCTGGGGCCG,GTTGGTGCCGTGGTCCTGGGGCCGTGGGGT,CD33,55.3,-1.2670129504714855
GTGGACGTGTTCGGCCGGGG,GACCGTGGACGTGTTCGGCCGGGGCGGGCC,FUT4,73.0,0.9975995772738094
GTGGAGAAGCAGGCATCCAA,CTACGTGGAGAAGCAGGCATCCAATGGTGT,ANPEP,30.4,1.2805309287141577
GTGGATGATGATGACGTCAG,TGCTGTGGATGATGATGACGTCAGTGGCCT,ANPEP,12.1,0.9775677010907957
GTGGCCCGCCGCAATGGCAC,CGCCGTGGCCCGCCGCAATGGCACTGGGCC,ANPEP,31.7,-0.5872751817959224
GTGGGCGGAGGCGCCGCAGG,AGGAGTGGGCGGAGGCGCCGCAGGAGGCTC,FUT4,4.6,-1.3674886474023533
GTGGGGCTCGCCGACGGCGG,CACCGTGGGGCTCGCCGACGGCGGCGGCGG,FUT4,25.3,-0.16234463252174158
GTGGTCCTGCGTGGTGTGGG,CAGGGTGGTCCTGCGTGGTGTGGGAGGCTC,ANPEP,14.6,0.40036282719532224
GTGGTTCATGGGGCCATTGG,AGGAGTGGTTCATGGGGCCATTGGAGGAGC,CD33,71.7,0.8756795548481394
GTGTCCTGGGCCTGTGAGCA,CTCTGTGTCCTGGGCCTGTGAGCAGGGAAC,CD33,46.5,0.6920516829390351
GTGTGCAGGAGCCCAATTTC,CACTGTGTGCAGGAGCCCAATTTCGGGCAC,FUT4,74.8,-0.38031808139457934
GTGTGCGCCTGGATGCCCCA,GGCAGTGTGCGCCTGGATGCCCCAGGGCGG,FUT4,47.6,1.1852331741344204
GTGTTCGGCCGGGGCGGGCC,GGACGTGTTCGGCCGGGGCGGGCCGGGGCA,FUT4,73.4,-0.9251256544057301
GTTCATGATGTCCCGCACGG,AGCGGTTCATGATGTCCCGCACGGTGGTGG,ANPEP,55.3,1.6043949329379696
GTTCCACAGAACCCAACAAC,AGATGTTCCACAGAACCCAACAACTGGTAT,CD33,65.4,-1.1053235085482116
GTTCGACTACGTGGAGAAGC,GTGAGTTCGACTACGTGGAGAAGCAGGCAT,ANPEP,30.1,0.8313903094260106
GTTCTAGAGTGCCAGGGATG,CCGGGTTCTAGAGTGCCAGGGATGAGGATT,CD33,40.7,0.4393636338634897
GTTCTTGTCGTAGTAGGGTA,GGGAGTTCTTGTCGTAGTAGGGTATGGGAT,CD33,13.0,1.2315019754693532
GTTGATCTCCGAGGCGGGTG,GCGTGTTGATCTCCGAGGCGGGTGTGGACA,ANPEP,47.2,0.6249765925863942
GTTGCTCGCTGGGGCGGTGC,ACGCGTTGCTCGCTGGGGCGGTGCCGGTGG,FUT4,82.0,1.0080569962627575
GTTGCTGCTGGAGGAGGACA,CCTTGTTGCTGCTGGAGGAGGACAGGGGGT,ANPEP,38.5,0.692075314448393
GTTGGACTACGAGGAGGCAG,GCGTGTTGGACTACGAGGAGGCAGCGGCGG,FUT4,51.3,0.7279806534120045
GTTGGAGCAGGCGGTGCTGA,CTCCGTTGGAGCAGGCGGTGCTGATGGCAT,ANPEP,78.2,1.244570647234523
GTTGGCGACGCCCAGGGCAG,CGGGGTTGGCGACGCCCAGGGCAGCGGCGG,FUT4,33.5,0.5587852774410854
GTTGGGGTCTTCTGGAAGTG,TCCAGTTGGGGTCTTCTGGAAGTGGGGTGC,ANPEP,26.6,0.5491638180035565
GTTGGTGGTAGTAGCGGACC,CTCAGTTGGTGGTAGTAGCGGACCCGGGCC,FUT4,69.8,1.169615775612616
GTTTATTCCCAGTGCCCATA,CTCTGTTTATTCCCAGTGCCCATAAGGTCC,ANPEP,69.4,-1.0116407473811013
GTTTCAGCGTGTTGGGGAGG,TCGGGTTTCAGCGTGTTGGGGAGGCGGTAA,ANPEP,7.8,0.631250361619856
TAACATTGGAATCGGGGTCA,CGGGTAACATTGGAATCGGGGTCAAGGAGG,ANPEP,58.7,-1.2015498233817568
TACCACAGGGTCAGCCTCCC,ACCCTACCACAGGGTCAGCCTCCCCGGTGA,CD33,83.9,-1.0801626952022887
TACCGCAGCGAGTACATGGA,CTTCTACCGCAGCGAGTACATGGAGGGCAA,ANPEP,20.5,0.5588143265723947
TACCTCACCCCCAATGACAG,ACCGTACCTCACCCCCAATGACAGGGGCCT,ANPEP,10.0,0.81942862958191
TACCTGGTGGTGCACCTCAA,CGAGTACCTGGTGGTGCACCTCAAGGGCTC,ANPEP,17.1,-0.6033164953715956
TACGAGCGCTTTGTGCCCCG,CAACTACGAGCGCTTTGTGCCCCGCGGCGC,FUT4,85.1,1.3489135598818578
TACGTCCTCGGACAGGAAGC,TGAATACGTCCTCGGACAGGAAGCTGGAGA,ANPEP,50.6,-1.4297469817406232
TACTGCAACGCTATCGCCCA,CGTCTACTGCAACGCTATCGCCCAGGGCGG,ANPEP,82.8,-1.562678951922042
TACTGGCTGATAGATGTAAG,GGACTACTGGCTGATAGATGTAAGAGGTAA,ANPEP,62.5,-0.17466891150325636
TACTGGGATCCCCAAGGAGG,TTCCTACTGGGATCCCCAAGGAGGCGGAAT,CD33,25.1,0.4621671352238082
TACTTCTTTCGGATGGAGAG,TTCATACTTCTTTCGGATGGAGAGAGGAAG,CD33,33.1,0.7404376638595326
TAGACGGTGGACCGCAGGTT,GCAGTAGACGGTGGACCGCAGGTTGGGGTG,ANPEP,81.7,-0.05330605019192848
TAGAGTGGTGGAATGACCTG,ACCATAGAGTGGTGGAATGACCTGTGGCTG,ANPEP,41.9,1.553418572479583
TAGCGGATGAGGCGCTTGTG,AGAGTAGCGGATGAGGCGCTTGTGGGGCGC,FUT4,0.7,-1.3400746444053508
TATATCCAGGGACTCTCCAG,CCATTATATCCAGGGACTCTCCAGTGGCCA,CD33,19.5,1.314928098249388
TATCGCCCAGGGCGGGGAGG,ACGCTATCGCCCAGGGCGGGGAGGAGGAGT,ANPEP,83.2,-1.1328375962688872
TATGCTTCCCTCAACTTTCA,GCATTATGCTTCCCTCAACTTTCATGGGAT,CD33,94.4,-1.9177702445607885
TATGGGATGGAAGAAAGTGC,AGGGTATGGGATGGAAGAAAGTGCAGGGCA,CD33,11.3,1.1020945288525725
TATTTCTGAAGTGAATGAAG,GTATTATTTCTGAAGTGAATGAAGAGGGGT,ANPEP,75.4,0.7448090455699573
TCAACTACACCCTCAGCCAG,AAGCTCAACTACACCCTCAGCCAGGGGCAC,ANPEP,13.6,1.1507399032857661
TCAACTGGACGCTCTCCTAC,CTCTTCAACTGGACGCTCTCCTACCGGGCG,FUT4,60.1,1.392617488501973
TCAATGTGACGGGCTATTAC,AACCTCAATGTGACGGGCTATTACCGGGTG,ANPEP,65.0,-0.585419581670054
TCACATGTTGGCTCAGTTGG,ACGGTCACATGTTGGCTCAGTTGGTGGTAG,FUT4,70.7,1.324128395395893
TCACGGTGGATACCAGCACG,GTCATCACGGTGGATACCAGCACGGGGACC,ANPEP,57.5,1.395414233551515
TCACTTGAATTCTGAGGGGC,CTGCTCACTTGAATTCTGAGGGGCGGGTAA,ANPEP,59.5,0.25496103909735457
TCAGAAATAATACCAACAAC,CACTTCAGAAATAATACCAACAACTGGAGG,ANPEP,76.2,-0.4005621805877871
TCAGCACATCAGGCAATGAG,CTCTTCAGCACATCAGGCAATGAGTGGGTC,ANPEP,63.7,1.316565809789349
TCAGCTGCAGAGAGACCACT,AGACTCAGCTGCAGAGAGACCACTCGGTGA,ANPEP,67.1,1.3890849042474196
TCAGGTTGGTGCCGTGGTCC,CAGGTCAGGTTGGTGCCGTGGTCCTGGGGC,CD33,56.1,0.48350298573273504
TCAGTCTTGTCAATGTCGGG,CAGCTCAGTCTTGTCAATGTCGGGGGGCTG,ANPEP,15.3,1.2596561160110478
TCATGGGATGAATCCTTCCA,ACTTTCATGGGATGAATCCTTCCAAGGACA,CD33,96.0,-0.993528997549798
TCCAAACCCAGCGCTGGCCC,TTCATCCAAACCCAGCGCTGGCCCGGGGGC,FUT4,54.4,0.8213838107267052
TCCAACTCCCCACCACCGTG,TCCATCCAACTCCCCACCACCGTGCGGGAC,ANPEP,55.3,1.4185094300002477
TCCAAGTCCCTGGGCATCCT,TATTTCCAAGTCCCTGGGCATCCTGGGGAT,ANPEP,1.3,-1.61711423296804
TCCACCACTCTATGGTCACC,TCATTCCACCACTCTATGGTCACCAGGTTC,ANPEP,41.2,0.48983667352146
TCCAGCGAACTTCACCTGAC,CAGCTCCAGCGAACTTCACCTGACAGGTCA,CD33,58.2,0.548628543950975
TCCATGGCAGCCCCCGGCCT,ACGGTCCATGGCAGCCCCCGGCCTCGGCGC,FUT4,27.4,-1.414328239488947
TCCCAGAATGCAAAGGCCGC,GCGGTCCCAGAATGCAAAGGCCGCGGGCCC,FUT4,14.1,-1.244151641423971
TCCCCAGTTCTCCATGGCGC,CCAGTCCCCAGTTCTCCATGGCGCCGGCGT,ANPEP,36.4,1.0125576822706477
TCCCTTTCTTCCACTGCGCC,CCCGTCCCTTTCTTCCACTGCGCCCGGGGC,FUT4,7.2,-1.2432366101661745
TCCGAGGACGTATTCAAGCA,CCTGTCCGAGGACGTATTCAAGCAGGGCCT,ANPEP,51.3,-0.7496681754719764
TCCGAGGCGGGTGTGGACAG,GATCTCCGAGGCGGGTGTGGACAGCGGGTG,ANPEP,47.0,1.2884588239286292
TCCGCTCGCCACGCGTCCGC,TGCCTCCGCTCGCCACGCGTCCGCAGGCGT,FUT4,21.1,-0.756518960433894
TCCGGCGCCAGTGGAAGTAG,TAGCTCCGGCGCCAGTGGAAGTAGCGGCGA,FUT4,91.3,1.333346228141375
TCCTACTGGGATCCCCAAGG,TTGTTCCTACTGGGATCCCCAAGGAGGCGG,CD33,25.4,0.9065192189086397
TCCTCATCCATCTCCACAGT,CAGCTCCTCATCCATCTCCACAGTAGGGGC,CD33,90.7,-1.003101550028093
TCCTGAGGACTGAGGCGCCC,AGCATCCTGAGGACTGAGGCGCCCTGGGGT,ANPEP,49.6,1.208884315213676
TCCTGGACAGTGGCGGGGCC,TGTTTCCTGGACAGTGGCGGGGCCAGGCCT,FUT4,65.3,-1.477476558404349
TCCTGGCGTCTACGATGCTC,CTCCTCCTGGCGTCTACGATGCTCAGGGAG,CD33,28.4,1.179223698347212
TCCTGGCTGCTTTCCTCCTG,GCTGTCCTGGCTGCTTTCCTCCTGTGGGTC,CD33,78.3,-0.283195451090009
TCGCAGCCCCGGGGAGTGCG,GGCTTCGCAGCCCCGGGGAGTGCGAGGGCG,FUT4,56.7,1.1791984168080054
TCGCCACGCGTCCGCAGGCG,CCGCTCGCCACGCGTCCGCAGGCGTGGAGG,FUT4,20.8,-1.31121172426962
TCGCCGACGGCGGCGGCGGG,GGGCTCGCCGACGGCGGCGGCGGGCGGGCG,FUT4,25.7,-1.6330560095611795
TCGCGCCATGGGGGCACCGT,CTGTTCGCGCCATGGGGGCACCGTGGGGCT,FUT4,24.2,0.7243128275045642
TCGGACGTCTTTGTGCCTTA,GGACTCGGACGTCTTTGTGCCTTATGGCTA,FUT4,61.9,-0.0621694410076325
TCGTGAAGGGGCCCCCCGAC,GACCTCGTGAAGGGGCCCCCCGACTGGCCC,FUT4,46.5,0.057153351519066135
TCTAGCTTGTTTGTGGCCAC,TTGATCTAGCTTGTTTGTGGCCACTGGAGA,CD33,20.0,0.6544097352422363
TCTATCGCCGCTACTTCCAC,GCGGTCTATCGCCGCTACTTCCACTGGCGC,FUT4,91.5,0.927148239058762
TCTCCATCCACTGCTTGAAA,GGGTTCTCCATCCACTGCTTGAAAAGGCCA,ANPEP,80.1,-0.946027882932147
TCTCTCTTCAATCAGGAAGA,ACTGTCTCTCTTCAATCAGGAAGAGGGTGT,ANPEP,70.7,1.0654915503578983
TCTCTGGCCTTTTCAAGCAG,ATGGTCTCTGGCCTTTTCAAGCAGTGGATG,ANPEP,80.3,-1.1332116711209843
TCTCTTCGTCGTAGTTCACC,CAGTTCTCTTCGTCGTAGTTCACCCGGTAA,ANPEP,65.3,1.3736901400981736
TCTGCGCGTGTTGGACTACG,TGGATCTGCGCGTGTTGGACTACGAGGAGG,FUT4,50.7,0.423562761216187
TCTGCTCACTTGAATTCTGA,CCCATCTGCTCACTTGAATTCTGAGGGGCG,ANPEP,59.7,-0.5500979137845966
TCTGGCAGGCCAATCTGGTC,GAAGTCTGGCAGGCCAATCTGGTCTGGGGA,ANPEP,35.3,-0.865169347876845
TCTGGTAGGCAAAGGTGTGG,GTGTTCTGGTAGGCAAAGGTGTGGAGGTAG,ANPEP,52.1,1.0048534251096704
TCTGTGCCCGATTGATGACA,ATGATCTGTGCCCGATTGATGACAGGGATG,ANPEP,67.6,1.2998173465005756
TCTTCTGGAAGTGGGGTGCT,GGGGTCTTCTGGAAGTGGGGTGCTGGGACC,ANPEP,26.3,-0.7978841452372654
TCTTGTCAATGTCGGGGGGC,TCAGTCTTGTCAATGTCGGGGGGCTGGGAG,ANPEP,15.2,-1.6161002251859158
TCTTTAATTGCAGCTACGTG,TGGATCTTTAATTGCAGCTACGTGTGGATT,ANPEP,60.1,-1.5745332229442603
TGAACAGCTTGAGGTTTCAG,CACCTGAACAGCTTGAGGTTTCAGTGGGGC,CD33,87.8,-0.3589001098451769
TGAACCATTATCCCTCCTCC,AGTATGAACCATTATCCCTCCTCCTGGCGT,CD33,30.0,1.0672307780863097
TGAACTACGACGAAGAGAAC,CGGGTGAACTACGACGAAGAGAACTGGAGG,ANPEP,65.8,0.9893577868812176
TGAAGCGCAGCCGGCAGTCA,ATGTTGAAGCGCAGCCGGCAGTCAGGGGGC,FUT4,39.5,0.9127842590210813
TGAAGTAGCTCAGGCTGCTC,AGCTTGAAGTAGCTCAGGCTGCTCAGGGCG,ANPEP,72.3,0.1720058289204552
TGAAGTCTGGCAGGCCAATC,GCGTTGAAGTCTGGCAGGCCAATCTGGTCT,ANPEP,35.5,-1.1626971772972186
TGACAACCAGGAGAAGATCG,CAGCTGACAACCAGGAGAAGATCGGGGGTG,CD33,48.0,1.0838916268121865
TGACCGGGAAGCCCATCTGC,GTGATGACCGGGAAGCCCATCTGCAGGGTC,ANPEP,56.4,1.1686533513186819
TGACCGTGGACGTGTTCGGC,CATGTGACCGTGGACGTGTTCGGCCGGGGC,FUT4,72.7,0.8084210194067192
TGACGCCATCTCCTACAGCA,TGTTTGACGCCATCTCCTACAGCAAGGTGC,ANPEP,49.3,0.8282075027796355
TGAGATGGACAGCGAGTTCG,AGTATGAGATGGACAGCGAGTTCGAGGGGG,ANPEP,18.7,-0.33641347769318347
TGAGCATCGTAGACGCCAGG,TCCCTGAGCATCGTAGACGCCAGGAGGAGG,CD33,29.6,1.403590040420361
TGAGGCGGACGGGGTGGTGG,TGGCTGAGGCGGACGGGGTGGTGGAGGCCA,ANPEP,5.0,-1.087850855222517
TGATCACCTACGCTTGCTGG,GCGCTGATCACCTACGCTTGCTGGGGGCAG,FUT4,32.2,1.0201446701553538
TGATGTCCCGCACGGTGGTG,TTCATGATGTCCCGCACGGTGGTGGGGAGT,ANPEP,55.1,-0.24193428525952684
TGATGTGGACAGCGTAGCTC,GAGGTGATGTGGACAGCGTAGCTCCGGCGC,FUT4,92.4,1.2913777995142417
TGCAACGCTATCGCCCAGGG,CTACTGCAACGCTATCGCCCAGGGCGGGGA,ANPEP,82.9,0.6562851215390446
TGCACACGGCTGCCACGCCC,ATTGTGCACACGGCTGCCACGCCCAGGAGG,ANPEP,1.9,0.7456207194818524
TGCACCACCAGGTACTCGGT,GAGGTGCACCACCAGGTACTCGGTGGGCTC,ANPEP,16.4,1.3654669340143475
TGCACCTCCGTACCTTCATG,ACCATGCACCTCCGTACCTTCATGGGGCCA,ANPEP,74.1,1.1547269424913567
TGCACTTGCAGCCAGAAATT,CTCCTGCACTTGCAGCCAGAAATTTGGATC,CD33,5.5,-1.4423348437056431
TGCAGCCTGCATCTGTGTAG,CATCTGCAGCCTGCATCTGTGTAGTGGCCA,ANPEP,21.6,0.9843159866116645
TGCAGTAGACGGTGGACCGC,GCGTTGCAGTAGACGGTGGACCGCAGGTTG,ANPEP,81.9,0.977293709637903
TGCCACCAGCCCCTGTTTCC,CCCATGCCACCAGCCCCTGTTTCCTGGACA,FUT4,66.4,0.6769968294071607
TGCCAGGCTTCGCAGCCCCG,TACTTGCCAGGCTTCGCAGCCCCGGGGAGT,FUT4,57.3,1.2982063533201387
TGCCCCATCACTCACCGGGG,AGGATGCCCCATCACTCACCGGGGAGGCTG,CD33,84.2,0.17691339489325572
TGCCCGATTGATGACAGGGA,TCTGTGCCCGATTGATGACAGGGATGGCCT,ANPEP,67.5,0.9036507230995081
TGCCCTCCATGTACTCGCTG,ACATTGCCCTCCATGTACTCGCTGCGGTAG,ANPEP,20.2,0.32666251648647116
TGCCGCCCCTACTGTGGAGA,CAGGTGCCGCCCCTACTGTGGAGATGGATG,CD33,91.1,-1.4023419059837232
TGCCGTGGTCCTGGGGCCGT,TTGGTGCCGTGGTCCTGGGGCCGTGGGGTG,CD33,55.3,0.5926317586944566
TGCGCCTGGATGCCCCAGGG,AGTGTGCGCCTGGATGCCCCAGGGCGGGGG,FUT4,47.5,-0.19975906145835096
TGCGGACGCGTGGCGAGCGG,CGCCTGCGGACGCGTGGCGAGCGGAGGCAG,FUT4,21.9,-0.594475913831498
TGCGGAGCCCACCTGGAACT,ACTATGCGGAGCCCACCTGGAACTTGGTAA,ANPEP,44.4,0.5513317469305284
TGCGGGACATCATGAACCGC,ACCGTGCGGGACATCATGAACCGCTGGACC,ANPEP,55.9,0.26694985034071705
TGCTACTGACCTCCTGCAGG,TGGCTGCTACTGACCTCCTGCAGGTGGTCC,ANPEP,53.8,0.45613350414244963
TGCTACTGCTGCCCCTGCTG,CTGCTGCTACTGCTGCCCCTGCTGTGGGCA,CD33,2.5,0.2651894244224733
TGCTCCTCCCAAGTGCCGGG,GCCCTGCTCCTCCCAAGTGCCGGGCGGGGC,FUT4,12.1,-0.10208240453807785
TGCTGCTGGAGGAGGACAGG,TTGTTGCTGCTGGAGGAGGACAGGGGGTCG,ANPEP,38.4,0.777310774735427
TGCTGTGGTGGGAGCCCTTC,GTGCTGCTGTGGTGGGAGCCCTTCGGGGGG,FUT4,37.1,-0.6363730275489281
TGGAACTCCGTTGGAGCAGG,ACTCTGGAACTCCGTTGGAGCAGGCGGTGC,ANPEP,78.5,1.1926323517831712
TGGACATCTTGGGCGTGGTG,TACGTGGACATCTTGGGCGTGGTGTGGAAC,ANPEP,28.0,-0.4391429055566649
TGGACGTGTTCGGCCGGGGC,ACCGTGGACGTGTTCGGCCGGGGCGGGCCG,FUT4,73.1,-0.21642015930746084
TGGAGAGTCCCTGGATATAA,CCACTGGAGAGTCCCTGGATATAATGGCTC,CD33,18.2,-0.7397484622329918
TGGAGCCCTTAAAAACGTAC,GTGCTGGAGCCCTTAAAAACGTACAGGCCC,ANPEP,10.4,-1.7135344248953472
TGGATATAATGGCTCCTTCC,TCCCTGGATATAATGGCTCCTTCCCGGAAC,CD33,17.2,0.8598106484637684
TGGCAAGTAACCTCTTCAAC,AGCCTGGCAAGTAACCTCTTCAACTGGACG,FUT4,59.1,0.738961723955432
TGGCATGGGTGGTGAGCCAC,CTGGTGGCATGGGTGGTGAGCCACTGGGAC,FUT4,68.2,0.10264502556651854
TGGCCCGCCGCAATGGCACT,GCCGTGGCCCGCCGCAATGGCACTGGGCCG,ANPEP,31.7,-0.6049345671081321
TGGCCGGCTCATCGAAGCAT,TTCATGGCCGGCTCATCGAAGCATGGGAAG,ANPEP,23.0,1.4963107504289201
TGGCCGGGTTCTAGAGTGCC,GGAGTGGCCGGGTTCTAGAGTGCCAGGGAT,CD33,41.4,-1.2112246079057958
TGGCCTCCTTGCAGGTGAAA,TCAGTGGCCTCCTTGCAGGTGAAACGGACG,ANPEP,11.4,-1.3503464740086897
TGGCCTTTTCAAGCAGTGGA,TCTCTGGCCTTTTCAAGCAGTGGATGGAGA,ANPEP,80.4,-1.2499825550911468
TGGCGCAACGCGTTGCTCGC,GCTCTGGCGCAACGCGTTGCTCGCTGGGGC,FUT4,81.3,-1.3684519999766562
TGGCGTTCTTGTTCTTCTCC,CTGTTGGCGTTCTTGTTCTTCTCCTGGGAG,ANPEP,3.7,-1.3765131373714121
TGGCTATGGATCCAAATTTC,GCCCTGGCTATGGATCCAAATTTCTGGCTG,CD33,5.5,-1.2558131556707286
TGGCTTACCAAGTTCCAGGT,CAGCTGGCTTACCAAGTTCCAGGTGGGCTC,ANPEP,44.2,1.5685414649508675
TGGGATCTCCCTCCAGTTGT,TTTCTGGGATCTCCCTCCAGTTGTTGGTAT,ANPEP,76.3,-0.47198557133925345
TGGGGAGTTCTTGTCGTAGT,GAACTGGGGAGTTCTTGTCGTAGTAGGGTA,CD33,13.5,0.2131646949846068
TGGGGCCATAGACCTCGGAG,TTCATGGGGCCATAGACCTCGGAGCGGTCA,ANPEP,73.5,1.1349714888173454
TGGGGCGGTGCCGGTGGTGC,TCGCTGGGGCGGTGCCGGTGGTGCTGGGCC,FUT4,82.5,-0.044055462124086266
TGGGGTGATTATGAGCACCG,GCCGTGGGGTGATTATGAGCACCGAGGAGT,CD33,53.5,1.3977698259773552
TGGTATCCACCGTGATGACC,GTGCTGGTATCCACCGTGATGACCGGGAAG,ANPEP,56.9,1.0934289453084036
TGGTCGGGCCGGCTGGGCCC,GGCCTGGTCGGGCCGGCTGGGCCCCGGGCG,FUT4,6.7,-1.4800146728585764
TGGTGGGGAGTTGGATGGAC,ACGGTGGTGGGGAGTTGGATGGACCGGTTG,ANPEP,54.6,0.0771048457589182
TGGTGGTGGCTGAGGCGGAC,GGGTTGGTGGTGGCTGAGGCGGACGGGGTG,ANPEP,5.3,-1.5058117464465794
TGGTTCATACTTCTTTCGGA,ATAATGGTTCATACTTCTTTCGGATGGAGA,CD33,32.4,0.24300563983710977
TGTAACACCAGCTCCTCCAA,GGGCTGTAACACCAGCTCCTCCAATGGCCC,CD33,71.9,1.038600745947843
TGTACTGTCTCTCTTCAATC,GGCATGTACTGTCTCTCTTCAATCAGGAAG,ANPEP,70.9,0.8016544641930122
TGTAGCGGGCCACTGTGTGC,AACTTGTAGCGGGCCACTGTGTGCAGGAGC,FUT4,75.6,1.1420429996686121
TGTAGTTGAGCTTCTTGCTG,AGGGTGTAGTTGAGCTTCTTGCTGTGGATG,ANPEP,12.8,0.6400063008931781
TGTCAGTGAGTTCGACTACG,TCATTGTCAGTGAGTTCGACTACGTGGAGA,ANPEP,29.8,0.27847105209763695
TGTCCACATCACCTCCTTCT,ACGCTGTCCACATCACCTCCTTCTGGGACG,FUT4,93.8,1.1289543374948494
TGTCGTAGTAGGGTATGGGA,TTCTTGTCGTAGTAGGGTATGGGATGGAAG,CD33,12.5,1.2628227077285679
TGTGCTGAAGAGATCGTTCT,CTGATGTGCTGAAGAGATCGTTCTGGGCTG,ANPEP,62.8,0.5993484500391019
TGTGGACAGCGGGTGGGAGG,CGGGTGTGGACAGCGGGTGGGAGGAGGCCA,ANPEP,46.6,0.048907216374119634
TGTGGCCACTGGAGAGTCCC,TGTTTGTGGCCACTGGAGAGTCCCTGGATA,CD33,19.0,1.0559466215439006
TGTGGTGGGAGCCCTTCGGG,CTGCTGTGGTGGGAGCCCTTCGGGGGGCGC,FUT4,37.3,0.9309449933839247
TGTGTACCGCGTGATGGCAG,ATGATGTGTACCGCGTGATGGCAGTGGATG,ANPEP,45.9,1.5352465866350518
TGTGTGCAGGAGCCCAATTT,CCACTGTGTGCAGGAGCCCAATTTCGGGCA,FUT4,74.8,-0.25042893525332177
TGTTCAGCGCCAGAGTGACA,GTGTTGTTCAGCGCCAGAGTGACAGGGACC,ANPEP,69.8,1.1917728803884824
TGTTCCCTGCTCACAGGCCC,GGGGTGTTCCCTGCTCACAGGCCCAGGACA,CD33,45.8,0.9194620299824222
TGTTCCTACTGGGATCCCCA,CAGTTGTTCCTACTGGGATCCCCAAGGAGG,CD33,25.7,1.1692974571714283
TGTTCGGCCGGGGCGGGCCG,GACGTGTTCGGCCGGGGCGGGCCGGGGCAG,FUT4,73.4,-1.0887345155418857
TGTTCTGGTAGGCAAAGGTG,ATGGTGTTCTGGTAGGCAAAGGTGTGGAGG,ANPEP,52.2,0.2313457898190236
TGTTGCTGCTGGAGGAGGAC,TCCTTGTTGCTGCTGGAGGAGGACAGGGGG,ANPEP,38.5,-1.4493514976493138
TTCAGGTGCCGCCCCTACTG,GCTGTTCAGGTGCCGCCCCTACTGTGGAGA,CD33,90.5,-1.0406921877724966
TTCAGTGGGGCCATGTAACT,AGGTTTCAGTGGGGCCATGTAACTTGGACT,CD33,86.4,-1.4941144215630662
TTCCAGGAGATGGCTCAGGT,ATCTTTCCAGGAGATGGCTCAGGTAGGAAG,CD33,67.9,-1.2093222690125927
TTCCTACCTGAGCCATCTCC,CTCCTTCCTACCTGAGCCATCTCCTGGAAA,CD33,67.1,-0.16929014506887885
TTCCTGTTGGGGCAGGGTGG,AACCTTCCTGTTGGGGCAGGGTGGTGGCCA,ANPEP,21.2,-0.8526286176540114
TTCGCGCCATGGGGGCACCG,CCTGTTCGCGCCATGGGGGCACCGTGGGGC,FUT4,24.1,0.9356228330146544
TTCTATATTTCCAAGTCCCT,GGGCTTCTATATTTCCAAGTCCCTGGGCAT,ANPEP,1.0,0.19777199428670125
TTCTCCCAGCCCGCGCCCGA,CTCCTTCTCCCAGCCCGCGCCCGAGGGCTT,FUT4,2.3,-1.409402745332111
TTCTGAGGGGCGGGTAACAT,TGAATTCTGAGGGGCGGGTAACATTGGAAT,ANPEP,59.2,-1.1515235074450187
TTCTTGATCTAGCTTGTTTG,GTACTTCTTGATCTAGCTTGTTTGTGGCCA,CD33,20.6,-1.413054181257894
TTCTTGTCGTAGTAGGGTAT,GGAGTTCTTGTCGTAGTAGGGTATGGGATG,CD33,12.9,1.0484826615529048
TTGAACTCGGCCTTCATGGC,GATGTTGAACTCGGCCTTCATGGCCGGCTC,ANPEP,23.6,0.8077965809367763
TTGAAGCGCAGCCGGCAGTC,GATGTTGAAGCGCAGCCGGCAGTCAGGGGG,FUT4,39.5,0.5936386187670478
TTGCCAGGCTTCGCAGCCCC,TTACTTGCCAGGCTTCGCAGCCCCGGGGAG,FUT4,57.4,1.084503218346426
TTGCTGCTGGAGGAGGACAG,CTTGTTGCTGCTGGAGGAGGACAGGGGGTC,ANPEP,38.4,0.253740817398329
TTGGGTTCTGTGGAACATCT,GTTGTTGGGTTCTGTGGAACATCTAGGAGA,CD33,63.7,-0.9427885126253631
TTGGTCCAAGGTGGTGGCCG,TACTTTGGTCCAAGGTGGTGGCCGAGGCGG,ANPEP,6.3,-1.4534808958322472
TTGGTGGTAGTAGCGGACCC,TCAGTTGGTGGTAGTAGCGGACCCGGGCCT,FUT4,69.7,0.948655725000877
TTGGTGGTGGCTGAGGCGGA,GGGGTTGGTGGTGGCTGAGGCGGACGGGGT,ANPEP,5.4,-0.7614981775931916
TTGTTCAGCGCCAGAGTGAC,GGTGTTGTTCAGCGCCAGAGTGACAGGGAC,ANPEP,69.8,-1.1153843830139736
TTTACTTTGGTCCAAGGTGG,ACGCTTTACTTTGGTCCAAGGTGGTGGCCG,ANPEP,6.5,-0.29392914534065495
TTTCCTCGACCGCAACCCCG,TGCTTTTCCTCGACCGCAACCCCGCGGTCT,FUT4,90.1,0.8623727831126357
TTTCGAGAACTCGCAGCACC,TGGCTTTCGAGAACTCGCAGCACCTGGATT,FUT4,78.6,-0.5188883776737144
TTTCTGAAGTGAATGAAGAG,ATTATTTCTGAAGTGAATGAAGAGGGGTGT,ANPEP,75.3,0.6387083071376389
TTTGACCGCTCCGAGGTCTA,CATGTTTGACCGCTCCGAGGTCTATGGCCC,ANPEP,73.7,-1.407735515662767
TTTGGGAAGCATGTTGGACA,CACCTTTGGGAAGCATGTTGGACAGGGCTG,ANPEP,25.4,0.749476935226877
