sgRNA Sequence,sgRNA Context Sequence,Target Gene Symbol,Target Cut %,gene_rank
AAACAGTGACGTTCCGTCTC,AACGAAACAGTGACGTTCCGTCTCTGGAAT,Cd28,45.2,0.012658227848101266
AAAGCAGTCGCCCCTGCTTG,TGGTAAAGCAGTCGCCCCTGCTTGTGGTAG,Cd28,13.4,0.43037974683544306
AAAGTCTCTGGCAGGGGCGT,CTGCAAAGTCTCTGGCAGGGGCGTAGGGCT,Cd28,94.7,0.5316455696202531
AACATGACTCCCCGGAGGCC,CATGAACATGACTCCCCGGAGGCCTGGGCT,Cd28,89.3,0.05063291139240506
AAGTCTCTGGCAGGGGCGTA,TGCAAAGTCTCTGGCAGGGGCGTAGGGCTG,Cd28,94.5,0.6582278481012658
AATGCCGAGTTCAACTGCGA,CTCGAATGCCGAGTTCAACTGCGACGGGGA,Cd28,39.6,0.6075949367088608
ACATGAACATGACTCCCCGG,GACTACATGAACATGACTCCCCGGAGGCCT,Cd28,88.6,0.8354430379746836
ACATGACTCCCCGGAGGCCT,ATGAACATGACTCCCCGGAGGCCTGGGCTC,Cd28,89.5,0.11392405063291139
ACCAGTGCCCAAAACAGCTT,CACGACCAGTGCCCAAAACAGCTTAGGAGA,Cd28,68.0,0.8481012658227848
ACCTTCTCGCAAAGGAATTC,TACAACCTTCTCGCAAAGGAATTCCGGGCA,Cd28,23.3,0.189873417721519
ACGAGGTCAGCCTCAGCTGC,AGCAACGAGGTCAGCCTCAGCTGCAGGTAT,Cd28,18.3,0.5949367088607594
ACGCTGCAAAGTCTCTGGCA,CGGTACGCTGCAAAGTCTCTGGCAGGGGCG,Cd28,95.7,0.6455696202531646
ACTACATGAACATGACTCCC,AGTGACTACATGAACATGACTCCCCGGAGG,Cd28,88.1,0.7215189873417721
ACTCGGCATTCGAGCGAAAC,TTGAACTCGGCATTCGAGCGAAACTGGGGC,Cd28,35.9,0.13924050632911392
AGCGACGTGGAAGTCTGTGT,GAACAGCGACGTGGAAGTCTGTGTCGGGAA,Cd28,30.4,0.569620253164557
AGTCATCTCCTAAGCTGTTT,ACTCAGTCATCTCCTAAGCTGTTTTGGGCA,Cd28,68.5,0.12658227848101267
AGTGGCTCTTTGTGTTATCT,TGACAGTGGCTCTTTGTGTTATCTGGGTAA,Cd28,79.6,0.35443037974683544
ATAGGGGTCCCTGTCAGGGG,CTGGATAGGGGTCCCTGTCAGGGGCGGTAC,Cd28,99.4,0.7468354430379747
ATCCCCGTCGCAGTTGAACT,CGAAATCCCCGTCGCAGTTGAACTCGGCAT,Cd28,38.5,0.4050632911392405
ATGCCGAGTTCAACTGCGAC,TCGAATGCCGAGTTCAACTGCGACGGGGAT,Cd28,39.7,0.06329113924050633
ATTCCGGGCATCCCTGTACA,AGGAATTCCGGGCATCCCTGTACAAGGGCG,Cd28,25.7,0.6835443037974683
CAAGGGCGTGAACAGCGACG,TGTACAAGGGCGTGAACAGCGACGTGGAAG,Cd28,28.5,0.7341772151898734
CAGTGGCTCTTTGTGTTATC,GTGACAGTGGCTCTTTGTGTTATCTGGGTA,Cd28,79.5,0.0379746835443038
CATTGCTCCTCTCGTTGTCT,GTTCCATTGCTCCTCTCGTTGTCTAGGTAA,Cd28,56.9,0.5569620253164557
CCCCCTAGACAAATAGTAGA,TTCCCCCCCTAGACAAATAGTAGAAGGAAC,Cd28,81.7,0.26582278481012656
CCCGGAATTCCTTTGCGAGA,GATGCCCGGAATTCCTTTGCGAGAAGGTTG,Cd28,21.8,0.20253164556962025
CCTTCTCGCAAAGGAATTCC,ACAACCTTCTCGCAAAGGAATTCCGGGCAT,Cd28,23.4,0.25316455696202533
CGAGCGAAACTGGGGCTGAT,CATTCGAGCGAAACTGGGGCTGATAGGTAA,Cd28,34.4,0.379746835443038
CGAGTGAGCCCAGGCCTCCG,CTTTCGAGTGAGCCCAGGCCTCCGGGGAGT,Cd28,89.0,0.7088607594936709
CGCCCTTGTACAGGGATGCC,TTCACGCCCTTGTACAGGGATGCCCGGAAT,Cd28,24.5,0.08860759493670886
CGCCTTACCTAGACAACGAG,CCTCCGCCTTACCTAGACAACGAGAGGAGC,Cd28,57.5,0.7848101265822784
CGCTGCAAAGTCTCTGGCAG,GGTACGCTGCAAAGTCTCTGGCAGGGGCGT,Cd28,95.6,0.4177215189873418
CGCTGTTCACGCCCTTGTAC,ACGTCGCTGTTCACGCCCTTGTACAGGGAT,Cd28,25.9,0.17721518987341772
CGTTGCTATCTACCACAAGC,ACCTCGTTGCTATCTACCACAAGCAGGGGC,Cd28,13.5,0.3924050632911392
CGTTGTCTAGGTAAGGCGGA,CTCTCGTTGTCTAGGTAAGGCGGAGGGTAC,Cd28,55.1,0.9620253164556962
CTAGACAACGAGAGGAGCAA,TTACCTAGACAACGAGAGGAGCAATGGAAC,Cd28,58.8,0.9746835443037974
CTAGCAAGCCATAACAAAAC,GTCACTAGCAAGCCATAACAAAACAGGACT,Cd28,73.8,0.5063291139240507
CTCCTCTCGTTGTCTAGGTA,ATTGCTCCTCTCGTTGTCTAGGTAAGGCGG,Cd28,56.2,0.7974683544303798
CTCGGCATTCGAGCGAAACT,TGAACTCGGCATTCGAGCGAAACTGGGGCT,Cd28,35.8,0.02531645569620253
CTCTCGTTGTCTAGGTAAGG,GCTCCTCTCGTTGTCTAGGTAAGGCGGAGG,Cd28,55.7,0.8987341772151899
CTCTGGCAGGGGCGTAGGGC,AAGTCTCTGGCAGGGGCGTAGGGCTGGTAA,Cd28,93.9,0.5822784810126582
CTGGATAGGGGTCCCTGTCA,GCTTCTGGATAGGGGTCCCTGTCAGGGGCG,Cd28,100.0,0.2911392405063291
GACACTCAGGCTGCTGTTCT,CAATGACACTCAGGCTGCTGTTCTTGGCTC,Cd28,2.9,0.8227848101265823
GCAGCGTACCGCCCCTGACA,CTTTGCAGCGTACCGCCCCTGACAGGGACC,Cd28,99.8,0.5443037974683544
GCAGGGGCGTAGGGCTGGTA,TCTGGCAGGGGCGTAGGGCTGGTAAGGCTT,Cd28,93.2,0.4430379746835443
GCGACGTGGAAGTCTGTGTC,AACAGCGACGTGGAAGTCTGTGTCGGGAAT,Cd28,30.6,0.46835443037974683
GCGGTACGCTGCAAAGTCTC,AGGGGCGGTACGCTGCAAAGTCTCTGGCAG,Cd28,96.5,0.27848101265822783
GCTGGAGTCCTGTTTTGTTA,GGTTGCTGGAGTCCTGTTTTGTTATGGCTT,Cd28,74.3,0.21518987341772153
GCTGTTCACGCCCTTGTACA,CGTCGCTGTTCACGCCCTTGTACAGGGATG,Cd28,25.7,0.810126582278481
GCTGTTTTGGGCACTGGTCG,CTAAGCTGTTTTGGGCACTGGTCGTGGTTG,Cd28,70.5,0.6708860759493671
GCTTGTGGTAGATAGCAACG,CCCTGCTTGTGGTAGATAGCAACGAGGTCA,Cd28,15.7,0.9240506329113924
GGAACTATTATTCACATAAA,CAATGGAACTATTATTCACATAAAAGGTAA,Cd28,61.9,0.34177215189873417
GTCATCTCCTAAGCTGTTTT,CTCAGTCATCTCCTAAGCTGTTTTGGGCAC,Cd28,68.6,0.16455696202531644
GTGGAAGTCTGTGTCGGGAA,CGACGTGGAAGTCTGTGTCGGGAATGGGAA,Cd28,31.4,0.0759493670886076
GTTCCTTCTACTATTTGTCT,GTCTGTTCCTTCTACTATTTGTCTAGGGGG,Cd28,80.5,0.45569620253164556
GTTGCTATCTACCACAAGCA,CCTCGTTGCTATCTACCACAAGCAGGGGCG,Cd28,13.4,1.0
TAAGGCTTTCGAGTGAGCCC,CTGGTAAGGCTTTCGAGTGAGCCCAGGCCT,Cd28,90.4,0.4810126582278481
TACGCTGCAAAGTCTCTGGC,GCGGTACGCTGCAAAGTCTCTGGCAGGGGC,Cd28,95.9,0.24050632911392406
TCATCAGAACAATGACACTC,GCCCTCATCAGAACAATGACACTCAGGCTG,Cd28,0.9,0.9873417721518988
TCCTAAGCTGTTTTGGGCAC,CATCTCCTAAGCTGTTTTGGGCACTGGTCG,Cd28,69.6,0.5189873417721519
TCGAGTGAGCCCAGGCCTCC,GCTTTCGAGTGAGCCCAGGCCTCCGGGGAG,Cd28,89.2,0.620253164556962
TCGGCATTCGAGCGAAACTG,GAACTCGGCATTCGAGCGAAACTGGGGCTG,Cd28,35.6,0.8607594936708861
TCGTTGTCTAGGTAAGGCGG,CCTCTCGTTGTCTAGGTAAGGCGGAGGGTA,Cd28,55.3,0.7721518987341772
TGACGTGCAGATTCCAGAGA,TGATTGACGTGCAGATTCCAGAGACGGAAC,Cd28,45.5,0.9113924050632911
TGCAGCGTACCGCCCCTGAC,ACTTTGCAGCGTACCGCCCCTGACAGGGAC,Cd28,99.7,0.3670886075949367
TGCCGAGTTCAACTGCGACG,CGAATGCCGAGTTCAACTGCGACGGGGATT,Cd28,39.9,0.6329113924050633
TGGAAGTCTGTGTCGGGAAT,GACGTGGAAGTCTGTGTCGGGAATGGGAAT,Cd28,31.5,0.1518987341772152
TGGATAGGGGTCCCTGTCAG,CTTCTGGATAGGGGTCCCTGTCAGGGGCGG,Cd28,99.8,0.31645569620253167
TGGGCACTGGTCGTGGTTGC,GTTTTGGGCACTGGTCGTGGTTGCTGGAGT,Cd28,71.5,0.4936708860759494
TGTAGGAATACCTGCAGCTG,AGGTTGTAGGAATACCTGCAGCTGAGGCTG,Cd28,18.1,0.9493670886075949
TGTTCATGTAGTCACTTTGA,GTCATGTTCATGTAGTCACTTTGAAGGAGT,Cd28,84.8,0.22784810126582278
TTATGGCTTGCTAGTGACAG,TTTGTTATGGCTTGCTAGTGACAGTGGCTC,Cd28,76.9,0.759493670886076
TTCCGGGCATCCCTGTACAA,GGAATTCCGGGCATCCCTGTACAAGGGCGT,Cd28,25.9,0.8734177215189873
TTCCTACAACCTTCTCGCAA,GGTATTCCTACAACCTTCTCGCAAAGGAAT,Cd28,22.1,0.3037974683544304
TTCCTTCTACTATTTGTCTA,TCTGTTCCTTCTACTATTTGTCTAGGGGGG,Cd28,80.4,0.10126582278481013
TTCCTTTGCGAGAAGGTTGT,GGAATTCCTTTGCGAGAAGGTTGTAGGAAT,Cd28,20.7,0.6962025316455697
TTCGAGTGAGCCCAGGCCTC,GGCTTTCGAGTGAGCCCAGGCCTCCGGGGA,Cd28,89.3,0.3291139240506329
TTCTTCTCAGTTCAAGTAAC,CAACTTCTTCTCAGTTCAAGTAACAGGTAA,Cd28,7.6,0.8860759493670886
TTGCTATCTACCACAAGCAG,CTCGTTGCTATCTACCACAAGCAGGGGCGA,Cd28,13.2,0.9367088607594937
AACTTAAAATGGGAAAAAAA,CGAGAACTTAAAATGGGAAAAAAATGGCCA,Cd3e,28.2,0.11764705882352941
AAGCCTGTGACCCGAGGAAC,GGCCAAGCCTGTGACCCGAGGAACCGGTGC,Cd3e,77.2,0.6470588235294118
AAGGCCAAGCCTGTGACCCG,GGCCAAGGCCAAGCCTGTGACCCGAGGAAC,Cd3e,76.1,0.5764705882352941
AAGTTCTCGTCACTGTCTAG,TTTTAAGTTCTCGTCACTGTCTAGAGGGCA,Cd3e,23.2,0.9411764705882353
AATCTTCTTACCAATGTTCT,AGCAAATCTTCTTACCAATGTTCTCGGCAT,Cd3e,13.3,0.29411764705882354
ACAGGTCCCGCTGGCCTTTG,GAATACAGGTCCCGCTGGCCTTTGCGGATG,Cd3e,91.9,0.27058823529411763
ACAGTGACGAGAACTTAAAA,CTAGACAGTGACGAGAACTTAAAATGGGAA,Cd3e,26.3,0.38823529411764707
ACTCACCAGCTAGGAGGCTG,CCCTACTCACCAGCTAGGAGGCTGAGGCAC,Cd3e,6.7,0.8705882352941177
AGATGGAGACTTTGTATTCT,CCTGAGATGGAGACTTTGTATTCTGGGAAA,Cd3e,14.6,0.1411764705882353
AGCATTCTGAGAGGATGCGG,AGAGAGCATTCTGAGAGGATGCGGTGGAAC,Cd3e,0.5,0.8823529411764706
AGCCCATCCGCAAAGGCCAG,CCTCAGCCCATCCGCAAAGGCCAGCGGGAC,Cd3e,92.6,0.5647058823529412
AGGGCACGTCAACTCTACAC,CTAGAGGGCACGTCAACTCTACACTGGTTC,Cd3e,19.6,0.9647058823529412
AGGTGCTTATCATGCTTCTG,CACCAGGTGCTTATCATGCTTCTGAGGCAG,Cd3e,32.1,0.6235294117647059
AGTGTGTGAGTACTGTGTGG,CTGCAGTGTGTGAGTACTGTGTGGAGGTGG,Cd3e,54.9,0.9764705882352941
AGTTCGATGGTTTTACCTCT,ACCCAGTTCGATGGTTTTACCTCTGGGCCT,Cd3e,81.6,0.3176470588235294
AGTTCTCGTCACTGTCTAGA,TTTAAGTTCTCGTCACTGTCTAGAGGGCAC,Cd3e,23.0,0.7411764705882353
ATCCGGTTACCTCATAGTCT,CCATATCCGGTTACCTCATAGTCTGGGTTG,Cd3e,88.8,0.5529411764705883
ATGCGGTGGAACACTTTCTG,GAGGATGCGGTGGAACACTTTCTGGGGCAT,Cd3e,3.0,0.9294117647058824
CAAGTACGTGTTTTTATTTG,GGTACAAGTACGTGTTTTTATTTGAGGCTG,Cd3e,46.5,0.2235294117647059
CACCCTCAGCCCATCCGCAA,GTTCCACCCTCAGCCCATCCGCAAAGGCCA,Cd3e,91.4,0.4823529411764706
CAGCTAGGAGGCTGAGGCAC,TCACCAGCTAGGAGGCTGAGGCACAGGATG,Cd3e,5.6,0.6941176470588235
CAGTGACGAGAACTTAAAAT,TAGACAGTGACGAGAACTTAAAATGGGAAA,Cd3e,26.5,0.36470588235294116
CAGTTCGATGGTTTTACCTC,GACCCAGTTCGATGGTTTTACCTCTGGGCC,Cd3e,81.8,0.25882352941176473
CATGCTTCTGAGGCAGCTCT,TTATCATGCTTCTGAGGCAGCTCTTGGCCA,Cd3e,30.4,0.8235294117647058
CATTCCCCTACTCACCAGCT,CTTTCATTCCCCTACTCACCAGCTAGGAGG,Cd3e,8.2,0.9529411764705882
CCAGGATTTCTCGGAAGTCG,TGCTCCAGGATTTCTCGGAAGTCGAGGACA,Cd3e,39.1,0.7764705882352941
CCAGTTGGCACTTGCCAGGA,TTTTCCAGTTGGCACTTGCCAGGACGGTAA,Cd3e,10.9,0.6823529411764706
CCGAGAAATCCTGGAGCACC,ACTTCCGAGAAATCCTGGAGCACCAGGTGC,Cd3e,35.6,0.7058823529411765
CCGAGTTACCTCGAGCTTTC,GAGCCCGAGTTACCTCGAGCTTTCAGGTAC,Cd3e,50.9,0.047058823529411764
CCGTCCTGGCAAGTGCCAAC,CTTACCGTCCTGGCAAGTGCCAACTGGAAA,Cd3e,8.9,0.15294117647058825
CCTCGACTTCCGAGAAATCC,CTGTCCTCGACTTCCGAGAAATCCTGGAGC,Cd3e,37.2,0.2823529411764706
CCTGGTGCTCCAGGATTTCT,AGCACCTGGTGCTCCAGGATTTCTCGGAAG,Cd3e,37.5,0.23529411764705882
CTCTACACTGGTTCCTGAGA,TCAACTCTACACTGGTTCCTGAGATGGAGA,Cd3e,17.5,0.8588235294117647
CTGCAGGGCAAAACAAGGAG,TCCTCTGCAGGGCAAAACAAGGAGCGGCCA,Cd3e,83.7,0.2
CTGTGCCTCAGCCTCCTAGC,CATCCTGTGCCTCAGCCTCCTAGCTGGTGA,Cd3e,7.7,0.058823529411764705
CTTTCAGATGCCGAGAACAT,TTCCCTTTCAGATGCCGAGAACATTGGTAA,Cd3e,13.5,0.6705882352941176
GAAATCATATCTTACCGTCC,GAAAGAAATCATATCTTACCGTCCTGGCAA,Cd3e,11.4,0.5176470588235295
GAATACAAAGTCTCCATCTC,CCCAGAATACAAAGTCTCCATCTCAGGAAC,Cd3e,17.2,0.8
GAGAGCATTCTGAGAGGATG,TAGAGAGAGCATTCTGAGAGGATGCGGTGG,Cd3e,0.0,0.6
GAGATGGAGACTTTGTATTC,TCCTGAGATGGAGACTTTGTATTCTGGGAA,Cd3e,14.7,0.023529411764705882
GAGCAAGAATAGGAAGGCCA,ACTGGAGCAAGAATAGGAAGGCCAAGGCCA,Cd3e,72.8,0.611764705882353
GAGGAACCGGTGCTGGTAGC,ACCCGAGGAACCGGTGCTGGTAGCAGGCCC,Cd3e,79.5,0.03529411764705882
GATGCGGTGGAACACTTTCT,AGAGGATGCGGTGGAACACTTTCTGGGGCA,Cd3e,2.8,0.7647058823529411
GATGTCAACAATGATGATTA,TACAGATGTCAACAATGATGATTATGGCTA,Cd3e,60.2,0.8352941176470589
GCACCGGTTCCTCGGGTCAC,ACCAGCACCGGTTCCTCGGGTCACAGGCTT,Cd3e,75.8,0.47058823529411764
GCCCATCCGCAAAGGCCAGC,CTCAGCCCATCCGCAAAGGCCAGCGGGACC,Cd3e,92.8,0.3411764705882353
GCTACCAGCACCGGTTCCTC,GCCTGCTACCAGCACCGGTTCCTCGGGTCA,Cd3e,77.0,0.5294117647058824
GGATGCGGTGGAACACTTTC,GAGAGGATGCGGTGGAACACTTTCTGGGGC,Cd3e,2.6,0.7294117647058823
GGCCAGAATACAGGTCCCGC,TTCAGGCCAGAATACAGGTCCCGCTGGCCT,Cd3e,93.5,0.3058823529411765
GGCCAGCGGGACCTGTATTC,CAAAGGCCAGCGGGACCTGTATTCTGGCCT,Cd3e,95.1,0.16470588235294117
GGTGCTGGTAGCAGGCCCAG,AACCGGTGCTGGTAGCAGGCCCAGAGGTAA,Cd3e,80.9,0.08235294117647059
GGTTACCTCATAGTCTGGGT,ATCCGGTTACCTCATAGTCTGGGTTGGGAA,Cd3e,88.1,0.49411764705882355
GGTTCCTCGGGTCACAGGCT,CACCGGTTCCTCGGGTCACAGGCTTGGCCT,Cd3e,74.9,0.6352941176470588
GTCAGACTGCTCTCTGATTC,ATCTGTCAGACTGCTCTCTGATTCAGGCCA,Cd3e,97.2,0.4470588235294118
GTCCCGCTGGCCTTTGCGGA,ACAGGTCCCGCTGGCCTTTGCGGATGGGCT,Cd3e,91.2,0.32941176470588235
GTCCTCTGCAGGGCAAAACA,CTCTGTCCTCTGCAGGGCAAAACAAGGAGC,Cd3e,82.8,0.10588235294117647
GTGACCCGAGGAACCGGTGC,GCCTGTGACCCGAGGAACCGGTGCTGGTAG,Cd3e,78.2,0.6588235294117647
GTGTGAGTACTGTGTGGAGG,CAGTGTGTGAGTACTGTGTGGAGGTGGACC,Cd3e,55.4,0.8941176470588236
GTTACCTCATAGTCTGGGTT,TCCGGTTACCTCATAGTCTGGGTTGGGAAC,Cd3e,87.9,0.4588235294117647
GTTGACATCTGTATCACTCT,CATTGTTGACATCTGTATCACTCTGGGCTT,Cd3e,64.6,0.9058823529411765
TACGTGTTTTTATTTGAGGC,CAAGTACGTGTTTTTATTTGAGGCTGGTGT,Cd3e,45.8,0.011764705882352941
TACTTGTACCTGAAAGCTCG,CACGTACTTGTACCTGAAAGCTCGAGGTAA,Cd3e,51.4,0.7529411764705882
TAGTCTGGGTTGGGAACAGG,CTCATAGTCTGGGTTGGGAACAGGTGGTGG,Cd3e,86.3,0.5882352941176471
TATCACTCTGGGCTTGCTGA,TCTGTATCACTCTGGGCTTGCTGATGGTCA,Cd3e,66.5,1.0
TATCCGGTTACCTCATAGTC,ACCATATCCGGTTACCTCATAGTCTGGGTT,Cd3e,88.9,0.3764705882352941
TCAGAAGCATGATAAGCACC,TGCCTCAGAAGCATGATAAGCACCTGGTGC,Cd3e,34.4,0.8117647058823529
TCATAGTCTGGGTTGGGAAC,TACCTCATAGTCTGGGTTGGGAACAGGTGG,Cd3e,86.8,0.4
TCCCCTACTCACCAGCTAGG,TCATTCCCCTACTCACCAGCTAGGAGGCTG,Cd3e,7.7,0.9176470588235294
TCCCGCTGGCCTTTGCGGAT,CAGGTCCCGCTGGCCTTTGCGGATGGGCTG,Cd3e,91.1,0.5411764705882353
TCGGGTCACAGGCTTGGCCT,TTCCTCGGGTCACAGGCTTGGCCTTGGCCT,Cd3e,73.9,0.17647058823529413
TCTGATTCAGGCCAGAATAC,GCTCTCTGATTCAGGCCAGAATACAGGTCC,Cd3e,95.1,0.24705882352941178
TCTGGGCCTGCTACCAGCAC,TACCTCTGGGCCTGCTACCAGCACCGGTTC,Cd3e,78.6,0.5058823529411764
TCTGGGTTGGGAACAGGTGG,ATAGTCTGGGTTGGGAACAGGTGGTGGCCG,Cd3e,85.8,0.43529411764705883
TGATAAGCACCTGGTGCTCC,AGCATGATAAGCACCTGGTGCTCCAGGATT,Cd3e,36.0,0.09411764705882353
TGATTATGGCTACTGCTGTC,ATGATGATTATGGCTACTGCTGTCAGGTCC,Cd3e,57.7,0.8470588235294118
TGCAGTGTGTGAGTACTGTG,GTCCTGCAGTGTGTGAGTACTGTGTGGAGG,Cd3e,54.4,0.9882352941176471
TGCTACCAGCACCGGTTCCT,GGCCTGCTACCAGCACCGGTTCCTCGGGTC,Cd3e,77.2,0.07058823529411765
TGCTGATGGTCATTTATTAC,GGCTTGCTGATGGTCATTTATTACTGGAGC,Cd3e,68.9,0.18823529411764706
TGGCCTTTGCGGATGGGCTG,CCGCTGGCCTTTGCGGATGGGCTGAGGGTG,Cd3e,90.0,0.21176470588235294
TGTTCCCAACCCAGACTATG,CACCTGTTCCCAACCCAGACTATGAGGTAA,Cd3e,89.1,0.4235294117647059
TGTTGACATCTGTATCACTC,TCATTGTTGACATCTGTATCACTCTGGGCT,Cd3e,64.4,0.35294117647058826
TTACTGGAGCAAGAATAGGA,TTTATTACTGGAGCAAGAATAGGAAGGCCA,Cd3e,71.8,0.7176470588235294
TTCTCGGAAGTCGAGGACAG,GGATTTCTCGGAAGTCGAGGACAGTGGCTA,Cd3e,40.4,0.4117647058823529
TTTATTACTGGAGCAAGAAT,GTCATTTATTACTGGAGCAAGAATAGGAAG,Cd3e,71.1,0.788235294117647
TTTTCCAGTTGGCACTTGCC,TTTGTTTTCCAGTTGGCACTTGCCAGGACG,Cd3e,10.2,0.12941176470588237
AAAAAAAACACTGCAACAAG,CAGAAAAAAAAACACTGCAACAAGAGGGTA,Cd5,72.5,0.0989010989010989
AAAAAAACACTGCAACAAGA,AGAAAAAAAAACACTGCAACAAGAGGGTAT,Cd5,72.6,0.6923076923076923
AAAAAGCAGCGTCAGTGGAT,TCAGAAAAAGCAGCGTCAGTGGATTGGCCC,Cd5,84.0,0.23443223443223443
AAAACAACGGCCCAGGAGGG,CCAGAAAACAACGGCCCAGGAGGGCGGCCA,Cd5,52.1,0.2454212454212454
AAACAGTGTGCAGTTCCAGT,TGGAAAACAGTGTGCAGTTCCAGTTGGAGG,Cd5,12.3,0.7472527472527473
AACACTGAGACAGCTTCTCC,TGGTAACACTGAGACAGCTTCTCCTGGGCA,Cd5,69.4,0.5274725274725275
AACCCAGCGGGCCTGGCCCC,CCCAAACCCAGCGGGCCTGGCCCCAGGCAC,Cd5,75.7,0.07326007326007326
AACGGCCCAGGAGGGCGGCC,AAACAACGGCCCAGGAGGGCGGCCAGGCGC,Cd5,52.4,0.2783882783882784
AAGGACAGGCCCCTGGGCCT,GGCCAAGGACAGGCCCCTGGGCCTGGGGAA,Cd5,39.3,0.029304029304029304
AAGGCCAAGGACAGGCCCCT,CTACAAGGCCAAGGACAGGCCCCTGGGCCT,Cd5,38.9,0.7216117216117216
AAGGTTCAGAGCCGCCTGGT,GCCCAAGGTTCAGAGCCGCCTGGTCGGGGG,Cd5,56.1,0.6813186813186813
AAGTGCGCCAGAGATCACAG,GCTGAAGTGCGCCAGAGATCACAGTGGGAG,Cd5,59.6,0.706959706959707
ACACACTGCTGCCCCCGACC,TCACACACACTGCTGCCCCCGACCAGGCGG,Cd5,56.3,0.6007326007326007
ACACTGAGACAGCTTCTCCT,GGTAACACTGAGACAGCTTCTCCTGGGCAC,Cd5,69.4,0.6593406593406593
ACAGCTTCTCCTGGGCACAG,TGAGACAGCTTCTCCTGGGCACAGAGGAAC,Cd5,68.8,0.7948717948717948
ACAGTCTCTGAGCCACTTGC,TTTTACAGTCTCTGAGCCACTTGCAGGTCA,Cd5,98.7,0.14285714285714285
ACAGTTCTGCAGCCAGGGGC,TGTGACAGTTCTGCAGCCAGGGGCCGGGGA,Cd5,62.0,0.45054945054945056
ACATACCTGCTGGGAACGCT,TGCCACATACCTGCTGGGAACGCTGGGTGA,Cd5,3.2,0.7582417582417582
ACATGGCCAGCAGCACCACC,CCACACATGGCCAGCAGCACCACCAGGAGT,Cd5,78.7,0.6996336996336996
ACCACCGTGCCGGAGCCCAC,ACCCACCACCGTGCCGGAGCCCACAGGTAA,Cd5,30.8,0.663003663003663
ACCAGCTCCTGCAGAGCTGA,GGACACCAGCTCCTGCAGAGCTGAGGGACC,Cd5,45.7,0.16483516483516483
ACCAGCTTCTTGTAGACCAG,CTTCACCAGCTTCTTGTAGACCAGAGGACC,Cd5,80.6,0.8388278388278388
ACCAGGCGGCTCTGAACCTT,CCCGACCAGGCGGCTCTGAACCTTGGGCTG,Cd5,55.2,0.5714285714285714
ACCCTCTTACCTGTGGGCTC,GAGCACCCTCTTACCTGTGGGCTCCGGCAC,Cd5,30.7,0.3772893772893773
ACCTGTGGGCTCCGGCACGG,TCTTACCTGTGGGCTCCGGCACGGTGGTGG,Cd5,30.2,0.4468864468864469
ACGGTGGGAAGAGCTATGTC,GGGGACGGTGGGAAGAGCTATGTCGGGAGC,Cd5,63.7,0.8131868131868132
ACTCACCCAGCGTTCCCAGC,AGAGACTCACCCAGCGTTCCCAGCAGGTAT,Cd5,2.8,0.652014652014652
ACTGCAGAGACTTACAGATG,CCACACTGCAGAGACTTACAGATGAGGTTC,Cd5,40.3,0.8351648351648352
ACTGTTCTGGTTCACTCCTG,ACTTACTGTTCTGGTTCACTCCTGTGGGGC,Cd5,84.9,0.28205128205128205
ACTTACAGATGAGGTTCCCC,AGAGACTTACAGATGAGGTTCCCCAGGCCC,Cd5,39.7,0.8937728937728938
AGAAGCTGGTGAAGAAATGT,TACAAGAAGCTGGTGAAGAAATGTAGGTAC,Cd5,82.2,0.7912087912087912
AGACCCAAACCCAGCGGGCC,GCCAAGACCCAAACCCAGCGGGCCTGGCCC,Cd5,75.2,0.08058608058608059
AGATCCAGATGGAAAACAAG,GTGGAGATCCAGATGGAAAACAAGTGGAAA,Cd5,10.7,0.8278388278388278
AGATGAGGTTCCCCAGGCCC,TTACAGATGAGGTTCCCCAGGCCCAGGGGC,Cd5,39.3,0.4432234432234432
AGCAGACAGGTGAGAGTTCC,GATAAGCAGACAGGTGAGAGTTCCTGGGAG,Cd5,92.4,0.054945054945054944
AGCAGATGACGGTGAGCGCC,CCAGAGCAGATGACGGTGAGCGCCTGGCCG,Cd5,52.9,0.32234432234432236
AGCCAGGGGCCGGGGACGGT,CTGCAGCCAGGGGCCGGGGACGGTGGGAAG,Cd5,62.7,0.8205128205128205
AGCTCCTCCCAGATTGCAGC,CTCCAGCTCCTCCCAGATTGCAGCTGGTGC,Cd5,32.2,0.2271062271062271
AGCTGCAATCTGGGAGGAGC,CACCAGCTGCAATCTGGGAGGAGCTGGAGA,Cd5,31.3,0.5384615384615384
AGGACAGGCCCCTGGGCCTG,GCCAAGGACAGGCCCCTGGGCCTGGGGAAC,Cd5,39.4,0.1575091575091575
AGGCCAAGACCCAAACCCAG,ATCCAGGCCAAGACCCAAACCCAGCGGGCC,Cd5,74.8,0.9743589743589743
AGGCCTGAGGTGCACAGGTG,ACGAAGGCCTGAGGTGCACAGGTGTGGTGG,Cd5,34.6,0.6410256410256411
AGGCTGTTGGGTTCTCAACT,TGAGAGGCTGTTGGGTTCTCAACTTGGGAC,Cd5,88.8,0.2600732600732601
AGGGAAAGGACCAAGGGCCA,ATGAAGGGAAAGGACCAAGGGCCAAGGGGT,Cd5,18.0,0.3076923076923077
AGGTTCAGAGCCGCCTGGTC,CCCAAGGTTCAGAGCCGCCTGGTCGGGGGC,Cd5,56.2,0.43956043956043955
AGTGAGACACAGCTCCCGTT,CTGTAGTGAGACACAGCTCCCGTTCGGGGC,Cd5,48.7,0.9120879120879121
AGTGCGCCAGAGATCACAGT,CTGAAGTGCGCCAGAGATCACAGTGGGAGG,Cd5,59.7,0.6776556776556777
AGTGGCTCAGAGACTGTAAA,TGCAAGTGGCTCAGAGACTGTAAAAGGTGA,Cd5,99.9,0.11355311355311355
AGTGTTTTTTTTTCTGGAGA,TTGCAGTGTTTTTTTTTCTGGAGATGGTAA,Cd5,71.0,0.13553113553113552
AGTTCTGCAGCCAGGGGCCG,TGACAGTTCTGCAGCCAGGGGCCGGGGACG,Cd5,62.2,0.1684981684981685
ATAGCTCTTCCCACCGTCCC,CGACATAGCTCTTCCCACCGTCCCCGGCCC,Cd5,62.6,0.4652014652014652
ATATAGACCACGGAGATCCT,TTGGATATAGACCACGGAGATCCTTGGCAG,Cd5,21.8,0.9413919413919414
ATCACCCACCTAGGCAGATC,CATTATCACCCACCTAGGCAGATCAGGCTC,Cd5,26.4,0.6190476190476191
ATCGAATTGGCAAGGGCCTG,TCCCATCGAATTGGCAAGGGCCTGGGGTCC,Cd5,46.6,0.31868131868131866
ATCTGTAAGTCTCTGCAGTG,CCTCATCTGTAAGTCTCTGCAGTGTGGCTC,Cd5,41.3,0.7802197802197802
ATGAATACAGCCAGCCTCCC,GACAATGAATACAGCCAGCCTCCCAGGAAC,Cd5,91.9,0.15384615384615385
ATGAGGTTCCCCAGGCCCAG,ACAGATGAGGTTCCCCAGGCCCAGGGGCCT,Cd5,39.2,0.8717948717948718
ATGATGCTTGCCACAGTGCC,CAGGATGATGCTTGCCACAGTGCCTGGGGC,Cd5,76.2,0.17216117216117216
ATGCTGACAAAACCTCCCCC,GTGGATGCTGACAAAACCTCCCCCGGGTTC,Cd5,67.9,0.7289377289377289
ATTCGATGGGAGGCCCCGAA,GCCAATTCGATGGGAGGCCCCGAACGGGAG,Cd5,48.4,0.9230769230769231
ATTGAACAGACCCCAGAACC,CTTCATTGAACAGACCCCAGAACCAGGTCT,Cd5,20.5,0.717948717948718
CAAGGACAGGCCCCTGGGCC,AGGCCAAGGACAGGCCCCTGGGCCTGGGGA,Cd5,39.3,0.08791208791208792
CAAGGCCAAGGACAGGCCCC,TCTACAAGGCCAAGGACAGGCCCCTGGGCC,Cd5,38.9,0.46153846153846156
CAATGAAGGGAAAGGACCAA,TGTTCAATGAAGGGAAAGGACCAAGGGCCA,Cd5,18.5,0.9926739926739927
CACATACCTGCTGGGAACGC,CTGCCACATACCTGCTGGGAACGCTGGGTG,Cd5,3.1,0.6117216117216118
CACCAGCTCCTGCAGAGCTG,GGGACACCAGCTCCTGCAGAGCTGAGGGAC,Cd5,45.7,0.27106227106227104
CACCATCCTCTACAAGGCCA,GTGGCACCATCCTCTACAAGGCCAAGGACA,Cd5,38.0,0.5238095238095238
CACCCCACCCACCACCGTGC,CAACCACCCCACCCACCACCGTGCCGGAGC,Cd5,30.2,0.304029304029304
CACCCCTTCCAGACTGTCCG,AGGCCACCCCTTCCAGACTGTCCGAGGCAG,Cd5,4.6,0.8424908424908425
CACCTCAGGCCTTCGTGTCC,TGTGCACCTCAGGCCTTCGTGTCCTGGCAC,Cd5,33.1,0.42857142857142855
CACGAAGGCCTGAGGTGCAC,AGGACACGAAGGCCTGAGGTGCACAGGTGT,Cd5,34.3,0.7362637362637363
CACTGCTGCCCCCGACCAGG,CACACACTGCTGCCCCCGACCAGGCGGCTC,Cd5,56.1,0.9304029304029304
CAGAAAACAACGGCCCAGGA,CTTCCAGAAAACAACGGCCCAGGAGGGCGG,Cd5,51.9,0.7985347985347986
CAGAACCAGGTCTTCTGCCA,ACCCCAGAACCAGGTCTTCTGCCAAGGATC,Cd5,21.3,0.3882783882783883
CAGCACCACCAGGAGTACAA,CCAGCAGCACCACCAGGAGTACAAGGGTCA,Cd5,78.0,0.8534798534798534
CAGCACTTCGTGGGAGTCCA,CCAGCAGCACTTCGTGGGAGTCCATGGATA,Cd5,0.3,0.315018315018315
CAGCCAGGGGCCGGGGACGG,TCTGCAGCCAGGGGCCGGGGACGGTGGGAA,Cd5,62.6,0.18681318681318682
CAGCGTTCCCAGCAGGTATG,CACCCAGCGTTCCCAGCAGGTATGTGGCAG,Cd5,2.3,0.9487179487179487
CAGCTGGTGCCAGGACACGA,ATTGCAGCTGGTGCCAGGACACGAAGGCCT,Cd5,33.3,0.8241758241758241
CAGCTGTTTGCACACTGCAG,ATCTCAGCTGTTTGCACACTGCAGAGGCCT,Cd5,15.6,0.7106227106227107
CAGCTTACCAGAGCAGATGA,AGTCCAGCTTACCAGAGCAGATGACGGTGA,Cd5,53.6,0.8058608058608059
CAGGCCCAGGGGCCTGTCCT,TCCCCAGGCCCAGGGGCCTGTCCTTGGCCT,Cd5,38.5,0.0695970695970696
CAGGCCCTTGCCAATTCGAT,ACCCCAGGCCCTTGCCAATTCGATGGGAGG,Cd5,47.5,0.5054945054945055
CAGGTCATAGTCACTGTCAG,CTTGCAGGTCATAGTCACTGTCAGAGGAGT,Cd5,97.4,0.12087912087912088
CAGTCTGGAAGGGGTGGCCT,CGGACAGTCTGGAAGGGGTGGCCTAGGTAA,Cd5,5.8,0.05128205128205128
CAGTGACTATGACCTGCAAG,CTGACAGTGACTATGACCTGCAAGTGGCTC,Cd5,98.7,0.1794871794871795
CAGTGTGCAGTTCCAGTTGG,AAAACAGTGTGCAGTTCCAGTTGGAGGCTG,Cd5,12.5,0.8864468864468864
CAGTTGCTGTGTGGCTTCGA,CGCACAGTTGCTGTGTGGCTTCGATGGAAA,Cd5,86.8,0.23076923076923078
CATCCTGACCCTTGTACTCC,GCATCATCCTGACCCTTGTACTCCTGGTGG,Cd5,78.2,0.34798534798534797
CATCGAATTGGCAAGGGCCT,CTCCCATCGAATTGGCAAGGGCCTGGGGTC,Cd5,46.7,0.06227106227106227
CCACCACACCTGTGCACCTC,AATTCCACCACACCTGTGCACCTCAGGCCT,Cd5,34.1,0.5347985347985348
CCACCAGGAGTACAAGGGTC,AGCACCACCAGGAGTACAAGGGTCAGGATG,Cd5,77.7,0.6263736263736264
CCACCGTGTGGAAGGAGATG,GCATCCACCGTGTGGAAGGAGATGAGGTCG,Cd5,65.6,0.6556776556776557
CCAGAAAACAACGGCCCAGG,GCTTCCAGAAAACAACGGCCCAGGAGGGCG,Cd5,51.8,0.7435897435897436
CCAGGCCCTTGCCAATTCGA,GACCCCAGGCCCTTGCCAATTCGATGGGAG,Cd5,47.5,0.38095238095238093
CCATCGAATTGGCAAGGGCC,CCTCCCATCGAATTGGCAAGGGCCTGGGGT,Cd5,46.7,0.1282051282051282
CCATTCGAAAAATGCCCAGC,AGGACCATTCGAAAAATGCCCAGCAGGCCT,Cd5,14.8,0.42124542124542125
CCCAGATTGCAGCTGGTGCC,TCCTCCCAGATTGCAGCTGGTGCCAGGACA,Cd5,32.7,0.040293040293040296
CCCCGGGTTCCTCTGTGCCC,CCTCCCCCGGGTTCCTCTGTGCCCAGGAGA,Cd5,69.0,0.5970695970695971
CCCGAGCACCCTCTTACCTG,AAGGCCCGAGCACCCTCTTACCTGTGGGCT,Cd5,31.2,0.21245421245421245
CCGAGCACCCTCTTACCTGT,AGGCCCGAGCACCCTCTTACCTGTGGGCTC,Cd5,31.1,0.32967032967032966
CCGCTGAGCCTGATCTGCCT,CCTTCCGCTGAGCCTGATCTGCCTAGGTGG,Cd5,26.6,0.8901098901098901
CCTAGGCAGATCAGGCTCAG,CCCACCTAGGCAGATCAGGCTCAGCGGAAG,Cd5,25.9,0.967032967032967
CCTCACCTGGATAAGCAGAC,CCCCCCTCACCTGGATAAGCAGACAGGTGA,Cd5,93.3,0.03296703296703297
CCTCATCTCCTTCCACACGG,GCGACCTCATCTCCTTCCACACGGTGGATG,Cd5,66.3,0.6043956043956044
CCTCCTGGGCCGTTGTTTTC,CCGCCCTCCTGGGCCGTTGTTTTCTGGAAG,Cd5,51.0,0.047619047619047616
CCTGACCCTTGTACTCCTGG,TCATCCTGACCCTTGTACTCCTGGTGGTGC,Cd5,78.5,0.9010989010989011
CCTGAGGTGCACAGGTGTGG,AAGGCCTGAGGTGCACAGGTGTGGTGGAAT,Cd5,34.8,0.7838827838827839
CCTGCTGGGCATTTTTCGAA,GAGGCCTGCTGGGCATTTTTCGAATGGTCC,Cd5,14.1,0.03663003663003663
CCTGGCACCAGCTGCAATCT,GTGTCCTGGCACCAGCTGCAATCTGGGAGG,Cd5,31.9,0.3956043956043956
CCTGGGAACACTTACTGTTC,CGCTCCTGGGAACACTTACTGTTCTGGTTC,Cd5,85.8,0.1978021978021978
CCTGGGCACAGAGGAACCCG,TTCTCCTGGGCACAGAGGAACCCGGGGGAG,Cd5,68.2,0.608058608058608
CCTGTCTGCTTATCCAGGTG,CTCACCTGTCTGCTTATCCAGGTGAGGGGG,Cd5,94.0,0.10622710622710622
CCTTTCTCTCTAGCTCTGGA,TAATCCTTTCTCTCTAGCTCTGGAAGGAGC,Cd5,94.3,0.24175824175824176
CGACCTCATCTCCTTCCACA,GTGGCGACCTCATCTCCTTCCACACGGTGG,Cd5,66.1,0.8461538461538461
CGCTGCTTTTTCTGACGAAC,CTGACGCTGCTTTTTCTGACGAACTGGGCA,Cd5,82.4,0.014652014652014652
CGGCACGGTGGTGGGTGGGG,GCTCCGGCACGGTGGTGGGTGGGGTGGTTG,Cd5,29.4,0.20512820512820512
CGGGGGCAGCAGTGTGTGTG,TGGTCGGGGGCAGCAGTGTGTGTGAGGGCA,Cd5,57.4,0.8095238095238095
CGTCAGTGGATTGGCCCCAC,GCAGCGTCAGTGGATTGGCCCCACAGGAGT,Cd5,84.6,0.36996336996337
CTATGTCGGGAGCAGCAGTG,AGAGCTATGTCGGGAGCAGCAGTGTGGCGA,Cd5,64.6,0.8168498168498168
CTCCACTTGACCCTGACACT,GGATCTCCACTTGACCCTGACACTTGGAAT,Cd5,8.6,0.5567765567765568
CTCCGGCACGGTGGTGGGTG,TGGGCTCCGGCACGGTGGTGGGTGGGGTGG,Cd5,29.6,0.21978021978021978
CTCCTGGGCACAGAGGAACC,GCTTCTCCTGGGCACAGAGGAACCCGGGGG,Cd5,68.4,0.5860805860805861
CTCGGACAGTCTGGAAGGGG,CTGCCTCGGACAGTCTGGAAGGGGTGGCCT,Cd5,5.4,0.6483516483516484
CTGAGCCTGATCTGCCTAGG,TCCGCTGAGCCTGATCTGCCTAGGTGGGTG,Cd5,26.8,0.8791208791208791
CTGCAGAGCTGAGGGACCCC,GCTCCTGCAGAGCTGAGGGACCCCAGGCCC,Cd5,46.3,0.6227106227106227
CTGCCTCGGACAGTCTGGAA,CTTTCTGCCTCGGACAGTCTGGAAGGGGTG,Cd5,5.1,0.3333333333333333
CTGGCTGCCACATACCTGCT,GCTGCTGGCTGCCACATACCTGCTGGGAAC,Cd5,2.6,0.9194139194139194
CTGGGCACAGAGGAACCCGG,TCTCCTGGGCACAGAGGAACCCGGGGGAGG,Cd5,68.1,0.9157509157509157
CTGGGGTCCCTCAGCTCTGC,GGGCCTGGGGTCCCTCAGCTCTGCAGGAGC,Cd5,45.5,0.10989010989010989
CTGTCCGGGACAGAGGCAGC,ACATCTGTCCGGGACAGAGGCAGCAGGGAC,Cd5,44.0,0.08424908424908426
CTGTTCTGGTTCACTCCTGT,CTTACTGTTCTGGTTCACTCCTGTGGGGCC,Cd5,84.8,0.30036630036630035
CTTACCTGTGGGCTCCGGCA,CCCTCTTACCTGTGGGCTCCGGCACGGTGG,Cd5,30.4,0.4065934065934066
CTTCCAGAAAACAACGGCCC,AGTGCTTCCAGAAAACAACGGCCCAGGAGG,Cd5,51.6,0.5164835164835165
CTTGGCAGAAGACCTGGTTC,GATCCTTGGCAGAAGACCTGGTTCTGGGGT,Cd5,20.5,0.47619047619047616
CTTTCTTGACACATCTGTCC,GGCTCTTTCTTGACACATCTGTCCGGGACA,Cd5,43.0,0.5641025641025641
CTTTTGATGCTCAGATATCC,ACCTCTTTTGATGCTCAGATATCCAGGTGA,Cd5,6.3,0.01098901098901099
GAACCCAACAGCCTCTCATG,TTGAGAACCCAACAGCCTCTCATGTGGACA,Cd5,90.2,0.26373626373626374
GAAGCCACACAGCAACTGTG,CATCGAAGCCACACAGCAACTGTGCGGTCC,Cd5,87.9,0.7765567765567766
GAATTCTACAATGGCAGCTG,GGTGGAATTCTACAATGGCAGCTGGGGTGG,Cd5,36.3,0.6153846153846154
GACACATCTGTCCGGGACAG,TCTTGACACATCTGTCCGGGACAGAGGCAG,Cd5,43.5,0.5128205128205128
GACAGGTGAGAGTTCCTGGG,AGCAGACAGGTGAGAGTTCCTGGGAGGCTG,Cd5,92.1,0.20146520146520147
GACCAGGCGGCTCTGAACCT,CCCCGACCAGGCGGCTCTGAACCTTGGGCT,Cd5,55.2,0.5201465201465202
GACGGTGGGAAGAGCTATGT,CGGGGACGGTGGGAAGAGCTATGTCGGGAG,Cd5,63.6,0.5531135531135531
GAGATCCTTGGCAGAAGACC,CACGGAGATCCTTGGCAGAAGACCTGGTTC,Cd5,20.9,0.8498168498168498
GAGCGCCTGGCCGCCCTCCT,CGGTGAGCGCCTGGCCGCCCTCCTGGGCCG,Cd5,52.0,0.18315018315018314
GATATCCAGGTGATGCTAAG,CTCAGATATCCAGGTGATGCTAAGTGGCTC,Cd5,7.2,0.9706959706959707
GATGAGGTTCCCCAGGCCCA,TACAGATGAGGTTCCCCAGGCCCAGGGGCC,Cd5,39.3,0.5494505494505495
GATGCTGACAAAACCTCCCC,GGTGGATGCTGACAAAACCTCCCCCGGGTT,Cd5,67.8,0.4981684981684982
GATGCTTGCCACAGTGCCTG,GGATGATGCTTGCCACAGTGCCTGGGGCCA,Cd5,76.0,0.7875457875457875
GCACACTGCAGAGGCCTGCT,GTTTGCACACTGCAGAGGCCTGCTGGGCAT,Cd5,15.0,0.8571428571428571
GCAGACAGGTGAGAGTTCCT,ATAAGCAGACAGGTGAGAGTTCCTGGGAGG,Cd5,92.3,0.34065934065934067
GCAGCACCACCAGGAGTACA,GCCAGCAGCACCACCAGGAGTACAAGGGTC,Cd5,78.1,0.7692307692307693
GCAGTGCTTCCAGAAAACAA,TACAGCAGTGCTTCCAGAAAACAACGGCCC,Cd5,51.2,0.9267399267399268
GCCCAAGGTTCAGAGCCGCC,TCCAGCCCAAGGTTCAGAGCCGCCTGGTCG,Cd5,55.8,0.9523809523809523
GCCCTTGCCAATTCGATGGG,CCAGGCCCTTGCCAATTCGATGGGAGGCCC,Cd5,47.7,0.2857142857142857
GCCTCCCATCGAATTGGCAA,CGGGGCCTCCCATCGAATTGGCAAGGGCCT,Cd5,47.1,0.4542124542124542
GCCTGTCCTTGGCCTTGTAG,AGGGGCCTGTCCTTGGCCTTGTAGAGGATG,Cd5,37.7,0.63003663003663
GCGCCAGAGATCACAGTGGG,AAGTGCGCCAGAGATCACAGTGGGAGGCCC,Cd5,59.9,0.39194139194139194
GCGCTCACCGTCATCTGCTC,CCAGGCGCTCACCGTCATCTGCTCTGGTAA,Cd5,53.9,0.47985347985347987
GCTCCGGCACGGTGGTGGGT,GTGGGCTCCGGCACGGTGGTGGGTGGGGTG,Cd5,29.6,0.40293040293040294
GCTGAGATGTGGTGACCCCT,AACAGCTGAGATGTGGTGACCCCTTGGCCC,Cd5,17.6,0.8608058608058609
GCTGCTTTTTCTGACGAACT,TGACGCTGCTTTTTCTGACGAACTGGGCAA,Cd5,82.4,0.2673992673992674
GCTGGCCATGTGTGGTCCTC,TGCTGCTGGCCATGTGTGGTCCTCTGGTCT,Cd5,80.3,0.5897435897435898
GCTGGCTGCCACATACCTGC,TGCTGCTGGCTGCCACATACCTGCTGGGAA,Cd5,2.5,0.8974358974358975
GCTGGGTTTGGGTCTTGGCC,GCCCGCTGGGTTTGGGTCTTGGCCTGGATA,Cd5,73.9,0.09523809523809523
GCTTTCTGCCTCGGACAGTC,AGCGGCTTTCTGCCTCGGACAGTCTGGAAG,Cd5,4.8,0.07692307692307693
GGAAAGGACCAAGGGCCAAG,GAAGGGAAAGGACCAAGGGCCAAGGGGTCA,Cd5,17.9,0.9963369963369964
GGAATTCTACAATGGCAGCT,TGGTGGAATTCTACAATGGCAGCTGGGGTG,Cd5,36.2,0.7252747252747253
GGACTCCCACGAAGTGCTGC,CCATGGACTCCCACGAAGTGCTGCTGGCTG,Cd5,1.3,0.6446886446886447
GGCACAGAGGAACCCGGGGG,CCTGGGCACAGAGGAACCCGGGGGAGGTTT,Cd5,67.9,0.38461538461538464
GGCACCAGCTGCAATCTGGG,TCCTGGCACCAGCTGCAATCTGGGAGGAGC,Cd5,31.7,0.9084249084249084
GGCAGATCAGGCTCAGCGGA,CCTAGGCAGATCAGGCTCAGCGGAAGGCAC,Cd5,25.6,0.989010989010989
GGCAGCCAGCAGCACTTCGT,ATGTGGCAGCCAGCAGCACTTCGTGGGAGT,Cd5,0.9,0.73992673992674
GGCCAAGACCCAAACCCAGC,TCCAGGCCAAGACCCAAACCCAGCGGGCCT,Cd5,74.9,0.5787545787545788
GGCCCGCTGGGTTTGGGTCT,GCCAGGCCCGCTGGGTTTGGGTCTTGGCCT,Cd5,74.3,0.05860805860805861
GGCCTCCCATCGAATTGGCA,TCGGGGCCTCCCATCGAATTGGCAAGGGCC,Cd5,47.1,0.16117216117216118
GGCGGCTCTGAACCTTGGGC,ACCAGGCGGCTCTGAACCTTGGGCTGGAAA,Cd5,54.9,0.3626373626373626
GGCTCCAATTCCAAGTGTCA,AAGTGGCTCCAATTCCAAGTGTCAGGGTCA,Cd5,8.6,0.9597069597069597
GGCTCCGGCACGGTGGTGGG,TGTGGGCTCCGGCACGGTGGTGGGTGGGGT,Cd5,29.7,0.575091575091575
GGCTGCAGAACTGTCACACA,CCCTGGCTGCAGAACTGTCACACAGGGCCT,Cd5,60.7,0.7509157509157509
GGCTGTTGGGTTCTCAACTT,GAGAGGCTGTTGGGTTCTCAACTTGGGACC,Cd5,88.8,0.37362637362637363
GGGAAAGGACCAAGGGCCAA,TGAAGGGAAAGGACCAAGGGCCAAGGGGTC,Cd5,18.0,0.9853479853479854
GGGACCGCACAGTTGCTGTG,ACTTGGGACCGCACAGTTGCTGTGTGGCTT,Cd5,87.4,0.5018315018315018
GGGCATTTTTCGAATGGTCC,TGCTGGGCATTTTTCGAATGGTCCTGGCTC,Cd5,13.7,0.06593406593406594
GGGCCAGGCCCGCTGGGTTT,CCTGGGGCCAGGCCCGCTGGGTTTGGGTCT,Cd5,74.7,0.21611721611721613
GGGCCTCCCACTGTGATCTC,CACAGGGCCTCCCACTGTGATCTCTGGCGC,Cd5,59.3,0.3443223443223443
GGGCCTGGCCCCAGGCACTG,CAGCGGGCCTGGCCCCAGGCACTGTGGCAA,Cd5,76.2,0.8754578754578755
GGGGCCAGGCCCGCTGGGTT,GCCTGGGGCCAGGCCCGCTGGGTTTGGGTC,Cd5,74.7,0.15018315018315018
GGGGGCAGCAGTGTGTGTGA,GGTCGGGGGCAGCAGTGTGTGTGAGGGCAT,Cd5,57.5,0.5934065934065934
GGGTCAAGTGGAGATCCAGA,GTCAGGGTCAAGTGGAGATCCAGATGGAAA,Cd5,10.0,0.9816849816849816
GGGTGGAGGTGTCGTTCTCT,TTGTGGGTGGAGGTGTCGTTCTCTGGGGCT,Cd5,27.5,0.19047619047619047
GGGTGGCACCATCCTCTACA,GCTGGGGTGGCACCATCCTCTACAAGGCCA,Cd5,37.6,0.6886446886446886
GGTCTGTTCAATGAAGGGAA,CTGGGGTCTGTTCAATGAAGGGAAAGGACC,Cd5,19.0,0.978021978021978
GGTGAGAGTTCCTGGGAGGC,GACAGGTGAGAGTTCCTGGGAGGCTGGCTG,Cd5,91.9,0.13186813186813187
GGTGGAGGTGTCGTTCTCTG,TGTGGGTGGAGGTGTCGTTCTCTGGGGCTC,Cd5,27.5,0.48717948717948717
GGTGGGGTGGTTGTGGGTGG,GGTGGGTGGGGTGGTTGTGGGTGGAGGTGT,Cd5,28.5,0.326007326007326
GGTGTGGTGGAATTCTACAA,CACAGGTGTGGTGGAATTCTACAATGGCAG,Cd5,35.7,0.9377289377289377
GGTTCAGAGCCGCCTGGTCG,CCAAGGTTCAGAGCCGCCTGGTCGGGGGCA,Cd5,56.2,0.5421245421245421
GTAGACCAGAGGACCACACA,TCTTGTAGACCAGAGGACCACACATGGCCA,Cd5,79.9,0.8681318681318682
GTATTCATTGTCCACATGAG,GGCTGTATTCATTGTCCACATGAGAGGCTG,Cd5,90.2,0.4175824175824176
GTCAGAAAAAGCAGCGTCAG,GTTCGTCAGAAAAAGCAGCGTCAGTGGATT,Cd5,83.6,0.29304029304029305
GTCAGCATCCACCGTGTGGA,TTTTGTCAGCATCCACCGTGTGGAAGGAGA,Cd5,66.1,0.2564102564102564
GTCCTGGCTCAGCCTCCAAC,AATGGTCCTGGCTCAGCCTCCAACTGGAAC,Cd5,12.6,0.7142857142857143
GTCCTTGGCCTTGTAGAGGA,GCCTGTCCTTGGCCTTGTAGAGGATGGTGC,Cd5,37.4,0.8315018315018315
GTGAGACACAGCTCCCGTTC,TGTAGTGAGACACAGCTCCCGTTCGGGGCC,Cd5,48.6,0.3992673992673993
GTGCCTGGGGCCAGGCCCGC,CACAGTGCCTGGGGCCAGGCCCGCTGGGTT,Cd5,75.2,0.09157509157509157
GTGGGCTCCGGCACGGTGGT,ACCTGTGGGCTCCGGCACGGTGGTGGGTGG,Cd5,29.9,0.5091575091575091
GTGGGTGGGGTGGTTGTGGG,GGTGGTGGGTGGGGTGGTTGTGGGTGGAGG,Cd5,28.7,0.2893772893772894
GTGGTGCTGCTGGCCATGTG,CCTGGTGGTGCTGCTGGCCATGTGTGGTCC,Cd5,79.7,0.684981684981685
GTGGTGGGTGGGGTGGTTGT,CACGGTGGTGGGTGGGGTGGTTGTGGGTGG,Cd5,28.9,0.25274725274725274
GTGTGACAGTTCTGCAGCCA,CCCTGTGTGACAGTTCTGCAGCCAGGGGCC,Cd5,61.7,0.3516483516483517
GTGTGCAAACAGCTGAGATG,TGCAGTGTGCAAACAGCTGAGATGTGGTGA,Cd5,16.9,0.945054945054945
GTTCAGAGCCGCCTGGTCGG,CAAGGTTCAGAGCCGCCTGGTCGGGGGCAG,Cd5,56.3,0.6959706959706959
GTTGTGTAGAAGATCGGTGT,TCAGGTTGTGTAGAAGATCGGTGTAGGGCT,Cd5,95.3,0.336996336996337
TAATCCTTTCTCTCTAGCTC,TAGGTAATCCTTTCTCTCTAGCTCTGGAAG,Cd5,94.0,0.23809523809523808
TCAATGAAGGGAAAGGACCA,CTGTTCAATGAAGGGAAAGGACCAAGGGCC,Cd5,18.5,0.7619047619047619
TCACTGTCAGAGGAGTTGTC,ATAGTCACTGTCAGAGGAGTTGTCAGGTTG,Cd5,96.8,0.1391941391941392
TCAGGCTCAGCGGAAGGCAC,CAGATCAGGCTCAGCGGAAGGCACTGGTCT,Cd5,25.2,0.8827838827838828
TCCACAGCGGCTTTCTGCCT,CTTTTCCACAGCGGCTTTCTGCCTCGGACA,Cd5,4.2,0.003663003663003663
TCCGAGGCAGAAAGCCGCTG,ACTGTCCGAGGCAGAAAGCCGCTGTGGAAA,Cd5,3.5,0.673992673992674
TCCTCTACAAGGCCAAGGAC,ACCATCCTCTACAAGGCCAAGGACAGGCCC,Cd5,38.4,0.4249084249084249
TCCTCTGGTCTACAAGAAGC,GTGGTCCTCTGGTCTACAAGAAGCTGGTGA,Cd5,81.3,0.5824175824175825
TCCTGGCACCAGCTGCAATC,CGTGTCCTGGCACCAGCTGCAATCTGGGAG,Cd5,32.0,0.2490842490842491
TCCTGGGCACAGAGGAACCC,CTTCTCCTGGGCACAGAGGAACCCGGGGGA,Cd5,68.3,0.4945054945054945
TCTCACCTGTCTGCTTATCC,GAACTCTCACCTGTCTGCTTATCCAGGTGA,Cd5,93.7,0.17582417582417584
TCTGCCTCGGACAGTCTGGA,GCTTTCTGCCTCGGACAGTCTGGAAGGGGT,Cd5,5.1,0.7545787545787546
TCTGGGGTCTGTTCAATGAA,TGGTTCTGGGGTCTGTTCAATGAAGGGAAA,Cd5,19.3,0.9633699633699634
TCTTCTGCCAAGGATCTCCG,CAGGTCTTCTGCCAAGGATCTCCGTGGTCT,Cd5,22.0,0.9560439560439561
TCTTTCTTGACACATCTGTC,TGGCTCTTTCTTGACACATCTGTCCGGGAC,Cd5,43.0,0.45787545787545786
TGAACTTGTGTTGTTGCAGT,CTTGTGAACTTGTGTTGTTGCAGTTGGATA,Cd5,23.3,0.22344322344322345
TGAGACACAGCTCCCGTTCG,GTAGTGAGACACAGCTCCCGTTCGGGGCCT,Cd5,48.6,0.4835164835164835
TGAGCCTGATCTGCCTAGGT,CCGCTGAGCCTGATCTGCCTAGGTGGGTGA,Cd5,26.9,0.9047619047619048
TGAGCGCCTGGCCGCCCTCC,ACGGTGAGCGCCTGGCCGCCCTCCTGGGCC,Cd5,52.1,0.19413919413919414
TGATGCTTGCCACAGTGCCT,AGGATGATGCTTGCCACAGTGCCTGGGGCC,Cd5,76.1,0.11721611721611722
TGCACACTGCAGAGGCCTGC,TGTTTGCACACTGCAGAGGCCTGCTGGGCA,Cd5,15.1,0.14652014652014653
TGCCAGGACACGAAGGCCTG,CTGGTGCCAGGACACGAAGGCCTGAGGTGC,Cd5,33.7,0.7032967032967034
TGCCTCGGACAGTCTGGAAG,TTTCTGCCTCGGACAGTCTGGAAGGGGTGG,Cd5,5.2,0.6703296703296703
TGCCTGGGGCCAGGCCCGCT,ACAGTGCCTGGGGCCAGGCCCGCTGGGTTT,Cd5,75.1,0.3553113553113553
TGGAATTCTACAATGGCAGC,GTGGTGGAATTCTACAATGGCAGCTGGGGT,Cd5,36.2,0.02564102564102564
TGGAGCCACTTAGCATCACC,GAATTGGAGCCACTTAGCATCACCTGGATA,Cd5,6.8,0.3663003663003663
TGGCAGAAGACCTGGTTCTG,TCCTTGGCAGAAGACCTGGTTCTGGGGTCT,Cd5,20.4,0.7326007326007326
TGGCAGCCAGCAGCACTTCG,TATGTGGCAGCCAGCAGCACTTCGTGGGAG,Cd5,0.9,0.9340659340659341
TGGCTCCAATTCCAAGTGTC,TAAGTGGCTCCAATTCCAAGTGTCAGGGTC,Cd5,8.6,0.41025641025641024
TGGCTGCAGAACTGTCACAC,CCCCTGGCTGCAGAACTGTCACACAGGGCC,Cd5,60.7,0.7728937728937729
TGGGTGGAGGTGTCGTTCTC,GTTGTGGGTGGAGGTGTCGTTCTCTGGGGC,Cd5,27.6,0.007326007326007326
TGTACTCCTGGTGGTGCTGC,CCCTTGTACTCCTGGTGGTGCTGCTGGCCA,Cd5,79.1,0.46886446886446886
TGTCAGGTTGTGTAGAAGAT,GAGTTGTCAGGTTGTGTAGAAGATCGGTGT,Cd5,95.7,0.27472527472527475
TGTCCACATGAGAGGCTGTT,TCATTGTCCACATGAGAGGCTGTTGGGTTC,Cd5,89.6,0.358974358974359
TGTCCCTGCTGCCTCTGTCC,CTGGTGTCCCTGCTGCCTCTGTCCCGGACA,Cd5,43.5,0.6373626373626373
TGTCCGGGACAGAGGCAGCA,CATCTGTCCGGGACAGAGGCAGCAGGGACA,Cd5,44.0,0.8021978021978022
TGTGACAGTTCTGCAGCCAG,CCTGTGTGACAGTTCTGCAGCCAGGGGCCG,Cd5,61.8,0.7655677655677655
TGTGGGCTCCGGCACGGTGG,TACCTGTGGGCTCCGGCACGGTGGTGGGTG,Cd5,30.0,0.2087912087912088
TGTGGTGACCCCTTGGCCCT,GAGATGTGGTGACCCCTTGGCCCTTGGTCC,Cd5,18.1,0.5677655677655677
TGTGTGACAGTTCTGCAGCC,GCCCTGTGTGACAGTTCTGCAGCCAGGGGC,Cd5,61.6,0.31135531135531136
TGTTCTGGTTCACTCCTGTG,TTACTGTTCTGGTTCACTCCTGTGGGGCCA,Cd5,84.8,0.4139194139194139
TGTTGCAGTGTTTTTTTTTC,CTCTTGTTGCAGTGTTTTTTTTTCTGGAGA,Cd5,71.4,0.10256410256410256
TTCCAAGTGTCAGGGTCAAG,CCAATTCCAAGTGTCAGGGTCAAGTGGAGA,Cd5,9.2,0.6666666666666666
TTCCAGTTGGAGGCTGAGCC,GCAGTTCCAGTTGGAGGCTGAGCCAGGACC,Cd5,13.2,0.018315018315018316
TTCCCACCGTCCCCGGCCCC,GCTCTTCCCACCGTCCCCGGCCCCTGGCTG,Cd5,62.1,0.43223443223443225
TTCGATGGGAGGCCCCGAAC,CCAATTCGATGGGAGGCCCCGAACGGGAGC,Cd5,48.5,0.4725274725274725
TTCGGGGCCTCCCATCGAAT,CCCGTTCGGGGCCTCCCATCGAATTGGCAA,Cd5,47.5,0.4358974358974359
TTCTACAATGGCAGCTGGGG,GGAATTCTACAATGGCAGCTGGGGTGGCAC,Cd5,36.5,0.6336996336996337
TTCTGCAGATTTCCAGCCCA,TCCTTTCTGCAGATTTCCAGCCCAAGGTTC,Cd5,54.8,0.5311355311355311
TTCTGGGGTCTGTTCAATGA,CTGGTTCTGGGGTCTGTTCAATGAAGGGAA,Cd5,19.4,0.5604395604395604
TTGACCCTGACACTTGGAAT,CCACTTGACCCTGACACTTGGAATTGGAGC,Cd5,8.1,0.4908424908424908
TTGCAGTTGGATATAGACCA,GTTGTTGCAGTTGGATATAGACCACGGAGA,Cd5,22.4,1.0
TTGCCACAGTGCCTGGGGCC,ATGCTTGCCACAGTGCCTGGGGCCAGGCCC,Cd5,75.7,0.02197802197802198
TTGGCAGAAGACCTGGTTCT,ATCCTTGGCAGAAGACCTGGTTCTGGGGTC,Cd5,20.5,0.5457875457875457
TTGTCCACATGAGAGGCTGT,TTCATTGTCCACATGAGAGGCTGTTGGGTT,Cd5,89.7,0.2967032967032967
TTGTGTAGAAGATCGGTGTA,CAGGTTGTGTAGAAGATCGGTGTAGGGCTC,Cd5,95.2,0.12454212454212454
TTTTCCACTTGTTTTCCATC,ACTGTTTTCCACTTGTTTTCCATCTGGATC,Cd5,10.2,0.04395604395604396
TTTTGTCAGCATCCACCGTG,GAGGTTTTGTCAGCATCCACCGTGTGGAAG,Cd5,66.4,0.8644688644688645
AACAGCAGGAGCAGCGTGCA,CGCCAACAGCAGGAGCAGCGTGCACGGTAC,H2-K1,1.1,0.6941176470588235
AAGATGAGAAGGAGAAACAC,GATGAAGATGAGAAGGAGAAACACAGGTAG,H2-K1,90.2,0.2
AAGGACAACCAGAACAGCAA,CTCCAAGGACAACCAGAACAGCAACGGTCG,H2-K1,83.3,0.4823529411764706
AATAGTCACTGGAGCTGTGG,CTGCAATAGTCACTGGAGCTGTGGTGGCTT,H2-K1,87.1,0.43529411764705883
ACATGCCATGTGTACCATCA,TTACACATGCCATGTGTACCATCAGGGGCT,H2-K1,76.7,0.5529411764705883
ACGAAATACCTCAGCGAGTG,GGTGACGAAATACCTCAGCGAGTGTGGGCC,H2-K1,6.5,0.3058823529411765
ACTCCACGCACGTGCCCTCC,AGCCACTCCACGCACGTGCCCTCCAGGTAG,H2-K1,49.1,0.4
AGACTCAGGGCCTACCTGGA,AGAGAGACTCAGGGCCTACCTGGAGGGCAC,H2-K1,48.8,0.6235294117647059
AGAGAGACTCAGGGCCTACC,AAGCAGAGAGACTCAGGGCCTACCTGGAGG,H2-K1,48.5,0.7764705882352941
AGAGTGTCACCTTTACAATC,CCCTAGAGTGTCACCTTTACAATCTGGGAG,H2-K1,96.5,0.08235294117647059
AGAGTTTCCGAGTGGACCTG,GAGCAGAGTTTCCGAGTGGACCTGAGGACC,H2-K1,26.5,0.6352941176470588
AGCAGGAGGGGCCCGAGTAT,ATGGAGCAGGAGGGGCCCGAGTATTGGGAG,H2-K1,21.4,0.7176470588235294
AGCCGTCGTAGGCGTACTGC,TCGCAGCCGTCGTAGGCGTACTGCTGGTAC,H2-K1,36.7,0.38823529411764707
AGCCTGCTCCCACTTGTGTT,CACCAGCCTGCTCCCACTTGTGTTTGGTGA,H2-K1,44.7,0.8823529411764706
AGGCGTACTGCTGGTACCCG,TCGTAGGCGTACTGCTGGTACCCGCGGAGG,H2-K1,35.9,0.7647058823529411
AGGGGCCCGAGTATTGGGAG,CAGGAGGGGCCCGAGTATTGGGAGCGGGAG,H2-K1,21.9,0.8588235294117647
AGTCGGCTACGTGGACGACA,TGGAAGTCGGCTACGTGGACGACACGGAGT,H2-K1,13.6,0.6588235294117647
ATCAGAGGTCTGGGAGCCTA,ACAGATCAGAGGTCTGGGAGCCTAGGGTAA,H2-K1,93.6,0.023529411764705882
ATCTGGGAGAGACAGATCAG,TACAATCTGGGAGAGACAGATCAGAGGTCT,H2-K1,95.0,0.07058823529411765
ATCTTCAGGTCTGCTGTGAT,CTTTATCTTCAGGTCTGCTGTGATGGGTCA,H2-K1,57.4,0.5176470588235295
ATGGGTCACATGGGCCTTTG,TGTGATGGGTCACATGGGCCTTTGGGGAAT,H2-K1,55.8,0.35294117647058826
ATTTCGTCACCGCCGTGTCC,AGGTATTTCGTCACCGCCGTGTCCCGGCCC,H2-K1,8.9,0.3411764705882353
CAATGAGCAGAGTTTCCGAG,AGGGCAATGAGCAGAGTTTCCGAGTGGACC,H2-K1,25.8,0.9529411764705882
CACATGCCATGTGTACCATC,ATTACACATGCCATGTGTACCATCAGGGGC,H2-K1,76.6,0.2823529411764706
CACCAAACACAAGTGGGAGC,TGATCACCAAACACAAGTGGGAGCAGGCTG,H2-K1,45.5,0.8352941176470589
CAGTGACTATTGCAGCTCCA,GCTCCAGTGACTATTGCAGCTCCAAGGACA,H2-K1,85.0,0.611764705882353
CATGCCATGTGTACCATCAG,TACACATGCCATGTGTACCATCAGGGGCTG,H2-K1,76.8,0.47058823529411764
CATGGCGACCGTTGCTGTTC,CCAACATGGCGACCGTTGCTGTTCTGGTTG,H2-K1,83.6,0.10588235294117647
CCAGGGCGGCCGCCAACAGC,GGAGCCAGGGCGGCCGCCAACAGCAGGAGC,H2-K1,2.3,0.5294117647058824
CCATGTACCGGGGCTCCCCG,ACTTCCATGTACCGGGGCTCCCCGAGGCCG,H2-K1,10.5,0.8235294117647058
CCCGCGGAGGAGTCGCCCGT,GGTACCCGCGGAGGAGTCGCCCGTCGGACC,H2-K1,34.4,0.5882352941176471
CCGACGGGCGACTCCTCCGC,GGGTCCGACGGGCGACTCCTCCGCGGGTAC,H2-K1,35.4,0.6705882352941176
CCTCGGGGAGCCCCGGTACA,CCGGCCTCGGGGAGCCCCGGTACATGGAAG,H2-K1,11.4,0.4470588235294118
CGAAATACCTCAGCGAGTGT,GTGACGAAATACCTCAGCGAGTGTGGGCCT,H2-K1,6.4,0.788235294117647
CGAGATATGAGCCGCGGGCG,AATCCGAGATATGAGCCGCGGGCGCGGTGG,H2-K1,18.6,0.4117647058823529
CGCGGGTCTGAGTCGGAGCC,CCCGCGCGGGTCTGAGTCGGAGCCAGGGCG,H2-K1,4.0,0.23529411764705882
CGCTGATCACCAAACACAAG,GCGGCGCTGATCACCAAACACAAGTGGGAG,H2-K1,44.9,0.9882352941176471
CGTAGCCGACTTCCATGTAC,TCCACGTAGCCGACTTCCATGTACCGGGGC,H2-K1,11.5,0.7529411764705882
CTCAGGGTGACTTTATCTTC,GCACCTCAGGGTGACTTTATCTTCAGGTCT,H2-K1,58.6,0.25882352941176473
CTCCGCAGATACCTGAAGAA,GTGGCTCCGCAGATACCTGAAGAACGGGAA,H2-K1,52.3,0.5058823529411764
CTGAAGATAAAGTCACCCTG,AGACCTGAAGATAAAGTCACCCTGAGGTGC,H2-K1,59.7,0.9764705882352941
CTGGTGAAGCAGAGAGACTC,CAGGCTGGTGAAGCAGAGAGACTCAGGGCC,H2-K1,47.6,0.5647058823529412
CTGTCTCTCCCAGATTGTAA,TGATCTGTCTCTCCCAGATTGTAAAGGTGA,H2-K1,96.7,0.03529411764705882
CTTCTCACAGGTGGAAAAGG,TTTTCTTCTCACAGGTGGAAAAGGAGGGGA,H2-K1,91.3,0.18823529411764706
CTTGGAGCTGCAATAGTCAC,TGTCCTTGGAGCTGCAATAGTCACTGGAGC,H2-K1,86.1,0.32941176470588235
CTTTTGTGATGAAGATGAGA,GTGGCTTTTGTGATGAAGATGAGAAGGAGA,H2-K1,89.2,0.2235294117647059
GAATGGGGAGGAGCTGATCC,AGTTGAATGGGGAGGAGCTGATCCAGGACA,H2-K1,66.3,0.4235294117647059
GAATGTTGTCTTCACAGTGA,GTTCGAATGTTGTCTTCACAGTGATGGTTC,H2-K1,97.1,0.1411764705882353
GAGACTCAGGGCCTACCTGG,CAGAGAGACTCAGGGCCTACCTGGAGGGCA,H2-K1,48.7,0.9411764705882353
GAGAGACAGATCAGAGGTCT,CTGGGAGAGACAGATCAGAGGTCTGGGAGC,H2-K1,94.4,0.17647058823529413
GAGCCCCGGTACATGGAAGT,CGGGGAGCCCCGGTACATGGAAGTCGGCTA,H2-K1,12.1,0.7058823529411765
GATATGAGCCGCGGGCGCGG,CCGAGATATGAGCCGCGGGCGCGGTGGATG,H2-K1,18.9,1.0
GATCAGAGGTCTGGGAGCCT,GACAGATCAGAGGTCTGGGAGCCTAGGGTA,H2-K1,93.7,0.058823529411764705
GATGGGTCACATGGGCCTTT,CTGTGATGGGTCACATGGGCCTTTGGGGAA,H2-K1,55.9,0.21176470588235294
GATGTAATCGCAGCCGTCGT,GGGCGATGTAATCGCAGCCGTCGTAGGCGT,H2-K1,37.7,0.5764705882352941
GCAGCCCCTGATGGTACACA,TCAGGCAGCCCCTGATGGTACACATGGCAT,H2-K1,76.1,0.6470588235294118
GCAGGAGGGGCCCGAGTATT,TGGAGCAGGAGGGGCCCGAGTATTGGGAGC,H2-K1,21.4,0.27058823529411763
GCAGGGTCCTCAGGTCCACT,CCGAGCAGGGTCCTCAGGTCCACTCGGAAA,H2-K1,26.1,0.8
GCGGGTCTGAGTCGGAGCCA,CCGCGCGGGTCTGAGTCGGAGCCAGGGCGG,H2-K1,3.9,0.4588235294117647
GCTGATCACCAAACACAAGT,CGGCGCTGATCACCAAACACAAGTGGGAGC,H2-K1,45.0,0.8470588235294118
GGAGAGACAGATCAGAGGTC,TCTGGGAGAGACAGATCAGAGGTCTGGGAG,H2-K1,94.5,0.12941176470588237
GGCTCCGACTCAGACCCGCG,CCCTGGCTCCGACTCAGACCCGCGCGGGTG,H2-K1,5.2,0.9647058823529412
GGGGCTCAGGCAGCCCCTGA,GTGAGGGGCTCAGGCAGCCCCTGATGGTAC,H2-K1,76.9,0.011764705882352941
GGTCTGAGTCGGAGCCAGGG,CGCGGGTCTGAGTCGGAGCCAGGGCGGCCG,H2-K1,3.6,0.8941176470588236
GTACATGGAAGTCGGCTACG,CCCGGTACATGGAAGTCGGCTACGTGGACG,H2-K1,12.8,0.9176470588235294
GTAGCCGACTTCCATGTACC,CCACGTAGCCGACTTCCATGTACCGGGGCT,H2-K1,11.4,0.8705882352941177
GTCTGCTGTGATGGGTCACA,TCAGGTCTGCTGTGATGGGTCACATGGGCC,H2-K1,56.7,0.3764705882352941
GTCTTCACGCTAGAGAATGA,AGCTGTCTTCACGCTAGAGAATGAGGGTCA,H2-K1,98.8,0.15294117647058825
GTGCACGCTGCTCCTGCTGT,TACCGTGCACGCTGCTCCTGCTGTTGGCGG,H2-K1,2.3,0.6
GTGGACCTGAGGACCCTGCT,CCGAGTGGACCTGAGGACCCTGCTCGGCTA,H2-K1,27.5,0.6823529411764706
TACCAGCAGTACGCCTACGA,CGGGTACCAGCAGTACGCCTACGACGGCTG,H2-K1,37.5,0.8117647058823529
TACCTCAGCGAGTGTGGGCC,GAAATACCTCAGCGAGTGTGGGCCTGGGGG,H2-K1,5.9,0.16470588235294117
TAGCCGACTTCCATGTACCG,CACGTAGCCGACTTCCATGTACCGGGGCTC,H2-K1,11.4,0.9294117647058824
TATCTTCAGGTCTGCTGTGA,ACTTTATCTTCAGGTCTGCTGTGATGGGTC,H2-K1,57.5,0.29411764705882354
TCCGACGGGCGACTCCTCCG,GGGGTCCGACGGGCGACTCCTCCGCGGGTA,H2-K1,35.3,0.5411764705882353
TCCGCAGATACCTGAAGAAC,TGGCTCCGCAGATACCTGAAGAACGGGAAC,H2-K1,52.4,0.3176470588235294
TCTGCTGTGATGGGTCACAT,CAGGTCTGCTGTGATGGGTCACATGGGCCT,H2-K1,56.6,0.7294117647058823
TGAGAAGGAGAAACACAGGT,AAGATGAGAAGGAGAAACACAGGTAGGAAA,H2-K1,90.5,0.24705882352941178
TGATGGGTCACATGGGCCTT,GCTGTGATGGGTCACATGGGCCTTTGGGGA,H2-K1,55.9,0.047058823529411764
TGCAATAGTCACTGGAGCTG,GAGCTGCAATAGTCACTGGAGCTGTGGTGG,H2-K1,86.8,0.36470588235294116
TGGAGGGCACGTGCGTGGAG,TACCTGGAGGGCACGTGCGTGGAGTGGCTC,H2-K1,50.3,0.49411764705882355
TGGTGAAGCAGAGAGACTCA,AGGCTGGTGAAGCAGAGAGACTCAGGGCCT,H2-K1,47.7,0.9058823529411765
TGTCTCCCGCTCCCAATACT,TCTGTGTCTCCCGCTCCCAATACTCGGGCC,H2-K1,21.4,0.7411764705882353
TGTCTTCACGCTAGAGAATG,CAGCTGTCTTCACGCTAGAGAATGAGGGTC,H2-K1,98.9,0.09411764705882353
TTTCTTCTCACAGGTGGAAA,AGCTTTTCTTCTCACAGGTGGAAAAGGAGG,H2-K1,91.0,0.11764705882352941
AAACGCCTAAGCCTAGTTGT,CCAGAAACGCCTAAGCCTAGTTGTGGGGAT,Ptprc,21.1,0.7203389830508474
AAAGACTTCTGTGTCCAGAA,TGACAAAGACTTCTGTGTCCAGAAGGGCAA,Ptprc,1.4,0.9971751412429378
AAAGCAGACTTATGGAGACA,AAGGAAAGCAGACTTATGGAGACATGGAAG,Ptprc,80.9,0.7768361581920904
AAAGCCCAGGAAGACAGCAG,GAATAAAGCCCAGGAAGACAGCAGAGGGGT,Ptprc,97.2,0.20903954802259886
AAAGGCCACAGTTATTGTCA,AGCAAAAGGCCACAGTTATTGTCATGGTCA,Ptprc,51.8,0.7175141242937854
AAATGATGATTGCTGCTCAG,CCAGAAATGATGATTGCTGCTCAGGGGCCA,Ptprc,76.6,0.9463276836158192
AAATGCTAAGTGTGGAAATG,TCCAAAATGCTAAGTGTGGAAATGAGGATT,Ptprc,8.4,0.5112994350282486
AACAAAATGTCAGAATGGAT,TTCCAACAAAATGTCAGAATGGATTGGCTC,Ptprc,41.8,0.4265536723163842
AACAACAGGAACTCGTTGAA,GATGAACAACAGGAACTCGTTGAAAGGGGT,Ptprc,40.6,0.5649717514124294
AACCCCATGGTCTGGCCAGC,CAGGAACCCCATGGTCTGGCCAGCTGGTGA,Ptprc,57.9,0.20056497175141244
AACGCCTAAGCCTAGTTGTG,CAGAAACGCCTAAGCCTAGTTGTGGGGATC,Ptprc,21.2,0.867231638418079
AACGGTTTTTATTCTGATTG,ACATAACGGTTTTTATTCTGATTGTGGGGC,Ptprc,45.6,0.07062146892655367
AACTCTTACACCATCCACTC,TCACAACTCTTACACCATCCACTCTGGGCC,Ptprc,3.7,0.1440677966101695
AAGAAACGATCGGTGACTTT,CTAAAAGAAACGATCGGTGACTTTTGGCAG,Ptprc,77.5,0.4435028248587571
AAGCATGGAGGAAGGCACTC,GGCCAAGCATGGAGGAAGGCACTCGGGCTT,Ptprc,53.9,0.652542372881356
AAGCCCAGGAAGACAGCAGA,AATAAAGCCCAGGAAGACAGCAGAGGGGTG,Ptprc,97.2,0.2231638418079096
AAGGCGACAGAGGTGTCTGA,AGCTAAGGCGACAGAGGTGTCTGATGGTGC,Ptprc,64.4,0.9180790960451978
AAGTTTGAGCCACAAACCCA,CCAGAAGTTTGAGCCACAAACCCATGGTCA,Ptprc,0.3,0.8785310734463276
AATAGTATAAATGTTACATG,AGACAATAGTATAAATGTTACATGTGGTCC,Ptprc,30.6,0.8559322033898306
AATCATAGACACCAGGTCTT,CCTGAATCATAGACACCAGGTCTTTGGGTT,Ptprc,85.3,0.21468926553672316
AATCCATTCTGACATTTTGT,AGCCAATCCATTCTGACATTTTGTTGGAAA,Ptprc,42.2,0.014124293785310734
AATGCATCCTTTGTGATGGT,CATTAATGCATCCTTTGTGATGGTAGGTAC,Ptprc,75.6,0.8615819209039548
AATGGGAAGATTCAAAGAAA,TGTCAATGGGAAGATTCAAAGAAATGGGAC,Ptprc,27.6,0.3587570621468927
AATGTAGCTGGCATTTATGT,CATCAATGTAGCTGGCATTTATGTAGGTGG,Ptprc,48.3,0.9519774011299436
AATTGAATTTCATAATGAAG,ACAAAATTGAATTTCATAATGAAGTGGATG,Ptprc,95.1,0.12994350282485875
ACAACAGGAACTCGTTGAAA,ATGAACAACAGGAACTCGTTGAAAGGGGTG,Ptprc,40.6,0.3926553672316384
ACAGAACAACCCTGTCTGCT,AGGCACAGAACAACCCTGTCTGCTGGGATC,Ptprc,88.6,0.6440677966101694
ACAGTATATCCTGATTCATC,AGGCACAGTATATCCTGATTCATCAGGCTT,Ptprc,65.4,0.3672316384180791
ACATAGCTGCACACCACCCC,ACTTACATAGCTGCACACCACCCCAGGCCG,Ptprc,91.7,0.9011299435028248
ACATTTATACTATTGTCTGT,TGTAACATTTATACTATTGTCTGTCGGCCG,Ptprc,30.0,0.9774011299435028
ACCAAAATGTAAAAGGTTTT,GACTACCAAAATGTAAAAGGTTTTAGGGCC,Ptprc,31.6,0.11864406779661017
ACCACAACGAAGCAAACATG,AGCTACCACAACGAAGCAAACATGTGGTAA,Ptprc,5.4,0.3644067796610169
ACCACATGTTTGCTTCGTTG,ACTTACCACATGTTTGCTTCGTTGTGGTAG,Ptprc,5.1,0.3446327683615819
ACCAGGTCTTTGGGTTCTGC,AGACACCAGGTCTTTGGGTTCTGCAGGCAG,Ptprc,85.0,0.5480225988700564
ACCAGTACCAGTGTACCACA,GTGTACCAGTACCAGTGTACCACATGGAAA,Ptprc,84.2,0.6892655367231638
ACCAGTGTACCACATGGAAA,CAGTACCAGTGTACCACATGGAAAGGGGAA,Ptprc,84.4,0.6610169491525424
ACCCAGTGACCCCTCCCCTC,ATCCACCCAGTGACCCCTCCCCTCTGGAGG,Ptprc,68.6,0.5847457627118644
ACCTGCTCCTCAAACTTCGA,CCTCACCTGCTCCTCAAACTTCGACGGAGA,Ptprc,59.2,0.288135593220339
ACCTGGTATTCAGCCTCCAG,TGCTACCTGGTATTCAGCCTCCAGAGGGGA,Ptprc,68.7,0.8220338983050848
ACGCAAAGCACGGCCTGGGG,CTCTACGCAAAGCACGGCCTGGGGTGGTGT,Ptprc,91.6,0.632768361581921
ACGGTTTTTATTCTGATTGT,CATAACGGTTTTTATTCTGATTGTGGGGCT,Ptprc,45.6,0.12429378531073447
ACTAACGTTTTTCTTGCAGC,AGAGACTAACGTTTTTCTTGCAGCTGGATC,Ptprc,21.6,0.04519774011299435
ACTATTGTCTGTCGGCCGGG,TTATACTATTGTCTGTCGGCCGGGAGGTTT,Ptprc,29.8,0.635593220338983
ACTCCTTTCCTATGAACTCT,CATGACTCCTTTCCTATGAACTCTGGGTTG,Ptprc,99.8,0.3813559322033898
ACTCTTACACCATCCACTCT,CACAACTCTTACACCATCCACTCTGGGCCT,Ptprc,3.7,0.3192090395480226
ACTGTTCCTGGCTGAATTTC,GCAGACTGTTCCTGGCTGAATTTCAGGTAT,Ptprc,43.8,0.2994350282485876
ACTTTCCAAGAGATTGAACA,CTGCACTTTCCAAGAGATTGAACAAGGCAC,Ptprc,89.3,0.943502824858757
AGAAATGATGATTGCTGCTC,AACCAGAAATGATGATTGCTGCTCAGGGGC,Ptprc,76.6,0.4491525423728814
AGAAATTGACATTCACCTGG,AGAGAGAAATTGACATTCACCTGGTGGTAC,Ptprc,11.8,0.6666666666666666
AGAACAAGTGCGCAGAATAC,CTGTAGAACAAGTGCGCAGAATACTGGCCA,Ptprc,53.2,0.536723163841808
AGAATACTGGCCAAGCATGG,GCGCAGAATACTGGCCAAGCATGGAGGAAG,Ptprc,53.5,0.9293785310734464
AGACAGTTGATGACTTCTGG,GATGAGACAGTTGATGACTTCTGGAGGATG,Ptprc,50.7,0.9915254237288136
AGACCTGGTGTCTATGATTC,CCAAAGACCTGGTGTCTATGATTCAGGACC,Ptprc,85.7,0.3163841807909605
AGAGATGGATCCCAGCAGAC,TGACAGAGATGGATCCCAGCAGACAGGGTT,Ptprc,88.6,0.7853107344632768
AGAGGAACTGGTATTGCTCC,TCATAGAGGAACTGGTATTGCTCCTGGTGA,Ptprc,92.2,0.7627118644067796
AGAGGGGAGGGGTCACTGGG,CTCCAGAGGGGAGGGGTCACTGGGTGGATC,Ptprc,68.2,0.4350282485875706
AGAGTTAGTGAATGGAGACC,TGACAGAGTTAGTGAATGGAGACCAGGTTT,Ptprc,79.4,0.7457627118644068
AGATGATGAAAAGCAGCTGA,TTACAGATGATGAAAAGCAGCTGATGGATG,Ptprc,41.2,0.53954802259887
AGCACTATTGGTAGGCTCCG,CCTCAGCACTATTGGTAGGCTCCGGGGTTC,Ptprc,97.8,0.15819209039548024
AGCATCTATCCCGCCCAGAA,CGCCAGCATCTATCCCGCCCAGAATGGACA,Ptprc,93.6,0.2711864406779661
AGCCCAGGAAGACAGCAGAG,ATAAAGCCCAGGAAGACAGCAGAGGGGTGG,Ptprc,97.3,0.1327683615819209
AGCTCCAACCCAGAGTTCAT,GCCCAGCTCCAACCCAGAGTTCATAGGAAA,Ptprc,99.9,0.2909604519774011
AGCTGGGCTCGCAGAACCAT,TTGGAGCTGGGCTCGCAGAACCATTGGCAG,Ptprc,99.0,0.3220338983050847
AGCTTCTGAATGATGTAATC,GTTCAGCTTCTGAATGATGTAATCAGGACA,Ptprc,55.5,0.3700564971751412
AGGAAATACATTGCTGCACA,ACCCAGGAAATACATTGCTGCACAAGGTAA,Ptprc,49.8,0.6694915254237288
AGGAAGTCTGTGCTCAGTAC,ATCTAGGAAGTCTGTGCTCAGTACTGGGGC,Ptprc,80.0,0.5706214689265536
AGGAGCAGGTGAGGGTCTTC,TTTGAGGAGCAGGTGAGGGTCTTCAGGAAC,Ptprc,58.5,0.0480225988700565
AGTCATCAACTGTCTCATCC,CAGAAGTCATCAACTGTCTCATCCCGGGGC,Ptprc,50.2,0.5988700564971752
AGTCTGATTACTAGATTCAT,TAAAAGTCTGATTACTAGATTCATAGGTGT,Ptprc,6.7,0.4661016949152542
AGTGCCACTTAAGCATGAAC,ACAGAGTGCCACTTAAGCATGAACTGGAGA,Ptprc,72.7,0.5338983050847458
AGTGCTGGTGTTGGGCGTAC,CCTTAGTGCTGGTGTTGGGCGTACAGGTAC,Ptprc,61.4,0.9124293785310734
AGTGCTTGCAAGGCCCAGAG,GGTCAGTGCTTGCAAGGCCCAGAGTGGATG,Ptprc,3.8,0.4915254237288136
AGTTCGGAGAGTGTAGGCTG,CAAAAGTTCGGAGAGTGTAGGCTGAGGCTC,Ptprc,82.0,0.6779661016949152
AGTTGGAGGACACAGCACAT,CAGGAGTTGGAGGACACAGCACATTGGAAA,Ptprc,70.2,0.7005649717514124
ATAAATGTGCAGACAGATTT,TGTTATAAATGTGCAGACAGATTTGGGGAG,Ptprc,20.2,0.3333333333333333
ATACTTCAATTTGTTTGGAG,GCTAATACTTCAATTTGTTTGGAGTGGAAA,Ptprc,13.7,0.5621468926553672
ATAGATTTATATGTACCACC,AACTATAGATTTATATGTACCACCAGGTGA,Ptprc,11.7,0.9689265536723164
ATAGCATAAAACATATCCAT,TCTTATAGCATAAAACATATCCATGGGGTT,Ptprc,23.5,0.9858757062146892
ATAGGTCCGGACAAGGTCAA,TTTGATAGGTCCGGACAAGGTCAATGGAAT,Ptprc,29.2,0.9548022598870056
ATATTAATTCTTACCATCAC,TCAAATATTAATTCTTACCATCACTGGGTG,Ptprc,2.7,0.08192090395480225
ATCAGATGATTATAACCGTG,TTTAATCAGATGATTATAACCGTGTGGAAC,Ptprc,47.0,0.9209039548022598
ATCAGCTTCCTAACCTGCAG,CCCCATCAGCTTCCTAACCTGCAGTGGACG,Ptprc,88.1,0.5677966101694916
ATCAGGGCTTCAAGGAACCC,TTTGATCAGGGCTTCAAGGAACCCAGGAAA,Ptprc,49.2,0.8926553672316384
ATCATAGACACCAGGTCTTT,CTGAATCATAGACACCAGGTCTTTGGGTTC,Ptprc,85.3,0.2457627118644068
ATCCCTTCTGGGGAAGCCTT,CTTCATCCCTTCTGGGGAAGCCTTGGGAAG,Ptprc,86.6,0.011299435028248588
ATCCTCGTCCACTGCAGGTT,ATCCATCCTCGTCCACTGCAGGTTAGGAAG,Ptprc,88.2,0.7909604519774012
ATCTAGTAATCAGACTTTTA,ATGAATCTAGTAATCAGACTTTTAAGGCAG,Ptprc,7.2,0.192090395480226
ATCTCCAGTTCATGCTTAAG,GCTCATCTCCAGTTCATGCTTAAGTGGCAC,Ptprc,72.5,0.5875706214689266
ATCTGCGCAAGAAAAGATCC,TATGATCTGCGCAAGAAAAGATCCAGGTAA,Ptprc,39.7,0.7966101694915254
ATGAACTCTGGGTTGGAGCT,TCCTATGAACTCTGGGTTGGAGCTGGGCTC,Ptprc,99.5,0.4463276836158192
ATGAGACAGTTGATGACTTC,CGGGATGAGACAGTTGATGACTTCTGGAGG,Ptprc,50.6,0.4067796610169492
ATGGGAAGATTCAAAGAAAT,GTCAATGGGAAGATTCAAAGAAATGGGACT,Ptprc,27.6,0.5084745762711864
ATGGTCACACGATGTGAAGA,TGTCATGGTCACACGATGTGAAGAAGGAAA,Ptprc,52.4,0.5254237288135594
ATGGTTATGTTGTCAAGCTA,GTCTATGGTTATGTTGTCAAGCTAAGGCGA,Ptprc,63.8,0.6016949152542372
ATGTTCCCAAACATGGCAGC,AGTAATGTTCCCAAACATGGCAGCTGGAAA,Ptprc,5.6,0.025423728813559324
ATGTTGACAGAGTTAGTGAA,TGTGATGTTGACAGAGTTAGTGAATGGAGA,Ptprc,79.2,0.8163841807909604
ATTACTTACATCAATGTAGC,ATACATTACTTACATCAATGTAGCTGGCAT,Ptprc,48.6,0.3050847457627119
ATTCAGCCTCCAGAGGGGAG,TGGTATTCAGCCTCCAGAGGGGAGGGGTCA,Ptprc,68.5,0.4689265536723164
ATTCTGATTGTGGGGCTTTC,TTTTATTCTGATTGTGGGGCTTTCGGGCAT,Ptprc,45.3,0.08757062146892655
ATTCTGGGCGGGATAGATGC,GTCCATTCTGGGCGGGATAGATGCTGGCGA,Ptprc,93.2,0.3389830508474576
ATTTAGGTCTCTTTTCACAA,TGAAATTTAGGTCTCTTTTCACAATGGAGT,Ptprc,35.2,0.6977401129943502
ATTTTGGTAGTCAGAAGTGG,TTACATTTTGGTAGTCAGAAGTGGAGGTTC,Ptprc,32.4,0.6468926553672316
CAAAAGGAAGATTGCTGATG,CATACAAAAGGAAGATTGCTGATGAGGGCA,Ptprc,43.1,0.6214689265536724
CAAACACCTACACCCAGTGA,AGGGCAAACACCTACACCCAGTGATGGTAA,Ptprc,2.7,0.2514124293785311
CAAAGACTTCTGTGTCCAGA,GTGACAAAGACTTCTGTGTCCAGAAGGGCA,Ptprc,1.4,0.6129943502824858
CAACAGGAACTCGTTGAAAG,TGAACAACAGGAACTCGTTGAAAGGGGTGA,Ptprc,40.7,0.827683615819209
CAACCCAGAGTTCATAGGAA,GCTCCAACCCAGAGTTCATAGGAAAGGAGT,Ptprc,100.0,0.18926553672316385
CAACTAGGCTTAGGCGTTTC,CCCACAACTAGGCTTAGGCGTTTCTGGAAC,Ptprc,20.7,0.2175141242937853
CAAGAAAAACGTTAGTCTCT,GCTGCAAGAAAAACGTTAGTCTCTTGGCCT,Ptprc,22.1,0.10451977401129943
CAAGCATGGAGGAAGGCACT,TGGCCAAGCATGGAGGAAGGCACTCGGGCT,Ptprc,53.9,0.6864406779661016
CAAGCTTTCCACCTCAAAAC,GTTTCAAGCTTTCCACCTCAAAACTGGTCA,Ptprc,25.4,0.576271186440678
CAATAACTTTGACTTTTCTT,ATCACAATAACTTTGACTTTTCTTTGGAAT,Ptprc,78.2,0.05649717514124294
CACAAACCCATGGTCATATC,GAGCCACAAACCCATGGTCATATCTGGAGA,Ptprc,0.0,0.03672316384180791
CACAGAACAACCCTGTCTGC,AAGGCACAGAACAACCCTGTCTGCTGGGAT,Ptprc,88.6,0.5028248587570622
CACAGTAATGTTCCCAAACA,AATTCACAGTAATGTTCCCAAACATGGCAG,Ptprc,5.8,0.4322033898305085
CACCAGCTGGCCAGACCATG,AATTCACCAGCTGGCCAGACCATGGGGTTC,Ptprc,58.1,0.8305084745762712
CACCCCTCTGCTGTCTTCCT,TTCCCACCCCTCTGCTGTCTTCCTGGGCTT,Ptprc,97.0,0.15254237288135594
CACCTATGGTTGTGCTTGGA,TTGTCACCTATGGTTGTGCTTGGAGGGTCA,Ptprc,4.5,0.4096045197740113
CACGATGTGAAGAAGGAAAC,GTCACACGATGTGAAGAAGGAAACAGGGTA,Ptprc,52.6,0.4406779661016949
CACTCTGTTAAAGTCATCTA,GTGGCACTCTGTTAAAGTCATCTATGGAAC,Ptprc,71.8,0.8050847457627118
CAGATATGACCATGGGTTTG,TCTCCAGATATGACCATGGGTTTGTGGCTC,Ptprc,0.3,0.731638418079096
CAGCAATTTAGATGAACAAC,TTCACAGCAATTTAGATGAACAACAGGAAC,Ptprc,40.2,0.3615819209039548
CAGCACTATTGGTAGGCTCC,TCCTCAGCACTATTGGTAGGCTCCGGGGTT,Ptprc,97.8,0.1864406779661017
CAGCAGAGGGGTGGGAACCC,AAGACAGCAGAGGGGTGGGAACCCCGGAGC,Ptprc,97.6,0.211864406779661
CAGCTCTTCCCCTTTCCATG,CAGGCAGCTCTTCCCCTTTCCATGTGGTAC,Ptprc,84.4,0.9265536723163842
CAGGAAGACAGCAGAGGGGT,AGCCCAGGAAGACAGCAGAGGGGTGGGAAC,Ptprc,97.4,0.3135593220338983
CAGTGACCCCTCCCCTCTGG,CACCCAGTGACCCCTCCCCTCTGGAGGCTG,Ptprc,68.7,0.596045197740113
CATACCTGAAAGATGTCAGT,CATTCATACCTGAAAGATGTCAGTTGGACA,Ptprc,17.3,0.7598870056497176
CATCCATCCTCGTCCACTGC,CATGCATCCATCCTCGTCCACTGCAGGTTA,Ptprc,88.1,0.672316384180791
CATCCCTTCTGGGGAAGCCT,ACTTCATCCCTTCTGGGGAAGCCTTGGGAA,Ptprc,86.6,0.002824858757062147
CATGGCATCAATTCCAATGT,CCAGCATGGCATCAATTCCAATGTAGGTAC,Ptprc,61.8,0.8389830508474576
CATTAATGCATCCTTTGTGA,AATACATTAATGCATCCTTTGTGATGGTAG,Ptprc,75.5,0.96045197740113
CATTGGAATTGATGCCATGC,CCTACATTGGAATTGATGCCATGCTGGAAG,Ptprc,62.2,0.6751412429378532
CATTTCCACACTTAGCATTT,TCCTCATTTCCACACTTAGCATTTTGGACA,Ptprc,8.0,0.07344632768361582
CCAAAATGTAAAAGGTTTTA,ACTACCAAAATGTAAAAGGTTTTAGGGCCA,Ptprc,31.6,0.1977401129943503
CCACCCCTCTGCTGTCTTCC,GTTCCCACCCCTCTGCTGTCTTCCTGGGCT,Ptprc,97.0,0.2033898305084746
CCACTAAAGCCTGATGAATC,TATTCCACTAAAGCCTGATGAATCAGGATA,Ptprc,65.3,0.2937853107344633
CCACTTTGCCCTCTGCTTCC,ACATCCACTTTGCCCTCTGCTTCCAGGCCT,Ptprc,62.7,0.059322033898305086
CCAGGAAGACAGCAGAGGGG,AAGCCCAGGAAGACAGCAGAGGGGTGGGAA,Ptprc,97.3,0.10734463276836158
CCAGTGTACCACATGGAAAG,AGTACCAGTGTACCACATGGAAAGGGGAAG,Ptprc,84.4,0.8728813559322034
CCCATTGACATAGGCAAGTA,TCTTCCCATTGACATAGGCAAGTAGGGACA,Ptprc,26.8,0.6836158192090396
CCCCTTTCCATGTGGTACAC,TCTTCCCCTTTCCATGTGGTACACTGGTAC,Ptprc,84.1,0.4774011299435028
CCCTAAAACCTTTTACATTT,ATGGCCCTAAAACCTTTTACATTTTGGTAG,Ptprc,31.9,0.01977401129943503
CCCTACTTGCCTATGTCAAT,GTGTCCCTACTTGCCTATGTCAATGGGAAG,Ptprc,27.1,0.5225988700564972
CCCTCTGGAGGCTGAATACC,CCTCCCCTCTGGAGGCTGAATACCAGGTAG,Ptprc,69.0,0.4632768361581921
CCTCAAACAGAAGCTTCCCA,AGGACCTCAAACAGAAGCTTCCCAAGGCTT,Ptprc,86.4,0.6949152542372882
CCTGATTCATCAGGCTTTAG,ATATCCTGATTCATCAGGCTTTAGTGGAAT,Ptprc,65.7,0.11299435028248588
CCTGGAAGCAGAGGGCAAAG,AAGGCCTGGAAGCAGAGGGCAAAGTGGATG,Ptprc,63.0,0.844632768361582
CCTGGTATTCAGCCTCCAGA,GCTACCTGGTATTCAGCCTCCAGAGGGGAG,Ptprc,68.7,0.9322033898305084
CCTTGGGAAGCTTCTGTTTG,GAAGCCTTGGGAAGCTTCTGTTTGAGGTCC,Ptprc,86.1,0.2570621468926554
CCTTTTTCTTTTGACAGAGA,AATCCCTTTTTCTTTTGACAGAGATGGATC,Ptprc,88.2,0.005649717514124294
CGAAAACTTGTCAGTCCCTG,GTAGCGAAAACTTGTCAGTCCCTGTGGAGG,Ptprc,11.8,0.1384180790960452
CGAAGTTTGAGGAGCAGGTG,CCGTCGAAGTTTGAGGAGCAGGTGAGGGTC,Ptprc,58.8,0.5310734463276836
CGAGTGCCTTCCTCCATGCT,AGCCCGAGTGCCTTCCTCCATGCTTGGCCA,Ptprc,53.5,0.5932203389830508
CGATGATGTCATAGAGGAAC,CTGGCGATGATGTCATAGAGGAACTGGTAT,Ptprc,92.5,0.6186440677966102
CGCAGAATACTGGCCAAGCA,AGTGCGCAGAATACTGGCCAAGCATGGAGG,Ptprc,53.4,0.2853107344632768
CGGTTTTTATTCTGATTGTG,ATAACGGTTTTTATTCTGATTGTGGGGCTT,Ptprc,45.5,0.06497175141242938
CTACACATGTGTAATTTGTT,TCTGCTACACATGTGTAATTTGTTTGGGCA,Ptprc,18.1,0.3248587570621469
CTCAAAAGTTCGGAGAGTGT,TCAGCTCAAAAGTTCGGAGAGTGTAGGCTG,Ptprc,82.2,0.7655367231638418
CTCATACCTGAAATTCAGCC,ACAACTCATACCTGAAATTCAGCCAGGAAC,Ptprc,43.7,0.4124293785310734
CTCATATCCAATTCACCAGC,GTGACTCATATCCAATTCACCAGCTGGCCA,Ptprc,57.7,0.6101694915254238
CTCCAGAGGGGAGGGGTCAC,CAGCCTCCAGAGGGGAGGGGTCACTGGGTG,Ptprc,68.3,0.19491525423728814
CTCTACGCAAAGCACGGCCT,AAGTCTCTACGCAAAGCACGGCCTGGGGTG,Ptprc,91.5,0.1807909604519774
CTCTCTTCTTCATGTTGTGT,GGATCTCTCTTCTTCATGTTGTGTAGGCAT,Ptprc,67.5,0.7146892655367232
CTGAAATAAATGGAGATGCA,CTCTCTGAAATAAATGGAGATGCAGGGTCC,Ptprc,47.8,0.9152542372881356
CTGACTATGAGTTTCTGGTA,TCAACTGACTATGAGTTTCTGGTAAGGTCA,Ptprc,34.9,0.3728813559322034
CTGATCTCCAGATATGACCA,ACAGCTGATCTCCAGATATGACCATGGGTT,Ptprc,0.1,0.4011299435028249
CTGGAAGGCCTGGAAGCAGA,CATGCTGGAAGGCCTGGAAGCAGAGGGCAA,Ptprc,62.7,0.6073446327683616
CTGGTACTGGTACACAGTTC,TACACTGGTACTGGTACACAGTTCTGGGCT,Ptprc,83.6,0.3474576271186441
CTGGTATTCAGCCTCCAGAG,CTACCTGGTATTCAGCCTCCAGAGGGGAGG,Ptprc,68.7,0.7090395480225988
CTGTCTCATCCCGGGGCCCT,TCAACTGTCTCATCCCGGGGCCCTAGGAGT,Ptprc,49.9,0.4858757062146893
CTGTGCCTTGTTCAATCTCT,TGTTCTGTGCCTTGTTCAATCTCTTGGAAA,Ptprc,89.5,0.1553672316384181
CTTAGAGACTTCCTTCATAC,TTTTCTTAGAGACTTCCTTCATACAGGAGT,Ptprc,69.5,0.4604519774011299
CTTCCCAAGGCTTCCCCAGA,GAAGCTTCCCAAGGCTTCCCCAGAAGGGAT,Ptprc,86.8,0.5790960451977402
CTTCTTCAGTGGTCCCATTG,GCAACTTCTTCAGTGGTCCCATTGTGGTGC,Ptprc,60.5,0.5423728813559322
CTTGACTTGTCCATTCTGGG,TTTTCTTGACTTGTCCATTCTGGGCGGGAT,Ptprc,93.5,0.2740112994350282
CTTGCAAGGCCCAGAGTGGA,AGTGCTTGCAAGGCCCAGAGTGGATGGTGT,Ptprc,3.6,0.403954802259887
CTTTCCTATGAACTCTGGGT,ACTCCTTTCCTATGAACTCTGGGTTGGAGC,Ptprc,99.7,0.3954802259887006
GAAACGCCTAAGCCTAGTTG,TCCAGAAACGCCTAAGCCTAGTTGTGGGGA,Ptprc,21.1,0.788135593220339
GAAATGATGATTGCTGCTCA,ACCAGAAATGATGATTGCTGCTCAGGGGCC,Ptprc,76.6,0.4576271186440678
GAACCAGAACATGCTGCCAA,TGAGGAACCAGAACATGCTGCCAATGGTTC,Ptprc,98.8,0.2288135593220339
GAACCATTGGCAGCATGTTC,CGCAGAACCATTGGCAGCATGTTCTGGTTC,Ptprc,98.6,0.2824858757062147
GAAGTATTAGCCTTTTCTTT,AATTGAAGTATTAGCCTTTTCTTTTGGTGT,Ptprc,12.9,0.022598870056497175
GAAGTCTGTGCTCAGTACTG,CTAGGAAGTCTGTGCTCAGTACTGGGGCGA,Ptprc,80.1,0.807909604519774
GAAGTTTGAGGAGCAGGTGA,CGTCGAAGTTTGAGGAGCAGGTGAGGGTCT,Ptprc,58.8,0.711864406779661
GAATTTCATAATGAAGTGGA,AATTGAATTTCATAATGAAGTGGATGGAGG,Ptprc,95.2,0.09887005649717515
GACACAGAAGTCTTTGTCAC,TCTGGACACAGAAGTCTTTGTCACAGGTAA,Ptprc,2.0,0.5282485875706214
GACACTTCATAGTATTTATA,TAGGGACACTTCATAGTATTTATAAGGTTT,Ptprc,26.1,0.268361581920904
GACCCTCCAAGCACAACCAT,CACTGACCCTCCAAGCACAACCATAGGTGA,Ptprc,4.7,0.3757062146892655
GACTCCTTTCCTATGAACTC,ACATGACTCCTTTCCTATGAACTCTGGGTT,Ptprc,99.8,0.3107344632768362
GACTTATGGAGACATGGAAG,AGCAGACTTATGGAGACATGGAAGTGGAGA,Ptprc,81.1,0.7259887005649718
GACTTCCTTCATACAGGAGT,TAGAGACTTCCTTCATACAGGAGTTGGAGG,Ptprc,69.7,0.655367231638418
GAGATGGATCCCAGCAGACA,GACAGAGATGGATCCCAGCAGACAGGGTTG,Ptprc,88.7,0.980225988700565
GAGCTGAGACATTCCAAGGT,TTTTGAGCTGAGACATTCCAAGGTAGGTAA,Ptprc,83.1,0.7033898305084746
GAGGATGATCTGGGAGCAAA,TCTGGAGGATGATCTGGGAGCAAAAGGCCA,Ptprc,51.3,0.8192090395480226
GAGGGCAAAGTGGATGTCTA,AGCAGAGGGCAAAGTGGATGTCTATGGTTA,Ptprc,63.3,0.5819209039548022
GAGGGTAAGATTGTCACCTA,GCCTGAGGGTAAGATTGTCACCTATGGTTG,Ptprc,4.9,0.22598870056497175
GAGGGTCTTCAGGAACCCCA,AGGTGAGGGTCTTCAGGAACCCCATGGTCT,Ptprc,58.2,0.8898305084745762
GAGGTGTCTGATGGTGCAAG,GACAGAGGTGTCTGATGGTGCAAGTGGAGG,Ptprc,64.6,0.8531073446327684
GAGTCTGCATCTAAACCCCA,ACCTGAGTCTGCATCTAAACCCCATGGATA,Ptprc,23.3,0.9717514124293786
GATGTCCAAAATGCTAAGTG,CAAAGATGTCCAAAATGCTAAGTGTGGAAA,Ptprc,8.2,0.4971751412429379
GCAGACTCAGGTTTAGATAC,AGATGCAGACTCAGGTTTAGATACAGGCTC,Ptprc,22.6,0.5169491525423728
GCAGCTGGATCCCCACAACT,TCTTGCAGCTGGATCCCCACAACTAGGCTT,Ptprc,21.1,0.9576271186440678
GCATCGTACCTGGCTCACAG,CCCAGCATCGTACCTGGCTCACAGTGGAGT,Ptprc,15.6,0.8700564971751412
GCCTGCAGAACCCAAAGACC,AGCTGCCTGCAGAACCCAAAGACCTGGTGT,Ptprc,85.3,0.8135593220338984
GCTAACTGTGTCCGTCCAGA,GGATGCTAACTGTGTCCGTCCAGATGGTCC,Ptprc,96.2,0.031073446327683617
GCTGGAAGGCCTGGAAGCAG,CCATGCTGGAAGGCCTGGAAGCAGAGGGCA,Ptprc,62.7,0.7824858757062146
GCTTTATTCAGAGGACCATC,CTGGGCTTTATTCAGAGGACCATCTGGACG,Ptprc,96.4,0.14689265536723164
GCTTTTAGCAACTTCTTCAG,TAATGCTTTTAGCAACTTCTTCAGTGGTCC,Ptprc,60.1,0.7570621468926554
GGAAACTTGCTGAATACCCG,GATGGGAAACTTGCTGAATACCCGTGGAAT,Ptprc,44.3,0.940677966101695
GGAAGTCTGTGCTCAGTACT,TCTAGGAAGTCTGTGCTCAGTACTGGGGCG,Ptprc,80.0,0.4887005649717514
GGAATTGATGCCATGCTGGA,CATTGGAATTGATGCCATGCTGGAAGGCCT,Ptprc,62.3,0.8022598870056498
GGAGCCTACCAATAGTGCTG,CCCCGGAGCCTACCAATAGTGCTGAGGAAC,Ptprc,98.2,0.3502824858757062
GGATCCCCACAACTAGGCTT,AGCTGGATCCCCACAACTAGGCTTAGGCGT,Ptprc,21.0,0.9378531073446328
GGATGCATTAATGTATTTGC,CAAAGGATGCATTAATGTATTTGCTGGTTT,Ptprc,74.9,0.3531073446327684
GGCCTTTGGATTTGCCCTTC,TTCTGGCCTTTGGATTTGCCCTTCTGGACA,Ptprc,1.3,0.2598870056497175
GGCGAAGGAAAGCAGACTTA,CTGGGGCGAAGGAAAGCAGACTTATGGAGA,Ptprc,80.7,0.7288135593220338
GGCTAATACTTCAATTTGTT,AAAAGGCTAATACTTCAATTTGTTTGGAGT,Ptprc,13.5,0.23728813559322035
GGCTTTCGGGCATCTTTGAT,GTGGGGCTTTCGGGCATCTTTGATGGGAAA,Ptprc,44.9,0.1271186440677966
GGGCCACTAAAAGAAACGAT,TCAGGGGCCACTAAAAGAAACGATCGGTGA,Ptprc,77.2,0.9745762711864406
GGGCCATTAGTTTCATAAGG,TTTAGGGCCATTAGTTTCATAAGGAGGACC,Ptprc,31.0,0.963276836158192
GGGCGTACAGGTACCTACAT,TGTTGGGCGTACAGGTACCTACATTGGAAT,Ptprc,61.7,0.8361581920903954
GGGCTTTCGGGCATCTTTGA,TGTGGGGCTTTCGGGCATCTTTGATGGGAA,Ptprc,45.0,0.1016949152542373
GGGTTTGTGGCTCAAACTTC,CCATGGGTTTGTGGCTCAAACTTCTGGCCT,Ptprc,0.7,0.307909604519774
GGTCCTCCTTATGAAACTAA,ATGTGGTCCTCCTTATGAAACTAATGGCCC,Ptprc,31.2,0.2796610169491525
GGTCCTGAATCATAGACACC,TTGAGGTCCTGAATCATAGACACCAGGTCT,Ptprc,85.5,0.7429378531073446
GGTCTGGCCAGCTGGTGAAT,CCATGGTCTGGCCAGCTGGTGAATTGGATA,Ptprc,57.6,0.519774011299435
GGTTCCTCAGCACTATTGGT,TTCTGGTTCCTCAGCACTATTGGTAGGCTC,Ptprc,98.0,0.327683615819209
GTACTTAACTCCTAGGGCCC,ACTTGTACTTAACTCCTAGGGCCCCGGGAT,Ptprc,50.0,0.847457627118644
GTAGCAGAAATCTTATATCG,ATGTGTAGCAGAAATCTTATATCGCGGTGT,Ptprc,18.9,0.9830508474576272
GTAGCTGGCATTTATGTAGG,CAATGTAGCTGGCATTTATGTAGGTGGACC,Ptprc,48.2,0.7711864406779662
GTATCTTTCAGAGCATTCCA,ATTTGTATCTTTCAGAGCATTCCACGGGTA,Ptprc,44.2,0.9350282485875706
GTATTCAGCCTCCAGAGGGG,CCTGGTATTCAGCCTCCAGAGGGGAGGGGT,Ptprc,68.6,0.6384180790960452
GTCATCAACTGTCTCATCCC,AGAAGTCATCAACTGTCTCATCCCGGGGCC,Ptprc,50.2,0.7231638418079096
GTCCAGAAGGGCAAATCCAA,CTGTGTCCAGAAGGGCAAATCCAAAGGCCA,Ptprc,1.1,0.7372881355932204
GTCCCATTGTGGTGCACTGC,AGTGGTCCCATTGTGGTGCACTGCAGGTAA,Ptprc,60.8,0.615819209039548
GTCCTCCAACTCCTGTATGA,CTGTGTCCTCCAACTCCTGTATGAAGGAAG,Ptprc,69.5,0.7401129943502824
GTGATACTTCATCCCTTCTG,GCTTGTGATACTTCATCCCTTCTGGGGAAG,Ptprc,86.9,0.5508474576271186
GTGGAACTCTCTGAAATAAA,CCGTGTGGAACTCTCTGAAATAAATGGAGA,Ptprc,47.5,0.06779661016949153
GTGGGTACCTACCATCACAA,GAGTGTGGGTACCTACCATCACAAAGGATG,Ptprc,75.5,0.8333333333333334
GTGTCTGATGGTGCAAGTGG,AGAGGTGTCTGATGGTGCAAGTGGAGGTAC,Ptprc,64.7,0.9096045197740112
GTGTTTTGATCAGGGCTTCA,TTGTGTGTTTTGATCAGGGCTTCAAGGAAC,Ptprc,48.9,0.4548022598870056
GTTCCCTTAGTGCTGGTGTT,GTTTGTTCCCTTAGTGCTGGTGTTGGGCGT,Ptprc,61.1,0.768361581920904
TAAAGCACTGATTATATTCC,ATGCTAAAGCACTGATTATATTCCTGGTGT,Ptprc,37.3,0.3898305084745763
TAAAGTCTCTACGCAAAGCA,GTGGTAAAGTCTCTACGCAAAGCACGGCCT,Ptprc,91.3,0.5
TAAATGTGCAGACAGATTTG,GTTATAAATGTGCAGACAGATTTGGGGAGT,Ptprc,20.3,0.903954802259887
TAACCTGCAGTGGACGAGGA,TTCCTAACCTGCAGTGGACGAGGATGGATG,Ptprc,87.8,0.9661016949152542
TAACTCTCCGTCGAAGTTTG,GCATTAACTCTCCGTCGAAGTTTGAGGAGC,Ptprc,59.1,0.4180790960451977
TAATAATGTGACCAGTTTTG,TGCCTAATAATGTGACCAGTTTTGAGGTGG,Ptprc,25.4,0.4152542372881356
TAATGTGACCAGTTTTGAGG,CTAATAATGTGACCAGTTTTGAGGTGGAAA,Ptprc,25.5,0.8757062146892656
TACACATGTGTAATTTGTTT,CTGCTACACATGTGTAATTTGTTTGGGCAC,Ptprc,18.0,0.3305084745762712
TACATTTTGGTAGTCAGAAG,CTTTTACATTTTGGTAGTCAGAAGTGGAGG,Ptprc,32.3,0.2344632768361582
TACCAGTGTACCACATGGAA,CCAGTACCAGTGTACCACATGGAAAGGGGA,Ptprc,84.4,0.2966101694915254
TACCTGCAGTGCACCACAAT,TCTTTACCTGCAGTGCACCACAATGGGACC,Ptprc,60.5,0.7796610169491526
TACGCCCAACACCAGCACTA,CCTGTACGCCCAACACCAGCACTAAGGGAA,Ptprc,60.9,0.7937853107344632
TACTGGCCAAGCATGGAGGA,AGAATACTGGCCAAGCATGGAGGAAGGCAC,Ptprc,53.7,0.6807909604519774
TACTTAACTCCTAGGGCCCC,CTTGTACTTAACTCCTAGGGCCCCGGGATG,Ptprc,50.0,0.9067796610169492
TAGCATAAAACATATCCATG,CTTATAGCATAAAACATATCCATGGGGTTT,Ptprc,23.5,0.9943502824858758
TAGCATTTTGGACATCTTTG,CACTTAGCATTTTGGACATCTTTGAGGTCT,Ptprc,7.7,0.4717514124293785
TATAAATCTATAGTTGTAGC,TACATATAAATCTATAGTTGTAGCTGGAGC,Ptprc,11.0,0.3418079096045198
TATAAATGTGCAGACAGATT,ATGTTATAAATGTGCAGACAGATTTGGGGA,Ptprc,20.2,0.16101694915254236
TATACTATTGTCTGTCGGCC,CATTTATACTATTGTCTGTCGGCCGGGAGG,Ptprc,29.9,0.2655367231638418
TATAGCATAAAACATATCCA,TTCTTATAGCATAAAACATATCCATGGGGT,Ptprc,23.5,1.0
TATCTTTCAGAGCATTCCAC,TTTGTATCTTTCAGAGCATTCCACGGGTAT,Ptprc,44.2,0.884180790960452
TATGAAATTCAATTTTGTCT,TCATTATGAAATTCAATTTTGTCTTGGCTG,Ptprc,94.5,0.062146892655367235
TATGAACTCTGGGTTGGAGC,TTCCTATGAACTCTGGGTTGGAGCTGGGCT,Ptprc,99.5,0.3361581920903955
TATGTACTCCACTGTGAGCC,TTCATATGTACTCCACTGTGAGCCAGGTAC,Ptprc,15.7,0.2627118644067797
TATTAATTCTTACCATCACT,CAAATATTAATTCTTACCATCACTGGGTGT,Ptprc,2.7,0.09322033898305085
TATTCAGAGGACCATCTGGA,GCTTTATTCAGAGGACCATCTGGACGGACA,Ptprc,96.2,0.22033898305084745
TATTCAGCCTCCAGAGGGGA,CTGGTATTCAGCCTCCAGAGGGGAGGGGTC,Ptprc,68.6,0.6412429378531074
TATTCTGATTGTGGGGCTTT,TTTTTATTCTGATTGTGGGGCTTTCGGGCA,Ptprc,45.3,0.1751412429378531
TATTTTGATAGGTCCGGACA,TCTTTATTTTGATAGGTCCGGACAAGGTCA,Ptprc,29.0,0.8587570621468926
TCAAAACTGGTCACATTATT,CACCTCAAAACTGGTCACATTATTAGGCAA,Ptprc,25.0,0.02824858757062147
TCAATGGAATGAAAACCTCC,AAGGTCAATGGAATGAAAACCTCCCGGCCG,Ptprc,29.7,0.7994350282485876
TCACAATAATCAGAAACACC,GATGTCACAATAATCAGAAACACCAGGAAT,Ptprc,37.5,0.4745762711864407
TCACCAGCTGGCCAGACCAT,CAATTCACCAGCTGGCCAGACCATGGGGTT,Ptprc,58.1,0.748587570621469
TCACCGATCGTTTCTTTTAG,AAAGTCACCGATCGTTTCTTTTAGTGGCCC,Ptprc,77.0,0.1694915254237288
TCACCTATGGTTGTGCTTGG,ATTGTCACCTATGGTTGTGCTTGGAGGGTC,Ptprc,4.5,0.3983050847457627
TCACCTCGGATTGCAGAGGA,CACTTCACCTCGGATTGCAGAGGAAGGAGC,Ptprc,83.1,0.8107344632768362
TCAGCACTATTGGTAGGCTC,TTCCTCAGCACTATTGGTAGGCTCCGGGGT,Ptprc,97.8,0.16666666666666666
TCAGGTTTAGATACAGGCTC,AGACTCAGGTTTAGATACAGGCTCAGGCCA,Ptprc,22.4,0.5734463276836158
TCATCAACTGTCTCATCCCG,GAAGTCATCAACTGTCTCATCCCGGGGCCC,Ptprc,50.1,0.8418079096045198
TCCAGAGGGGAGGGGTCACT,AGCCTCCAGAGGGGAGGGGTCACTGGGTGG,Ptprc,68.3,0.423728813559322
TCCATGTGGTACACTGGTAC,CCTTTCCATGTGGTACACTGGTACTGGTAC,Ptprc,84.0,0.8983050847457628
TCCCATTGACATAGGCAAGT,ATCTTCCCATTGACATAGGCAAGTAGGGAC,Ptprc,26.8,0.8248587570621468
TCCCTACTTGCCTATGTCAA,AGTGTCCCTACTTGCCTATGTCAATGGGAA,Ptprc,27.1,0.4378531073446328
TCCGTCGAAGTTTGAGGAGC,ACTCTCCGTCGAAGTTTGAGGAGCAGGTGA,Ptprc,58.9,0.556497175141243
TCTACGCAAAGCACGGCCTG,AGTCTCTACGCAAAGCACGGCCTGGGGTGG,Ptprc,91.5,0.751412429378531
TCTCTACGCAAAGCACGGCC,AAAGTCTCTACGCAAAGCACGGCCTGGGGT,Ptprc,91.5,0.5536723163841808
TCTCTTTATTTTGATAGGTC,AATGTCTCTTTATTTTGATAGGTCCGGACA,Ptprc,28.9,0.1638418079096045
TCTGAAATAAATGGAGATGC,ACTCTCTGAAATAAATGGAGATGCAGGGTC,Ptprc,47.8,0.6242937853107344
TCTGAAGACTCATCTGATTC,ATCATCTGAAGACTCATCTGATTCAGGCTC,Ptprc,73.6,0.17231638418079095
TCTGACTACCAAAATGTAAA,CACTTCTGACTACCAAAATGTAAAAGGTTT,Ptprc,31.8,0.01694915254237288
TCTGTTTGTTCCCTTAGTGC,CTTTTCTGTTTGTTCCCTTAGTGCTGGTGT,Ptprc,60.9,0.8502824858757062
TCTTCAGGAACCCCATGGTC,AGGGTCTTCAGGAACCCCATGGTCTGGCCA,Ptprc,58.1,0.559322033898305
TCTTCCTGGGCTTTATTCAG,GCTGTCTTCCTGGGCTTTATTCAGAGGACC,Ptprc,96.6,0.2768361581920904
TGAAAAGCAGCTGATGGATG,ATGATGAAAAGCAGCTGATGGATGTGGAGC,Ptprc,41.4,0.6581920903954802
TGAAGTGGATGGAGGCAAGC,ATAATGAAGTGGATGGAGGCAAGCAGGATG,Ptprc,95.5,0.14124293785310735
TGACTGCACACCAAAAGAAA,TACATGACTGCACACCAAAAGAAAAGGCTA,Ptprc,12.9,0.692090395480226
TGAGCAGCAATCATCATTTC,CCCCTGAGCAGCAATCATCATTTCTGGTTT,Ptprc,76.2,0.096045197740113
TGATCTCCAGATATGACCAT,CAGCTGATCTCCAGATATGACCATGGGTTT,Ptprc,0.1,0.4293785310734463
TGATGAGGGCAGACTGTTCC,TTGCTGATGAGGGCAGACTGTTCCTGGCTG,Ptprc,43.5,0.480225988700565
TGATGCCATGCTGGAAGGCC,GAATTGATGCCATGCTGGAAGGCCTGGAAG,Ptprc,62.5,0.07627118644067797
TGCGTAGAGACTTTACCACT,GCTTTGCGTAGAGACTTTACCACTTGGAAA,Ptprc,90.8,0.864406779661017
TGCTGGCGATGATGTCATAG,TAGATGCTGGCGATGATGTCATAGAGGAAC,Ptprc,92.7,0.7740112994350282
TGCTTCCAGGCCTTCCAGCA,CCTCTGCTTCCAGGCCTTCCAGCATGGCAT,Ptprc,62.3,0.7344632768361582
TGGATGGTGTAAGAGTTGTG,AGAGTGGATGGTGTAAGAGTTGTGAGGCTG,Ptprc,3.2,0.3785310734463277
TGGCTCAAACTTCTGGCCTT,TTTGTGGCTCAAACTTCTGGCCTTTGGATT,Ptprc,0.9,0.00847457627118644
TGGGGTTTAGATGCAGACTC,TCCATGGGGTTTAGATGCAGACTCAGGTTT,Ptprc,22.9,0.5056497175141242
TGGTACTGGTACACAGTTCT,ACACTGGTACTGGTACACAGTTCTGGGCTC,Ptprc,83.5,0.4519774011299435
TGGTCCTCTGAATAAAGCCC,CAGATGGTCCTCTGAATAAAGCCCAGGAAG,Ptprc,96.8,0.23163841807909605
TGGTGTAAGAGTTGTGAGGC,TGGATGGTGTAAGAGTTGTGAGGCTGGCAC,Ptprc,3.1,0.2062146892655367
TGTAATCAGGACATCGTTTG,ATGATGTAATCAGGACATCGTTTGTGGTCA,Ptprc,55.1,0.5903954802259888
TGTAATTTGTTTGGGCACGA,CATGTGTAATTTGTTTGGGCACGAAGGTTG,Ptprc,17.8,0.24293785310734464
TGTGACCATGACAATAACTG,ATCGTGTGACCATGACAATAACTGTGGCCT,Ptprc,51.6,0.9491525423728814
TGTGATACTTCATCCCTTCT,TGCTTGTGATACTTCATCCCTTCTGGGGAA,Ptprc,86.9,0.2401129943502825
TGTGCAGCAATGTATTTCCT,ACCTTGTGCAGCAATGTATTTCCTGGGTTC,Ptprc,49.4,0.6299435028248588
TGTGCTCAGTACTGGGGCGA,AGTCTGTGCTCAGTACTGGGGCGAAGGAAA,Ptprc,80.2,0.7062146892655368
TGTGGTTGATGTTTTCCAAG,AAGATGTGGTTGATGTTTTCCAAGTGGTAA,Ptprc,90.7,0.923728813559322
TGTTCCCTTAGTGCTGGTGT,TGTTTGTTCCCTTAGTGCTGGTGTTGGGCG,Ptprc,61.1,0.6497175141242938
TGTTGCATTTTCTGAAATCA,TCACTGTTGCATTTTCTGAAATCAAGGTTT,Ptprc,14.3,0.12146892655367232
TTACCTGCAGTGCACCACAA,GTCTTTACCTGCAGTGCACCACAATGGGAC,Ptprc,60.5,0.8813559322033898
TTAGGGCCATTAGTTTCATA,GGTTTTAGGGCCATTAGTTTCATAAGGAGG,Ptprc,31.1,0.4943502824858757
TTAGTGGAATACAATCAGTT,GGCTTTAGTGGAATACAATCAGTTTGGAGA,Ptprc,66.1,0.6638418079096046
TTATACTATTGTCTGTCGGC,ACATTTATACTATTGTCTGTCGGCCGGGAG,Ptprc,29.9,0.3559322033898305
TTATGCTATAAGAACAATTC,TGTTTTATGCTATAAGAACAATTCAGGTAA,Ptprc,24.2,0.4830508474576271
TTATTTCAGAGAGTTCCACA,CCATTTATTTCAGAGAGTTCCACACGGTTA,Ptprc,47.1,0.9887005649717514
TTCAACTGACTATGAGTTTC,ACTATTCAACTGACTATGAGTTTCTGGTAA,Ptprc,34.7,0.03389830508474576
TTCACCAGCTGGCCAGACCA,CCAATTCACCAGCTGGCCAGACCATGGGGT,Ptprc,58.1,0.8870056497175142
TTCATTCCATTGACCTTGTC,GGTTTTCATTCCATTGACCTTGTCCGGACC,Ptprc,29.1,0.0903954802259887
TTCCCAAGGCTTCCCCAGAA,AAGCTTCCCAAGGCTTCCCCAGAAGGGATG,Ptprc,86.8,0.6271186440677966
TTCCTAACCTGCAGTGGACG,CAGCTTCCTAACCTGCAGTGGACGAGGATG,Ptprc,87.9,0.6045197740112994
TTCCTTCATACAGGAGTTGG,AGACTTCCTTCATACAGGAGTTGGAGGACA,Ptprc,69.8,0.5451977401129944
TTCTGGTTCCTCAGCACTAT,CATGTTCTGGTTCCTCAGCACTATTGGTAG,Ptprc,98.1,0.1497175141242938
TTGAATCTTCCCATTGACAT,TTCTTTGAATCTTCCCATTGACATAGGCAA,Ptprc,27.0,0.24858757062146894
TTGACTTGTCCATTCTGGGC,TTTCTTGACTTGTCCATTCTGGGCGGGATA,Ptprc,93.5,0.384180790960452
TTGGAGGGTCAGTGCTTGCA,GTGCTTGGAGGGTCAGTGCTTGCAAGGCCC,Ptprc,4.0,0.3870056497175141
TTGTCAAGCTAAGGCGACAG,TATGTTGTCAAGCTAAGGCGACAGAGGTGT,Ptprc,64.1,0.8954802259887006
TTGTCACCTATGGTTGTGCT,AAGATTGTCACCTATGGTTGTGCTTGGAGG,Ptprc,4.6,0.5141242937853108
TTGTCCAACTGACATCTTTC,AAGGTTGTCCAACTGACATCTTTCAGGTAT,Ptprc,17.1,0.17796610169491525
TTGTGATACTTCATCCCTTC,ATGCTTGTGATACTTCATCCCTTCTGGGGA,Ptprc,86.9,0.18361581920903955
TTGTGATTTTTTAGAGTTAC,ATCTTTGTGATTTTTTAGAGTTACTGGAAA,Ptprc,75.8,0.11581920903954802
TTGTGCAGCAATGTATTTCC,TACCTTGTGCAGCAATGTATTTCCTGGGTT,Ptprc,49.4,0.13559322033898305
TTTATACAAAACAACAAGCA,AGATTTTATACAAAACAACAAGCAAGGCTA,Ptprc,38.5,0.4209039548022599
TTTCACAATGGAGTGTACGA,CTCTTTTCACAATGGAGTGTACGAGGGAGA,Ptprc,35.6,0.7542372881355932
TTTCATAATGAAGTGGATGG,TGAATTTCATAATGAAGTGGATGGAGGCAA,Ptprc,95.3,0.07909604519774012
TTTCCAACAAAATGTCAGAA,TATGTTTCCAACAAAATGTCAGAATGGATT,Ptprc,42.0,0.2542372881355932
TTTCTTGACTTGTCCATTCT,TTGTTTTCTTGACTTGTCCATTCTGGGCGG,Ptprc,93.6,0.05084745762711865
TTTTCACAATGGAGTGTACG,TCTCTTTTCACAATGGAGTGTACGAGGGAG,Ptprc,35.5,0.0847457627118644
TTTTCTTGACTTGTCCATTC,TTTGTTTTCTTGACTTGTCCATTCTGGGCG,Ptprc,93.7,0.03954802259887006
TTTTGAGCTGAGACATTCCA,GAACTTTTGAGCTGAGACATTCCAAGGTAG,Ptprc,83.0,0.3022598870056497
TTTTGTTGGAAACATACAAA,GACATTTTGTTGGAAACATACAAAAGGAAG,Ptprc,42.6,0.05367231638418079
TTTTTCCAGCTGCCATGTTT,TTTTTTTTTCCAGCTGCCATGTTTGGGAAC,Ptprc,5.8,0.11016949152542373
TTTTTTCCAGCTGCCATGTT,TTTTTTTTTTCCAGCTGCCATGTTTGGGAA,Ptprc,5.8,0.0423728813559322
AAACTGATGGGCTGGCATTC,ACAGAAACTGATGGGCTGGCATTCTGGGCT,Spn,11.0,0.02830188679245283
AAATGGGGTGGTGGATGCCT,AACGAAATGGGGTGGTGGATGCCTGGGCTG,Spn,74.6,0.1509433962264151
AACCCGGGCTGGCCCAGCCC,CAGGAACCCGGGCTGGCCCAGCCCAGGCAT,Spn,75.1,0.06132075471698113
AACTACTGAATTGTCTTCTT,TGGAAACTACTGAATTGTCTTCTTTGGAGA,Spn,21.0,0.14622641509433962
AACTGATGGGCTGGCATTCT,CAGAAACTGATGGGCTGGCATTCTGGGCTT,Spn,10.9,0.14150943396226415
AACTGGTTGCTGTGGTAGCA,ACAGAACTGGTTGCTGTGGTAGCAGGGAGT,Spn,51.7,0.9056603773584906
AAGAGGCCACAACCACATCA,GATGAAGAGGCCACAACCACATCAGGGGCA,Spn,78.5,0.3443396226415094
AAGCAGTGCTGATGTCTTGC,CTGGAAGCAGTGCTGATGTCTTGCTGGAAA,Spn,27.4,0.589622641509434
AAGGAGACCATCAGCCCCTG,CTCGAAGGAGACCATCAGCCCCTGGGGGCA,Spn,16.1,0.7122641509433962
ACAACAGCAGTAGCGCCACG,CGCCACAACAGCAGTAGCGCCACGAGGGCC,Spn,66.8,0.9716981132075472
ACAACCACATCAGGGGCAGG,GGCCACAACCACATCAGGGGCAGGGGGCAA,Spn,79.2,0.2641509433962264
ACAAGCTCTAACGAGACCAG,GACAACAAGCTCTAACGAGACCAGTGGACC,Spn,42.6,0.8113207547169812
ACAATTCAGTAGTTTCCAAG,GAAGACAATTCAGTAGTTTCCAAGGGGGTC,Spn,19.4,0.9622641509433962
ACAGGATTGGCTGCAGTGAC,TGTCACAGGATTGGCTGCAGTGACAGGAGG,Spn,31.8,0.5707547169811321
ACAGTAAGCTCCAAGACCAG,TACAACAGTAAGCTCCAAGACCAGTGGTCC,Spn,45.9,0.7547169811320755
ACCACAGCTACTGGGTCTCT,TGTCACCACAGCTACTGGGTCTCTGGGGCC,Spn,48.7,0.6698113207547169
ACCACCAAGGCAATAAGCAT,AACCACCACCAAGGCAATAAGCATGGGCAC,Spn,64.1,0.8066037735849056
ACCCAGTAGCTGTGGTGACA,AGAGACCCAGTAGCTGTGGTGACAGGGGGA,Spn,47.1,0.7452830188679245
ACCTGAGCCTACTGCCTCTC,CTGTACCTGAGCCTACTGCCTCTCAGGAAG,Spn,25.8,0.7264150943396226
ACCTGGTGGTTATGGGATCT,GGTGACCTGGTGGTTATGGGATCTTGGGTA,Spn,59.3,0.41509433962264153
ACTGGAACTCTCCACAGAAC,CCACACTGGAACTCTCCACAGAACTGGTTG,Spn,53.1,0.6367924528301887
ACTGGGGCCCTGACCCTGAG,GAGGACTGGGGCCCTGACCCTGAGCGGAGG,Spn,71.6,0.5990566037735849
ACTTGGAGCTGTGATATGTG,AGGTACTTGGAGCTGTGATATGTGGGGTAG,Spn,8.2,0.8537735849056604
AGAAGAGCTGAAGCCTGGGT,TACTAGAAGAGCTGAAGCCTGGGTCGGGTC,Spn,89.7,0.22169811320754718
AGAATCAAGTGGCATGTTAC,GCCAAGAATCAAGTGGCATGTTACTGGTGC,Spn,63.0,0.4858490566037736
AGACAATTCAGTAGTTTCCA,AAGAAGACAATTCAGTAGTTTCCAAGGGGG,Spn,19.5,0.8820754716981132
AGAGCCGCTTGTGGGCAGTG,AGGAAGAGCCGCTTGTGGGCAGTGAGGATG,Spn,93.5,0.11320754716981132
AGAGCTTGTTGTCACAGTGG,CGTTAGAGCTTGTTGTCACAGTGGTGGGGG,Spn,40.5,0.5660377358490566
AGAGGCAAAAGCGGAGGACT,CGCCAGAGGCAAAAGCGGAGGACTGGGGCC,Spn,70.2,0.8301886792452831
AGAGGCCACAACCACATCAG,ATGAAGAGGCCACAACCACATCAGGGGCAG,Spn,78.6,0.330188679245283
AGCAGACGGAAGTCTCGCCA,CTTCAGCAGACGGAAGTCTCGCCAGGGCTC,Spn,86.8,0.3160377358490566
AGCCCGGGTTCCTGATGAAG,GGCCAGCCCGGGTTCCTGATGAAGAGGCCA,Spn,77.1,0.4386792452830189
AGCTTGTTGTCACAGTGGTG,TTAGAGCTTGTTGTCACAGTGGTGGGGGGT,Spn,40.3,0.5188679245283019
AGGAAAACGAAATGGGGTGG,GAGGAGGAAAACGAAATGGGGTGGTGGATG,Spn,73.8,0.3867924528301887
AGGAGACCATCAGCCCCTGG,TCGAAGGAGACCATCAGCCCCTGGGGGCAG,Spn,16.2,0.7783018867924528
AGGAGGAAAACGAAATGGGG,GCGGAGGAGGAAAACGAAATGGGGTGGTGG,Spn,73.6,0.5566037735849056
AGGCAGTAGGCTCAGGTACA,TGAGAGGCAGTAGGCTCAGGTACAGGGGTG,Spn,24.4,0.5801886792452831
AGGGGGCAACAAGGGCTCTG,GGGCAGGGGGCAACAAGGGCTCTGAGGTAC,Spn,80.6,0.2971698113207547
AGGTACAGGGGTGCTCATGC,GCTCAGGTACAGGGGTGCTCATGCTGGCAC,Spn,23.3,0.6179245283018868
AGGTCCGTCTGTCACAGGAT,CTGCAGGTCCGTCTGTCACAGGATTGGCTG,Spn,32.9,0.8584905660377359
AGTCCATGCATCTCACTCGA,AGGGAGTCCATGCATCTCACTCGAGGGCCC,Spn,49.7,0.6745283018867925
AGTGAGCGTGGGTCTCTGCC,ACGTAGTGAGCGTGGGTCTCTGCCCGGAGC,Spn,83.2,0.1792452830188679
AGTTCCGTCTGTCACAGGAT,CTGCAGTTCCGTCTGTCACAGGATTGGCTG,Spn,35.2,0.9339622641509434
ATCAGGGGCAGGGGGCAACA,CCACATCAGGGGCAGGGGGCAACAAGGGCT,Spn,79.9,0.21226415094339623
ATGCCACTTGATTCTTGGCT,TAACATGCCACTTGATTCTTGGCTTGGTGA,Spn,61.4,0.46226415094339623
ATGCCTGGGCTGGGCCAGCC,GTGGATGCCTGGGCTGGGCCAGCCCGGGTT,Spn,75.8,0.0330188679245283
CAACAGCAGTAGCGCCACGA,GCCACAACAGCAGTAGCGCCACGAGGGCCA,Spn,66.8,0.7405660377358491
CAATTCAGTAGTTTCCAAGG,AAGACAATTCAGTAGTTTCCAAGGGGGTCA,Spn,19.3,0.8679245283018868
CACAACCACATCAGGGGCAG,AGGCCACAACCACATCAGGGGCAGGGGGCA,Spn,79.1,0.2028301886792453
CACAGTGGTGGGGGGTGCAC,TTGTCACAGTGGTGGGGGGTGCACTGGTTC,Spn,39.5,0.42452830188679247
CACCACAGCTACTGGGTCTC,CTGTCACCACAGCTACTGGGTCTCTGGGGC,Spn,48.6,0.39622641509433965
CACCACCAAGGCAATAAGCA,AAACCACCACCAAGGCAATAAGCATGGGCA,Spn,64.2,0.8443396226415094
CAGAGGCAAAAGCGGAGGAC,GCGCCAGAGGCAAAAGCGGAGGACTGGGGC,Spn,70.1,0.4481132075471698
CAGCAGACGGAAGTCTCGCC,TCTTCAGCAGACGGAAGTCTCGCCAGGGCT,Spn,86.7,0.1320754716981132
CAGTCCTCCGCTTTTGCCTC,GCCCCAGTCCTCCGCTTTTGCCTCTGGCGC,Spn,69.1,0.018867924528301886
CATCAGTTTCTGTGGGGTCA,AGCCCATCAGTTTCTGTGGGGTCAGGGACA,Spn,13.1,0.4669811320754717
CATGCTTATTGCCTTGGTGG,TGCCCATGCTTATTGCCTTGGTGGTGGTTT,Spn,65.2,0.660377358490566
CCAAGGGGGTCAAAGAAACT,GTTTCCAAGGGGGTCAAAGAAACTGGGATT,Spn,18.1,0.4811320754716981
CCACAACCACATCAGGGGCA,GAGGCCACAACCACATCAGGGGCAGGGGGC,Spn,79.0,0.2830188679245283
CCACAGCTACTGGGTCTCTG,GTCACCACAGCTACTGGGTCTCTGGGGCCC,Spn,48.7,0.8773584905660378
CCAGCCCATCAGTTTCTGTG,AATGCCAGCCCATCAGTTTCTGTGGGGTCA,Spn,12.6,0.8726415094339622
CCAGTAGCTGTGGTGACAGG,AGACCCAGTAGCTGTGGTGACAGGGGGACC,Spn,47.0,0.7169811320754716
CCATCAGTTTCTGTGGGGTC,CAGCCCATCAGTTTCTGTGGGGTCAGGGAC,Spn,13.0,0.36792452830188677
CCCAAGATCCCATAACCACC,TCTACCCAAGATCCCATAACCACCAGGTCA,Spn,60.1,0.9150943396226415
CCCAGCATGCCCCAAAGAGG,TGGACCCAGCATGCCCCAAAGAGGAGGAGA,Spn,1.9,0.9009433962264151
CCCAGTAGCTGTGGTGACAG,GAGACCCAGTAGCTGTGGTGACAGGGGGAC,Spn,47.1,0.8490566037735849
CCCAGTTTCTTTGACCCCCT,CAATCCCAGTTTCTTTGACCCCCTTGGAAA,Spn,19.0,0.37735849056603776
CCCCACAGAAACTGATGGGC,CTGACCCCACAGAAACTGATGGGCTGGCAT,Spn,11.7,0.25943396226415094
CCCCAGAGACCCAGTAGCTG,AGGGCCCCAGAGACCCAGTAGCTGTGGTGA,Spn,47.8,0.7311320754716981
CCCCCTGTCACCACAGCTAC,TGGTCCCCCTGTCACCACAGCTACTGGGTC,Spn,47.9,0.42924528301886794
CCCCTGTCACCACAGCTACT,GGTCCCCCTGTCACCACAGCTACTGGGTCT,Spn,48.0,0.4716981132075472
CCCTGCCCCTGATGTGGTTG,TGCCCCCTGCCCCTGATGTGGTTGTGGCCT,Spn,78.1,0.20754716981132076
CCTCCTCTTTGGGGCATGCT,TTCTCCTCCTCTTTGGGGCATGCTGGGTCC,Spn,2.9,0.09905660377358491
CCTGACCCCACAGAAACTGA,TGTCCCTGACCCCACAGAAACTGATGGGCT,Spn,12.1,0.7028301886792453
CCTGGTGGTTATGGGATCTT,GTGACCTGGTGGTTATGGGATCTTGGGTAG,Spn,59.2,0.5943396226415094
CCTGTTGCTCATAGAGATTG,AATACCTGTTGCTCATAGAGATTGAGGTGC,Spn,99.2,0.10377358490566038
CGAAGGAGACCATCAGCCCC,GACTCGAAGGAGACCATCAGCCCCTGGGGG,Spn,15.9,0.5518867924528302
CGAGACCAGTGGACCCTCTG,CTAACGAGACCAGTGGACCCTCTGTGGCTA,Spn,43.5,0.7688679245283019
CGAGCCCAGACAGTCTGCAG,GTGGCGAGCCCAGACAGTCTGCAGAGGACG,Spn,5.6,0.8018867924528302
CGGAGGAGGAAAACGAAATG,TGAGCGGAGGAGGAAAACGAAATGGGGTGG,Spn,73.3,0.6132075471698113
CGGTCCACAAGCCAAAGATG,CTGACGGTCCACAAGCCAAAGATGAGGCCG,Spn,97.8,0.19811320754716982
CGTCGTGGATGTTTTTCTGC,TAGACGTCGTGGATGTTTTTCTGCTGGAAA,Spn,56.9,0.009433962264150943
CTCCACAGAACTGGTTGCTG,AACTCTCCACAGAACTGGTTGCTGTGGTAG,Spn,52.4,0.6839622641509434
CTCTTCCTCCCCCTTCAGGT,GCGGCTCTTCCTCCCCCTTCAGGTTGGGAC,Spn,91.0,0.16037735849056603
CTGAAGAACGTAGTGAGCGT,TCTGCTGAAGAACGTAGTGAGCGTGGGTCT,Spn,84.1,0.25
CTGACCCCACAGAAACTGAT,GTCCCTGACCCCACAGAAACTGATGGGCTG,Spn,12.0,0.910377358490566
CTGGCTACATTTGATGGTTC,GTCACTGGCTACATTTGATGGTTCTGGAAG,Spn,29.3,0.5
CTTACTGTTGTAGCCACAGA,GGAGCTTACTGTTGTAGCCACAGAGGGTCC,Spn,43.7,0.9292452830188679
CTTCTAGTACTAAAGAGCCC,AGCTCTTCTAGTACTAAAGAGCCCTGGCGA,Spn,87.3,0.49528301886792453
CTTGCTGGAAACTTCCTGAG,ATGTCTTGCTGGAAACTTCCTGAGAGGCAG,Spn,26.1,0.9764150943396226
CTTGGTGACCTGGTGGTTAT,TTGGCTTGGTGACCTGGTGGTTATGGGATC,Spn,59.8,0.29245283018867924
CTTGTGGACCGTCAGAAGTT,TTGGCTTGTGGACCGTCAGAAGTTGGGGTT,Spn,95.9,0.05660377358490566
CTTGTTGTCACAGTGGTGGG,AGAGCTTGTTGTCACAGTGGTGGGGGGTGC,Spn,40.2,0.6509433962264151
CTTTGGGGCATGCTGGGTCC,TCCTCTTTGGGGCATGCTGGGTCCAGGTGG,Spn,3.4,0.38207547169811323
GAAACTTCCTGAGAGGCAGT,GCTGGAAACTTCCTGAGAGGCAGTAGGCTC,Spn,25.5,0.9198113207547169
GAAATGGGGTGGTGGATGCC,AAACGAAATGGGGTGGTGGATGCCTGGGCT,Spn,74.5,0.0047169811320754715
GAACTGGTTGCTGTGGTAGC,CACAGAACTGGTTGCTGTGGTAGCAGGGAG,Spn,51.8,0.07547169811320754
GAAGAGCTGAAGCCTGGGTC,ACTAGAAGAGCTGAAGCCTGGGTCGGGTCC,Spn,89.8,0.18396226415094338
GAAGAGGCCACAACCACATC,TGATGAAGAGGCCACAACCACATCAGGGGC,Spn,78.5,0.24056603773584906
GAAGGAGACCATCAGCCCCT,ACTCGAAGGAGACCATCAGCCCCTGGGGGC,Spn,16.0,0.6273584905660378
GACAATTCAGTAGTTTCCAA,AGAAGACAATTCAGTAGTTTCCAAGGGGGT,Spn,19.4,0.9433962264150944
GACAGGGGGACCACTGGTCT,TGGTGACAGGGGGACCACTGGTCTTGGAGC,Spn,45.8,0.03773584905660377
GACCCAGTAGCTGTGGTGAC,CAGAGACCCAGTAGCTGTGGTGACAGGGGG,Spn,47.2,0.5424528301886793
GACTGTCTGGGCTCGCCACC,TGCAGACTGTCTGGGCTCGCCACCTGGACC,Spn,4.0,0.6320754716981132
GAGAGTTCCAGTGTGGCCCG,TGTGGAGAGTTCCAGTGTGGCCCGTGGCAC,Spn,55.0,0.7735849056603774
GAGGCAAAAGCGGAGGACTG,GCCAGAGGCAAAAGCGGAGGACTGGGGCCC,Spn,70.3,0.5235849056603774
GAGGCAGTAGGCTCAGGTAC,CTGAGAGGCAGTAGGCTCAGGTACAGGGGT,Spn,24.5,0.41037735849056606
GAGGGCCAAAACCACCACCA,CCACGAGGGCCAAAACCACCACCAAGGCAA,Spn,65.2,0.6792452830188679
GAGTCCATGCATCTCACTCG,CAGGGAGTCCATGCATCTCACTCGAGGGCC,Spn,49.8,0.6556603773584906
GATTGGCTGCAGTGACAGGA,ACAGGATTGGCTGCAGTGACAGGAGGGTCA,Spn,31.5,0.9481132075471698
GCACCTTCTCCTCCTCTTTG,CCTTGCACCTTCTCCTCCTCTTTGGGGCAT,Spn,2.1,0.8867924528301887
GCAGCCAATCCTGTGACAGA,ACCTGCAGCCAATCCTGTGACAGACGGAAC,Spn,35.8,0.9976415094339622
GCAGCCAATCCTGTGACAGA,CACTGCAGCCAATCCTGTGACAGACGGACC,Spn,33.5,0.9976415094339622
GCATCTACATCTATCTCTAA,TGCAGCATCTACATCTATCTCTAAAGGAAC,Spn,38.3,0.7641509433962265
GCCACAACCACATCAGGGGC,AGAGGCCACAACCACATCAGGGGCAGGGGG,Spn,79.0,0.2783018867924528
GCCAGCCCATCAGTTTCTGT,GAATGCCAGCCCATCAGTTTCTGTGGGGTC,Spn,12.5,0.08490566037735849
GCCCATGCTTATTGCCTTGG,TGGTGCCCATGCTTATTGCCTTGGTGGTGG,Spn,65.0,0.4339622641509434
GCCCTGACCCTGAGCGGAGG,TGGGGCCCTGACCCTGAGCGGAGGAGGAAA,Spn,72.1,0.419811320754717
GCGGAGGAGGAAAACGAAAT,CTGAGCGGAGGAGGAAAACGAAATGGGGTG,Spn,73.2,0.5047169811320755
GCGGCCTCATCTTTGGCTTG,AGGTGCGGCCTCATCTTTGGCTTGTGGACC,Spn,97.2,0.02358490566037736
GCGGCTCTTCCTCCCCCTTC,ACAAGCGGCTCTTCCTCCCCCTTCAGGTTG,Spn,91.3,0.04716981132075472
GCTGAAGAACGTAGTGAGCG,GTCTGCTGAAGAACGTAGTGAGCGTGGGTC,Spn,84.2,0.18867924528301888
GCTGCAGGTCCGTCTGTCAC,ATTGGCTGCAGGTCCGTCTGTCACAGGATT,Spn,33.3,0.9575471698113207
GCTGCAGTTCCGTCTGTCAC,AGATGCTGCAGTTCCGTCTGTCACAGGATT,Spn,35.6,0.9386792452830188
GCTGGAAACTGAGGTGCCAC,TTCTGCTGGAAACTGAGGTGCCACGGGCCA,Spn,55.4,0.6084905660377359
GCTGGCATTCTGGGCTTCAG,ATGGGCTGGCATTCTGGGCTTCAGAGGTAC,Spn,10.2,0.8962264150943396
GCTGTGATATGTGGGGTAGA,TGGAGCTGTGATATGTGGGGTAGATGGTAG,Spn,7.6,0.8915094339622641
GCTTACTGTTGTAGCCACAG,TGGAGCTTACTGTTGTAGCCACAGAGGGTC,Spn,43.8,0.7971698113207547
GCTTGGTGACCTGGTGGTTA,CTTGGCTTGGTGACCTGGTGGTTATGGGAT,Spn,59.9,0.24528301886792453
GCTTGTGGACCGTCAGAAGT,TTTGGCTTGTGGACCGTCAGAAGTTGGGGT,Spn,96.0,0.1179245283018868
GCTTGTTGTCACAGTGGTGG,TAGAGCTTGTTGTCACAGTGGTGGGGGGTG,Spn,40.2,0.5094339622641509
GGACCCAGCATGCCCCAAAG,ACCTGGACCCAGCATGCCCCAAAGAGGAGG,Spn,2.2,0.9245283018867925
GGATTGGCTGCAGTGACAGG,CACAGGATTGGCTGCAGTGACAGGAGGGTC,Spn,31.6,0.7216981132075472
GGATTGTGGTCTGCCCCCAG,ACTGGGATTGTGGTCTGCCCCCAGGGGCTG,Spn,16.3,0.5849056603773585
GGCAGTAGGCTCAGGTACAG,GAGAGGCAGTAGGCTCAGGTACAGGGGTGC,Spn,24.3,0.7075471698113207
GGCCTCTTCATCAGGAACCC,TTGTGGCCTCTTCATCAGGAACCCGGGCTG,Spn,76.3,0.5141509433962265
GGCGCCAGAGGCAAAAGCGG,TTGTGGCGCCAGAGGCAAAAGCGGAGGACT,Spn,69.7,0.5754716981132075
GGGATCTTGGGTAGACGTCG,TTATGGGATCTTGGGTAGACGTCGTGGATG,Spn,58.2,0.6650943396226415
GGGATTGTGGTCTGCCCCCA,AACTGGGATTGTGGTCTGCCCCCAGGGGCT,Spn,16.4,0.3490566037735849
GGGCAGTGAGGATGAAGCTG,TTGTGGGCAGTGAGGATGAAGCTGTGGAAA,Spn,94.5,0.16981132075471697
GGGCCCTCGAGTGAGATGCA,TCTGGGGCCCTCGAGTGAGATGCATGGACT,Spn,50.4,0.9669811320754716
GGGGAGGAAGAGCCGCTTGT,GAAGGGGGAGGAAGAGCCGCTTGTGGGCAG,Spn,92.8,0.05188679245283019
GGGGCCCTGACCCTGAGCGG,GACTGGGGCCCTGACCCTGAGCGGAGGAGG,Spn,71.9,0.49056603773584906
GGGGTGGTGGATGCCTGGGC,AAATGGGGTGGTGGATGCCTGGGCTGGGCC,Spn,74.9,0.13679245283018868
GGGTCACTGGCTACATTTGA,AGGAGGGTCACTGGCTACATTTGATGGTTC,Spn,29.8,0.8160377358490566
GGGTCCCAACCTGAAGGGGG,GGTCGGGTCCCAACCTGAAGGGGGAGGAAG,Spn,91.5,0.27358490566037735
GGGTCGGGTCCCAACCTGAA,GCCTGGGTCGGGTCCCAACCTGAAGGGGGA,Spn,91.1,0.1650943396226415
GGGTGGTGGATGCCTGGGCT,AATGGGGTGGTGGATGCCTGGGCTGGGCCA,Spn,75.0,0.08962264150943396
GGTCAAAGAAACTGGGATTG,AGGGGGTCAAAGAAACTGGGATTGTGGTCT,Spn,17.5,0.8207547169811321
GGTCGGGTCCCAACCTGAAG,CCTGGGTCGGGTCCCAACCTGAAGGGGGAG,Spn,91.2,0.28773584905660377
GGTCTGCCCCCAGGGGCTGA,TTGTGGTCTGCCCCCAGGGGCTGATGGTCT,Spn,15.7,0.9858490566037735
GGTGCCCATGCTTATTGCCT,TACTGGTGCCCATGCTTATTGCCTTGGTGG,Spn,64.7,0.5330188679245284
GGTGGTGGTTTTGGCCCTCG,CCTTGGTGGTGGTTTTGGCCCTCGTGGCGC,Spn,66.5,0.75
GTAACATGCCACTTGATTCT,ACCAGTAACATGCCACTTGATTCTTGGCTT,Spn,61.8,0.32075471698113206
GTACTAGAAGAGCTGAAGCC,TTTAGTACTAGAAGAGCTGAAGCCTGGGTC,Spn,89.3,0.014150943396226415
GTACTGGAGACAGAAGGCTC,TGAGGTACTGGAGACAGAAGGCTCCGGGCA,Spn,82.5,0.23113207547169812
GTACTTGGAGCTGTGATATG,AGAGGTACTTGGAGCTGTGATATGTGGGGT,Spn,8.3,0.9811320754716981
GTCAGGGACAGTGGACTCGA,TGGGGTCAGGGACAGTGGACTCGAAGGAGA,Spn,14.5,0.7924528301886793
GTCGGGTCCCAACCTGAAGG,CTGGGTCGGGTCCCAACCTGAAGGGGGAGG,Spn,91.2,0.33962264150943394
GTCGTCCTCTGCAGACTGTC,CATCGTCGTCCTCTGCAGACTGTCTGGGCT,Spn,5.1,0.2169811320754717
GTGGAAACCCCAACTTCTGA,AGCTGTGGAAACCCCAACTTCTGACGGTCC,Spn,96.1,0.08018867924528301
GTGGTTGTGGCCTCTTCATC,TGATGTGGTTGTGGCCTCTTCATCAGGAAC,Spn,77.0,0.3018867924528302
GTTAGAGCTTGTTGTCACAG,TCTCGTTAGAGCTTGTTGTCACAGTGGTGG,Spn,40.7,0.7594339622641509
GTTGCCCCCTGCCCCTGATG,CCTTGTTGCCCCCTGCCCCTGATGTGGTTG,Spn,78.6,0.3113207547169811
TACCACAGCAACCAGTTCTG,CTGCTACCACAGCAACCAGTTCTGTGGAGA,Spn,53.1,0.6981132075471698
TACTAGAAGAGCTGAAGCCT,TTAGTACTAGAAGAGCTGAAGCCTGGGTCG,Spn,89.4,0.09433962264150944
TACTGCTGTTGTGGCGCCAG,GCGCTACTGCTGTTGTGGCGCCAGAGGCAA,Spn,68.7,0.6037735849056604
TACTGGAGACAGAAGGCTCC,GAGGTACTGGAGACAGAAGGCTCCGGGCAG,Spn,82.6,0.3632075471698113
TACTTGGAGCTGTGATATGT,GAGGTACTTGGAGCTGTGATATGTGGGGTA,Spn,8.2,0.7830188679245284
TATTGCCTTGGTGGTGGTTT,TGCTTATTGCCTTGGTGGTGGTTTTGGCCC,Spn,65.7,0.12735849056603774
TCACCAAGCCAAGAATCAAG,CAGGTCACCAAGCCAAGAATCAAGTGGCAT,Spn,62.0,0.8632075471698113
TCACTACGTTCTTCAGCAGA,ACGCTCACTACGTTCTTCAGCAGACGGAAG,Spn,85.6,0.22641509433962265
TCAGGGGCAGGGGGCAACAA,CACATCAGGGGCAGGGGGCAACAAGGGCTC,Spn,80.0,0.35377358490566035
TCATCCTCACTGCCCACAAG,AGCTTCATCCTCACTGCCCACAAGCGGCTC,Spn,92.9,0.12264150943396226
TCCAAGGGGGTCAAAGAAAC,AGTTTCCAAGGGGGTCAAAGAAACTGGGAT,Spn,18.2,0.0660377358490566
TCCTCCTCCGCTCAGGGTCA,GTTTTCCTCCTCCGCTCAGGGTCAGGGCCC,Spn,71.3,0.4056603773584906
TCCTCCTCTTTGGGGCATGC,CTTCTCCTCCTCTTTGGGGCATGCTGGGTC,Spn,2.8,0.6226415094339622
TCCTGAGAGGCAGTAGGCTC,AACTTCCTGAGAGGCAGTAGGCTCAGGTAC,Spn,25.0,0.44339622641509435
TCGTCCTCTGCAGACTGTCT,ATCGTCGTCCTCTGCAGACTGTCTGGGCTC,Spn,5.0,0.7358490566037735
TCGTGGCGCTACTGCTGTTG,GCCCTCGTGGCGCTACTGCTGTTGTGGCGC,Spn,67.9,0.6933962264150944
TCGTTTTCCTCCTCCGCTCA,CATTTCGTTTTCCTCCTCCGCTCAGGGTCA,Spn,71.8,0.45754716981132076
TCTGAGGTACTGGAGACAGA,GGGCTCTGAGGTACTGGAGACAGAAGGCTC,Spn,82.0,0.33490566037735847
TCTGTCACAGGATTGGCTGC,TCCGTCTGTCACAGGATTGGCTGCAGGTCC,Spn,34.6,0.5283018867924528
TCTTCATCAGGAACCCGGGC,GGCCTCTTCATCAGGAACCCGGGCTGGCCC,Spn,76.0,0.32547169811320753
TCTTCCTCCCCCTTCAGGTT,CGGCTCTTCCTCCCCCTTCAGGTTGGGACC,Spn,90.9,0.15566037735849056
TCTTCTTTGGAGACTTCTGC,ATTGTCTTCTTTGGAGACTTCTGCTGGTGC,Spn,22.1,0.839622641509434
TGAGGTGCCACGGGCCACAC,AAACTGAGGTGCCACGGGCCACACTGGAAC,Spn,54.6,0.5613207547169812
TGATTCTTGGCTTGGTGACC,CACTTGATTCTTGGCTTGGTGACCTGGTGG,Spn,60.7,0.5471698113207547
TGCACCTTCTCCTCCTCTTT,GCCTTGCACCTTCTCCTCCTCTTTGGGGCA,Spn,2.0,0.30660377358490565
TGCAGTGACAGGAGGGTCAC,TGGCTGCAGTGACAGGAGGGTCACTGGCTA,Spn,30.9,0.5377358490566038
TGCCAGCCCATCAGTTTCTG,AGAATGCCAGCCCATCAGTTTCTGTGGGGT,Spn,12.5,0.6415094339622641
TGCCTGGGCTGGGCCAGCCC,TGGATGCCTGGGCTGGGCCAGCCCGGGTTC,Spn,75.8,0.19339622641509435
TGCTCATAGAGATTGAGGTG,CTGTTGCTCATAGAGATTGAGGTGCGGCCT,Spn,98.8,0.10849056603773585
TGCTGGAAACTGAGGTGCCA,TTTCTGCTGGAAACTGAGGTGCCACGGGCC,Spn,55.5,0.25471698113207547
TGGCCTCTTCATCAGGAACC,GTTGTGGCCTCTTCATCAGGAACCCGGGCT,Spn,76.4,0.37264150943396224
TGGGATTGTGGTCTGCCCCC,AAACTGGGATTGTGGTCTGCCCCCAGGGGC,Spn,16.5,0.8349056603773585
TGGGGCATGCTGGGTCCAGG,TCTTTGGGGCATGCTGGGTCCAGGTGGCGA,Spn,3.6,0.9905660377358491
TGGGTCGGGTCCCAACCTGA,AGCCTGGGTCGGGTCCCAACCTGAAGGGGG,Spn,91.0,0.2358490566037736
TGTAGCCACAGAGGGTCCAC,CTGTTGTAGCCACAGAGGGTCCACTGGTCT,Spn,43.0,0.6462264150943396
TGTGGCGCCAGAGGCAAAAG,CTGTTGTGGCGCCAGAGGCAAAAGCGGAGG,Spn,69.4,0.7877358490566038
TGTGGTGACAGGGGGACCAC,TAGCTGTGGTGACAGGGGGACCACTGGTCT,Spn,46.3,0.47641509433962265
TGTTTTTCTGCTGGAAACTG,TGGATGTTTTTCTGCTGGAAACTGAGGTGC,Spn,56.1,0.2688679245283019
TTCAGGTTGGGACCCGACCC,CCCCTTCAGGTTGGGACCCGACCCAGGCTT,Spn,89.9,0.17452830188679244
TTCCTCCTCCGCTCAGGGTC,CGTTTTCCTCCTCCGCTCAGGGTCAGGGCC,Spn,71.4,0.4528301886792453
TTCGTTTTCCTCCTCCGCTC,CCATTTCGTTTTCCTCCTCCGCTCAGGGTC,Spn,71.9,0.3915094339622642
TTCTGGGCTTCAGAGGTACT,GGCATTCTGGGCTTCAGAGGTACTTGGAGC,Spn,9.6,0.6886792452830188
TTCTGTGGAGAGTTCCAGTG,CCAGTTCTGTGGAGAGTTCCAGTGTGGCCC,Spn,54.4,0.8254716981132075
TTCTGTGGGGTCAGGGACAG,CAGTTTCTGTGGGGTCAGGGACAGTGGACT,Spn,13.7,0.4009433962264151
TTCTTGGCTTGGTGACCTGG,TTGATTCTTGGCTTGGTGACCTGGTGGTTA,Spn,60.4,0.9528301886792453
TTGAGGTGCGGCCTCATCTT,GAGATTGAGGTGCGGCCTCATCTTTGGCTT,Spn,97.8,0.04245283018867924
TTGCACCTTCTCCTCCTCTT,GGCCTTGCACCTTCTCCTCCTCTTTGGGGC,Spn,1.9,0.3584905660377358
TTGTGGACCGTCAGAAGTTG,TGGCTTGTGGACCGTCAGAAGTTGGGGTTT,Spn,95.8,0.07075471698113207
AAAAGTATCAGTGTGTATAG,CAATAAAAGTATCAGTGTGTATAGAGGTGA,Thy1,75.9,0.7407407407407407
AAAGTAGTCGCCCTCATCCT,CACAAAAGTAGTCGCCCTCATCCTTGGTGG,Thy1,60.3,0.691358024691358
AAATGAAGTCCAGGGCTTGG,AGAGAAATGAAGTCCAGGGCTTGGAGGAGG,Thy1,94.9,0.12345679012345678
AACTTCACCACCAAGGATGA,AGCCAACTTCACCACCAAGGATGAGGGCGA,Thy1,60.5,0.9012345679012346
AAGAGGAAGCACGTGCTCTC,AGAGAAGAGGAAGCACGTGCTCTCAGGCAC,Thy1,39.1,0.3333333333333333
AAGCAGCAGCAGCAGCATCC,GGGAAAGCAGCAGCAGCAGCATCCAGGATG,Thy1,87.9,0.41975308641975306
AAGGTTTTGGTTCACCAGGC,GGCGAAGGTTTTGGTTCACCAGGCAGGCTG,Thy1,17.4,0.4444444444444444
ACACTTGACCAGCTTGTCTG,CGCCACACTTGACCAGCTTGTCTGTGGATA,Thy1,76.9,0.8641975308641975
ACAGACAAGCTGGTCAAGTG,ATCCACAGACAAGCTGGTCAAGTGTGGCGG,Thy1,79.6,0.7037037037037037
ACGTGCTCTCAGGCACCCTT,AAGCACGTGCTCTCAGGCACCCTTGGGATA,Thy1,41.1,0.5185185185185185
ACGTGTGCTCGGGTATCCCA,CGGTACGTGTGCTCGGGTATCCCAAGGGTG,Thy1,42.1,0.5432098765432098
AGCGTCGCTCTCCTGCTCTC,CATCAGCGTCGCTCTCCTGCTCTCAGGTAC,Thy1,6.5,0.2716049382716049
AGGAGAGCGACGCTGATGGC,GAGCAGGAGAGCGACGCTGATGGCTGGGTT,Thy1,2.5,0.13580246913580246
AGGATGTGTTCTGAACCAGC,ATCCAGGATGTGTTCTGAACCAGCAGGCTT,Thy1,83.8,0.8024691358024691
AGGGTAAGGACCTTGATATA,GGCTAGGGTAAGGACCTTGATATAGGGCTG,Thy1,52.8,0.7654320987654321
ATACACACTGATACTTTTAT,CTCTATACACACTGATACTTTTATTGGAGC,Thy1,72.6,0.012345679012345678
ATACTTTTATTGGAGCTCAT,ACTGATACTTTTATTGGAGCTCATGGGATT,Thy1,70.6,0.1111111111111111
ATGCTGGATGGAGTTATCCT,ACTCATGCTGGATGGAGTTATCCTTGGTGT,Thy1,27.8,0.35802469135802467
CAACTTCACCACCAAGGATG,TAGCCAACTTCACCACCAAGGATGAGGGCG,Thy1,60.3,0.8148148148148148
CACGTGCTCTCAGGCACCCT,GAAGCACGTGCTCTCAGGCACCCTTGGGAT,Thy1,40.9,0.345679012345679
CACGTGCTTCCTCTTCTCTC,AGAGCACGTGCTTCCTCTTCTCTCGGGTCA,Thy1,35.2,0.4567901234567901
CACTGCTGTGCCAGTCTTGC,AAGGCACTGCTGTGCCAGTCTTGCAGGTGT,Thy1,8.2,0.037037037037037035
CAGGCTGAACTCATGCTGGA,GGGTCAGGCTGAACTCATGCTGGATGGAGT,Thy1,30.3,0.48148148148148145
CAGGGCTTGGAGGAGGGAGA,AGTCCAGGGCTTGGAGGAGGGAGAGGGAAA,Thy1,92.8,0.20987654320987653
CAGTCTTGCAGGTGTCCCGA,GTGCCAGTCTTGCAGGTGTCCCGAGGGCAG,Thy1,10.4,0.8395061728395061
CATGGCGGCAGTCCAGGCGA,TTCTCATGGCGGCAGTCCAGGCGAAGGTTT,Thy1,21.3,0.9629629629629629
CCAGGGCTTGGAGGAGGGAG,AAGTCCAGGGCTTGGAGGAGGGAGAGGGAA,Thy1,93.0,0.09876543209876543
CCAGTCTTGCAGGTGTCCCG,TGTGCCAGTCTTGCAGGTGTCCCGAGGGCA,Thy1,10.2,0.8765432098765432
CCGCCATGAGAATAACACCA,ACTGCCGCCATGAGAATAACACCAAGGATA,Thy1,26.6,0.7901234567901234
CCTAGCCAACTTCACCACCA,TTACCCTAGCCAACTTCACCACCAAGGATG,Thy1,59.1,0.9382716049382716
CCTCGGGACACCTGCAAGAC,CTGCCCTCGGGACACCTGCAAGACTGGCAC,Thy1,8.0,0.5061728395061729
CCTCTCCCTCCTCCAAGCCC,TTTCCCTCTCCCTCCTCCAAGCCCTGGACT,Thy1,95.3,0.19753086419753085
CCTTGGTGGTGAAGTTGGCT,TCATCCTTGGTGGTGAAGTTGGCTAGGGTA,Thy1,56.9,0.7283950617283951
CCTTGGTGTTATTCTCATGG,TTATCCTTGGTGTTATTCTCATGGCGGCAG,Thy1,24.3,0.9135802469135802
CGGGAGCGGTACGTGTGCTC,GACGCGGGAGCGGTACGTGTGCTCGGGTAT,Thy1,44.2,0.5679012345679012
CGTGTGCTCGGGTATCCCAA,GGTACGTGTGCTCGGGTATCCCAAGGGTGC,Thy1,41.9,0.9753086419753086
CTCATCCTTGGTGGTGAAGT,CGCCCTCATCCTTGGTGGTGAAGTTGGCTA,Thy1,57.9,0.4691358024691358
CTCCAACCAGCCCTATATCA,CCCTCTCCAACCAGCCCTATATCAAGGTCC,Thy1,53.0,0.4074074074074074
CTGGTTGGAGAGGGTGACGC,AGGGCTGGTTGGAGAGGGTGACGCGGGAGC,Thy1,48.1,0.8888888888888888
CTTGCCCAGTACCTGAGAGC,GACCCTTGCCCAGTACCTGAGAGCAGGAGA,Thy1,6.5,0.6790123456790124
CTTGGTGGTGAAGTTGGCTA,CATCCTTGGTGGTGAAGTTGGCTAGGGTAA,Thy1,56.6,0.9876543209876543
CTTTTGTGAGCTTCAAGTCT,ACTACTTTTGTGAGCTTCAAGTCTCGGGCG,Thy1,66.5,0.08641975308641975
GAAGTCCAGGGCTTGGAGGA,AAATGAAGTCCAGGGCTTGGAGGAGGGAGA,Thy1,94.1,0.38271604938271603
GACAAGCTGGTCAAGTGTGG,CACAGACAAGCTGGTCAAGTGTGGCGGCAT,Thy1,80.2,0.9259259259259259
GACCAGCCTGACAGCCTGCC,AGGTGACCAGCCTGACAGCCTGCCTGGTGA,Thy1,16.8,0.8271604938271605
GACCTTGATATAGGGCTGGT,TAAGGACCTTGATATAGGGCTGGTTGGAGA,Thy1,51.1,0.3950617283950617
GACGCTGATGGCTGGGTTCA,GAGCGACGCTGATGGCTGGGTTCATGGTGC,Thy1,0.8,0.25925925925925924
GAGAAATGAAGTCCAGGGCT,CACAGAGAAATGAAGTCCAGGGCTTGGAGG,Thy1,95.5,0.1728395061728395
GAGCAGGAGAGCGACGCTGA,CTGAGAGCAGGAGAGCGACGCTGATGGCTG,Thy1,3.3,0.49382716049382713
GATACTTTTATTGGAGCTCA,CACTGATACTTTTATTGGAGCTCATGGGAT,Thy1,70.8,0.024691358024691357
GATATAGGGCTGGTTGGAGA,CCTTGATATAGGGCTGGTTGGAGAGGGTGA,Thy1,49.9,1.0
GCACGTGCTTCCTCTTCTCT,GAGAGCACGTGCTTCCTCTTCTCTCGGGTC,Thy1,35.4,0.07407407407407407
GCAGGTGTCCCGAGGGCAGA,TCTTGCAGGTGTCCCGAGGGCAGAAGGTGA,Thy1,11.9,0.7530864197530864
GCGGGAGCGGTACGTGTGCT,TGACGCGGGAGCGGTACGTGTGCTCGGGTA,Thy1,44.4,0.2345679012345679
GCTGGTCACCTTCTGCCCTC,TCAGGCTGGTCACCTTCTGCCCTCGGGACA,Thy1,11.2,0.6172839506172839
GCTGGTTGGAGAGGGTGACG,TAGGGCTGGTTGGAGAGGGTGACGCGGGAG,Thy1,48.3,0.2839506172839506
GCTTCCTCTTCTCTCGGGTC,ACGTGCTTCCTCTTCTCTCGGGTCAGGCTG,Thy1,34.2,0.6666666666666666
GGACTTCATTTCTCTGTGAC,CCCTGGACTTCATTTCTCTGTGACTGGTTG,Thy1,99.6,0.06172839506172839
GGAGAGCGACGCTGATGGCT,AGCAGGAGAGCGACGCTGATGGCTGGGTTC,Thy1,2.2,0.6296296296296297
GGCAGTCCAGGCGAAGGTTT,TGGCGGCAGTCCAGGCGAAGGTTTTGGTTC,Thy1,20.0,0.30864197530864196
GGCGAAGGTTTTGGTTCACC,TCCAGGCGAAGGTTTTGGTTCACCAGGCAG,Thy1,18.2,0.16049382716049382
GGCTGGTCACCTTCTGCCCT,GTCAGGCTGGTCACCTTCTGCCCTCGGGAC,Thy1,11.5,0.2222222222222222
GGGTCAGGCTGAACTCATGC,TCTCGGGTCAGGCTGAACTCATGCTGGATG,Thy1,31.1,0.8518518518518519
GGTGAACCAAAACCTTCGCC,GCCTGGTGAACCAAAACCTTCGCCTGGACT,Thy1,21.1,0.2962962962962963
GGTTCACCAGGCAGGCTGTC,TTTTGGTTCACCAGGCAGGCTGTCAGGCTG,Thy1,15.7,0.24691358024691357
GTAGTCGCCCTCATCCTTGG,AAAAGTAGTCGCCCTCATCCTTGGTGGTGA,Thy1,59.7,0.6419753086419753
GTCACAGAGAAATGAAGTCC,ACCAGTCACAGAGAAATGAAGTCCAGGGCT,Thy1,96.7,0.14814814814814814
GTGTGGCGGCATAAGCCTGC,TCAAGTGTGGCGGCATAAGCCTGCTGGTTC,Thy1,83.0,0.5925925925925926
TAAGGACCTTGATATAGGGC,AGGGTAAGGACCTTGATATAGGGCTGGTTG,Thy1,51.9,0.6049382716049383
TAGGGTAAGGACCTTGATAT,TGGCTAGGGTAAGGACCTTGATATAGGGCT,Thy1,53.0,0.654320987654321
TATCCTTGGTGTTATTCTCA,GAGTTATCCTTGGTGTTATTCTCATGGCGG,Thy1,24.9,0.5555555555555556
TATTCTCATGGCGGCAGTCC,GTGTTATTCTCATGGCGGCAGTCCAGGCGA,Thy1,22.5,0.5308641975308642
TCACAGAGAAATGAAGTCCA,CCAGTCACAGAGAAATGAAGTCCAGGGCTT,Thy1,96.5,0.18518518518518517
TCAGCCTGACCCGAGAGAAG,GAGTTCAGCCTGACCCGAGAGAAGAGGAAG,Thy1,35.6,0.7777777777777778
TGAAGTCCAGGGCTTGGAGG,GAAATGAAGTCCAGGGCTTGGAGGAGGGAG,Thy1,94.3,0.37037037037037035
TGATATAGGGCTGGTTGGAG,ACCTTGATATAGGGCTGGTTGGAGAGGGTG,Thy1,50.1,0.7160493827160493
TGCTGGTTCAGAACACATCC,AGCCTGCTGGTTCAGAACACATCCTGGATG,Thy1,86.5,0.43209876543209874
TGGAGAGGGTGACGCGGGAG,TGGTTGGAGAGGGTGACGCGGGAGCGGTAC,Thy1,47.0,0.32098765432098764
TGGTGAAGTTGGCTAGGGTA,TTGGTGGTGAAGTTGGCTAGGGTAAGGACC,Thy1,55.6,0.9506172839506173
TTCTCTATCCACAGACAAGC,CCCCTTCTCTATCCACAGACAAGCTGGTCA,Thy1,77.5,0.5802469135802469
TTTTGTGAGCTTCAAGTCTC,CTACTTTTGTGAGCTTCAAGTCTCGGGCGC,Thy1,66.7,0.04938271604938271
