sgRNA Sequence,sgRNA Context Sequence,Target Gene Symbol,Target Cut %,scaled_neg_lfc
AAAGGTCGGTTCTACGCCTT,CGACAAAGGTCGGTTCTACGCCTTTGGACG,EEF2,47.9,-1.3891687940829276
AAAGTCTGGTAGAGCTCCTC,CTGGAAAGTCTGGTAGAGCTCCTCGGGCTC,EEF2,20.0,1.1266722210183924
AACGCTCCTGCTCGTCCTTC,ATGCAACGCTCCTGCTCGTCCTTCCGGGTA,EEF2,7.1,0.6435408122841815
AACGTCATCATCTCCACCTA,CGTGAACGTCATCATCTCCACCTACGGCGA,EEF2,22.2,-0.33730169074946875
AAGCAGAGCAAGGACGGTGC,CATCAAGCAGAGCAAGGACGGTGCCGGCTT,EEF2,11.0,0.10372176715781
AAGCCCACGGTACCGAGGAC,CCCAAAGCCCACGGTACCGAGGACAGGATC,EEF2,24.2,-0.45701076985929534
AAGCGCAAGGGCCTGAAAGA,CCGCAAGCGCAAGGGCCTGAAAGAAGGCAT,EEF2,98.3,0.4491408827048546
AAGGCGCGGCCCTTCCCCGA,CATGAAGGCGCGGCCCTTCCCCGACGGCCT,EEF2,71.0,1.1217477888494876
AAGTCAGCCACCAGCCCCGA,CAGCAAGTCAGCCACCAGCCCCGAAGGGAA,EEF2,32.6,-0.48816335598296146
AAGTTCGCCGCCAAGGGGGA,GGCCAAGTTCGCCGCCAAGGGGGAGGGCCA,EEF2,27.9,-1.5499246077860191
AATGAGGTTGATGAGGAAGC,AGTCAATGAGGTTGATGAGGAAGCCGGCAC,EEF2,11.3,2.471078835169448
ACACACACTGGGGGAACGCC,TCAAACACACACTGGGGGAACGCCTGGCCG,EEF2,94.0,0.602057685811136
ACAGCCGGTTGTGCTTGTTG,ATGTACAGCCGGTTGTGCTTGTTGGGGGAC,EEF2,69.5,0.9309734869668971
ACATCATAAGAGGGCCTTTG,ATATACATCATAAGAGGGCCTTTGGGGTCA,EEF2,45.5,0.5876047968237162
ACATCTCGGCAAACTGCTTC,ACATACATCTCGGCAAACTGCTTCAGGGTG,EEF2,26.3,0.05025083011435176
ACCAGCTTGGGCAGGTCAGC,CTCCACCAGCTTGGGCAGGTCAGCCGGGTT,EEF2,60.0,-0.4807267945490646
ACCCAAAGCCCACGGTACCG,CCAGACCCAAAGCCCACGGTACCGAGGACA,EEF2,24.4,-0.19140836751157375
ACCGGGCAGGCACTCACCAA,CCACACCGGGCAGGCACTCACCAAAGGACT,EEF2,92.5,1.3503989076750451
ACCTACGGCGAGGGCGAGAG,CTCCACCTACGGCGAGGGCGAGAGCGGCCC,EEF2,22.8,-1.4552895647666342
ACCTCACCTGGATCTCCACA,GTAGACCTCACCTGGATCTCCACAAGGTAG,EEF2,86.9,1.7280982259004363
ACCTGCCCAAGCTGGTGGAG,GCTGACCTGCCCAAGCTGGTGGAGGGGCTG,EEF2,60.7,-0.3860207447956898
ACCTGGCCGAGAAGTACGAG,CGCTACCTGGCCGAGAAGTACGAGTGGGAC,EEF2,74.4,-0.8706830353094759
ACGCTTCACTGATACCCGGA,AGACACGCTTCACTGATACCCGGAAGGACG,EEF2,6.9,1.6567958363492334
ACTGGCGCCTCACCTTGATG,GGTCACTGGCGCCTCACCTTGATGGGGATG,EEF2,66.3,0.2542012900128512
ACTGTGTGAGGAGAACATGC,GCGCACTGTGTGAGGAGAACATGCGGGGTG,EEF2,81.1,1.8603434222193134
ACTTTCTTGGCCCGCTCGGC,CTCTACTTTCTTGGCCCGCTCGGCAGGCCC,EEF2,28.8,-1.8762051580550165
AGAAGGCAAACCCCTGCTGA,ACAAAGAAGGCAAACCCCTGCTGAAGGTGC,EEF2,39.0,1.1171130138446437
AGACACGCTTCACTGATACC,GGGGAGACACGCTTCACTGATACCCGGAAG,EEF2,6.8,0.9375867186378771
AGACTCCCTGGTGTGCAAGG,TGACAGACTCCCTGGTGTGCAAGGCGGGCA,EEF2,4.8,-0.5141808603593965
AGAGAAACTGGACATCAAAC,TGATAGAGAAACTGGACATCAAACTGGACA,EEF2,37.4,0.5886673979176051
AGAGGCAGCGCCGTGCTGTG,GCATAGAGGCAGCGCCGTGCTGTGGGGATG,EEF2,84.2,0.7924998517903893
AGAGGTCCTCCTTCTTCCCA,AGGTAGAGGTCCTCCTTCTTCCCAGGGGTA,EEF2,50.8,0.40290235449618444
AGATGGGGTCCAGGATCAGC,TTGAAGATGGGGTCCAGGATCAGCTGGCAG,EEF2,34.0,1.203216384142709
AGCAAAACTGATAGAGAAAC,AGACAGCAAAACTGATAGAGAAACTGGACA,EEF2,36.9,-1.6261996436540784
AGCCGGGTTCTTGGCCTCCA,GGTCAGCCGGGTTCTTGGCCTCCACGGCCA,EEF2,59.3,0.3846339052629099
AGCGAGGACAAGGACAAAGA,GGACAGCGAGGACAAGGACAAAGAAGGCAA,EEF2,38.4,0.3658297897965332
AGCTGGTGGAGGGGCTGAAG,CCCAAGCTGGTGGAGGGGCTGAAGCGGCTG,EEF2,61.0,-0.14628065653349598
AGGACATGATGAAGAAGCTG,GTAGAGGACATGATGAAGAAGCTGTGGGGT,EEF2,30.2,0.6395677593775249
AGGAGAAGTCGACATGCCCG,TCCGAGGAGAAGTCGACATGCCCGGGGGAG,EEF2,12.4,-2.117985818934309
AGGCCCACAATGTTCCCACA,CACGAGGCCCACAATGTTCCCACAAGGCAC,EEF2,54.2,0.8638429797116755
AGGCCTTGACCACAAACATG,AGATAGGCCTTGACCACAAACATGGGGGTG,EEF2,90.9,-0.21727355926148814
AGGTACTTTGACCCAGCCAA,TGCCAGGTACTTTGACCCAGCCAACGGCAA,EEF2,31.3,-0.5746649558919891
AGGTGGTCGGTGGCATCTAC,GAGCAGGTGGTCGGTGGCATCTACGGGGTT,EEF2,88.4,1.1329934593591595
AGTCACCGATGGCGCATTGG,TCCGAGTCACCGATGGCGCATTGGTGGTGG,EEF2,14.6,0.5906421179049894
AGTCAGCCACCAGCCCCGAA,AGCAAGTCAGCCACCAGCCCCGAAGGGAAG,EEF2,32.6,-0.341060094429296
AGTCCCCCAACAAGCACAAC,TCCAAGTCCCCCAACAAGCACAACCGGCTG,EEF2,69.7,0.9534517847928052
AGTGGTCAAACACACACTGG,TGCCAGTGGTCAAACACACACTGGGGGAAC,EEF2,94.4,0.6813294386413874
ATACATCATAAGAGGGCCTT,AAATATACATCATAAGAGGGCCTTTGGGGT,EEF2,45.6,-1.515818189556655
ATAGAGGCAGCGCCGTGCTG,TGGCATAGAGGCAGCGCCGTGCTGTGGGGA,EEF2,84.3,0.28391531945887305
ATAGGCCTTGACCACAAACA,GCAGATAGGCCTTGACCACAAACATGGGGG,EEF2,91.0,-0.10520968022155688
ATCAACCTCATTGACTCCCC,CCTCATCAACCTCATTGACTCCCCCGGGCA,EEF2,12.2,1.9485797386069998
ATCAAGGACAGTGTGGTGGC,CGAGATCAAGGACAGTGTGGTGGCCGGCTT,EEF2,79.1,0.07558272998403244
ATCACCCAGCTGCTCACCTC,GCACATCACCCAGCTGCTCACCTCTGGATT,EEF2,52.2,1.4416724565992018
ATCAGCTGGCAGAAGGTGCG,CAGGATCAGCTGGCAGAAGGTGCGTGGCAG,EEF2,33.4,0.1516627474896074
ATCAGTGAAGCGTGTCTCCC,GGGTATCAGTGAAGCGTGTCTCCCCGGCCC,EEF2,6.1,0.7849976338324346
ATCATCGCCTCGGCCCGGGC,GGGCATCATCGCCTCGGCCCGGGCCGGGGA,EEF2,5.8,0.42234136743237993
ATCATCTCCACCTACGGCGA,CGTCATCATCTCCACCTACGGCGAGGGCGA,EEF2,22.4,-1.0610730717538774
ATCCTCACCGACATCACCAA,CAACATCCTCACCGACATCACCAAGGGTGT,EEF2,77.5,2.689604433377001
ATCTGGTGCTTTGGGCCCGA,CAAGATCTGGTGCTTTGGGCCCGACGGCAC,EEF2,76.1,-0.6778166242357168
ATCTTGTTCATCATCAGCAC,GTCCATCTTGTTCATCATCAGCACAGGCTT,EEF2,17.9,0.7630541816816389
ATGCCACCGACCACCTGCTC,GTAGATGCCACCGACCACCTGCTCTGGACA,EEF2,87.7,-0.20618105328949546
ATGCGCCATCGGTGACTCGG,ACCAATGCGCCATCGGTGACTCGGAGGGCA,EEF2,13.9,0.9952156244832783
ATGGCAGCCTCGTCGTCCGG,ACCCATGGCAGCCTCGTCGTCCGGGGGCCC,EEF2,43.9,0.4512033522847512
ATGGGGCCCAACTATACCCC,GATCATGGGGCCCAACTATACCCCTGGGAA,EEF2,50.6,-0.4864726350397501
ATGGTGCCAACCTCCGACAA,CAAAATGGTGCCAACCTCCGACAAAGGTCG,EEF2,47.2,-0.4169664723077629
ATGTCCTCGGCCAGGCCGTC,ATCGATGTCCTCGGCCAGGCCGTCGGGGAA,EEF2,71.1,-1.6364460107554977
ATGTTGGGGCCGGTGCCGTC,GAGGATGTTGGGGCCGGTGCCGTCGGGCCC,EEF2,76.3,-0.32715075609692756
ATTAAAAGCTGTGACCCCAA,AGGCATTAAAAGCTGTGACCCCAAAGGCCC,EEF2,45.4,0.18954944496673742
ATTTGTCCAGGAAGTTGTCC,TACAATTTGTCCAGGAAGTTGTCCAGGGCA,EEF2,99.1,-1.198009679566245
CAAACTGGACAGCGAGGACA,ACATCAAACTGGACAGCGAGGACAAGGACA,EEF2,38.0,-1.3946208699881355
CAACAGCAGCCGCCCCAGCC,TCGACAACAGCAGCCGCCCCAGCCAGGTGG,EEF2,96.8,-0.8473110231720278
CAACGAGATCAAGGACAGTG,ACCTCAACGAGATCAAGGACAGTGTGGTGG,EEF2,78.9,-0.9849648499612718
CAACTATACCCCTGGGAAGA,GGCCCAACTATACCCCTGGGAAGAAGGAGG,EEF2,50.9,0.08556931218050963
CAACTGGCCCTCCCCCTTGG,GCCCCAACTGGCCCTCCCCCTTGGCGGCGA,EEF2,27.7,-0.5928555738073152
CAACTTCCTGGACAAATTGT,TGGACAACTTCCTGGACAAATTGTAGGCGG,EEF2,99.8,-0.6988932428802093
CAAGATGGACCGCGCCCTGC,TGAACAAGATGGACCGCGCCCTGCTGGAGC,EEF2,19.0,0.34806564710581317
CAAGCAGCGGGCGCGCTACC,AGCTCAAGCAGCGGGCGCGCTACCTGGCCG,EEF2,73.7,-0.19284142643289778
CAAGGTAGATGGGCTCCATG,TCCACAAGGTAGATGGGCTCCATGAGGCGT,EEF2,86.2,1.8290501362373377
CAAGTCCGACCCCATGGTGC,TGGCCAAGTCCGACCCCATGGTGCAGGTGG,EEF2,62.1,0.20651727552115723
CAAGTTCGCCGCCAAGGGGG,TGGCCAAGTTCGCCGCCAAGGGGGAGGGCC,EEF2,27.9,-1.5607109829973933
CACAGGGGAGGGCAGGTGGA,CCGTCACAGGGGAGGGCAGGTGGATGGTGA,EEF2,41.5,1.0696639994064183
CACCACCACCAATGCGCCAT,AGTCCACCACCACCAATGCGCCATCGGTGA,EEF2,14.4,0.6289677008582841
CACCAGGGAGTCTGTCAGCG,TGCACACCAGGGAGTCTGTCAGCGTGGACT,EEF2,4.0,0.2408228094384562
CACCCCCATGTTTGTGGTCA,CCGGCACCCCCATGTTTGTGGTCAAGGCCT,EEF2,91.2,-2.2272802505865763
CACCCTTGGTGATGTCGGTG,TGCACACCCTTGGTGATGTCGGTGAGGATG,EEF2,77.1,-2.2430049709031192
CACCGATGGCGCATTGGTGG,GAGTCACCGATGGCGCATTGGTGGTGGTGG,EEF2,14.7,-1.8419797379492342
CACCTTCTGCCAGCTGATCC,CACGCACCTTCTGCCAGCTGATCCTGGACC,EEF2,34.0,-0.6692331054315017
CACGCCGACGCCATCCACCG,CCTGCACGCCGACGCCATCCACCGCGGAGG,EEF2,83.2,-0.47060964382382875
CACGTCCCACTCGTACTTCT,CAGCCACGTCCCACTCGTACTTCTCGGCCA,EEF2,74.2,0.07066214129342299
CACTGGCGCCTCACCTTGAT,TGGTCACTGGCGCCTCACCTTGATGGGGAT,EEF2,66.4,-1.0695584033476426
CACTGTCCTTGATCTCGTTG,ACCACACTGTCCTTGATCTCGTTGAGGTAC,EEF2,78.3,0.04853778320928958
CAGCACAGGCTTGATGCGCT,TCATCAGCACAGGCTTGATGCGCTCGGCAA,EEF2,17.4,-0.7011965978349946
CAGCCGCCCCAGCCAGGTGG,ACAGCAGCCGCCCCAGCCAGGTGGTGGCGG,EEF2,97.0,0.8358218690712148
CAGCCGGTTGTGCTTGTTGG,TGTACAGCCGGTTGTGCTTGTTGGGGGACT,EEF2,69.4,0.3568579626515068
CAGCTTCTTCCCTTCGGGGC,GTGGCAGCTTCTTCCCTTCGGGGCTGGTGG,EEF2,32.5,-0.9824047019557318
CAGGCTTCACCGCTGACCTG,TCTGCAGGCTTCACCGCTGACCTGAGGTCC,EEF2,93.0,0.2277473205746626
CAGGTGGTCGGTGGCATCTA,AGAGCAGGTGGTCGGTGGCATCTACGGGGT,EEF2,88.3,-0.4734474317214843
CAGTGCATCATCGAGGAGTC,CTTTCAGTGCATCATCGAGGAGTCGGGAGA,EEF2,62.8,-0.44261916341070223
CAGTGGTCAAACACACACTG,CTGCCAGTGGTCAAACACACACTGGGGGAA,EEF2,94.4,2.9198168671857943
CAGTGTCCAGAGCAGGTGGT,CTGGCAGTGTCCAGAGCAGGTGGTCGGTGG,EEF2,87.9,-1.0158381614205543
CATCATCTCCACCTACGGCG,ACGTCATCATCTCCACCTACGGCGAGGGCG,EEF2,22.4,-1.5930538294776413
CATCATGTCCTCTACTTTCT,TCTTCATCATGTCCTCTACTTTCTTGGCCC,EEF2,29.3,-0.4196885495427906
CATCCTCACCGACATCACCA,CCAACATCCTCACCGACATCACCAAGGGTG,EEF2,77.5,2.3486828852150956
CATCGCCTCGGCCCGGGCCG,GCATCATCGCCTCGGCCCGGGCCGGGGAGA,EEF2,5.9,-1.5169592330604993
CATCTACCTTGTGGAGATCC,AGCCCATCTACCTTGTGGAGATCCAGGTGA,EEF2,87.1,1.3191456058609077
CATCTCGGCAAACTGCTTCA,CATACATCTCGGCAAACTGCTTCAGGGTGA,EEF2,26.2,-0.16034478848073108
CATGCCCGGGGGAGTCAATG,TCGACATGCCCGGGGGAGTCAATGAGGTTG,EEF2,12.0,0.5466642120356995
CATGGAGCCCATCTACCTTG,GCCTCATGGAGCCCATCTACCTTGTGGAGA,EEF2,86.8,1.5517546974576866
CATGGCAGCCTCGTCGTCCG,TACCCATGGCAGCCTCGTCGTCCGGGGGCC,EEF2,43.9,-0.15941035258540204
CATGGGGGTGCCGGCCACCT,CAAACATGGGGGTGCCGGCCACCTGGGACT,EEF2,90.3,-0.5662752483979677
CATGTCTGTCATCGCCCACG,GCAACATGTCTGTCATCGCCCACGTGGACC,EEF2,3.1,-0.5283171977278004
CATGTTGTGCGCGTGCTCGA,CCCGCATGTTGTGCGCGTGCTCGAAGGTGG,EEF2,56.8,0.7678092707888772
CATTGTGGGCCTCGTGGGCG,GGAACATTGTGGGCCTCGTGGGCGTGGACC,EEF2,55.1,-2.0123434650815617
CCAAGGGGGAGGGCCAGTTG,GCCGCCAAGGGGGAGGGCCAGTTGGGGCCT,EEF2,28.3,-1.18827159282693
CCAATGCGCCATCGGTGACT,ACCACCAATGCGCCATCGGTGACTCGGAGG,EEF2,14.0,1.0580659540654518
CCACAAGGCACATCCTCGAT,GTTCCCACAAGGCACATCCTCGATGGGCTC,EEF2,53.7,-0.2740055128195618
CCACCGGGACCACGTACCCA,CCGGCCACCGGGACCACGTACCCATGGCAG,EEF2,44.6,0.7526826043798313
CCACCTGCCCTCCCCTGTGA,CCATCCACCTGCCCTCCCCTGTGACGGCCC,EEF2,42.1,0.560537601421147
CCACGATGCGCTGGAAAGTC,TTCTCCACGATGCGCTGGAAAGTCTGGTAG,EEF2,20.6,0.034187064288763926
CCACGCCTGCATCCCCATCA,AGGACCACGCCTGCATCCCCATCAAGGTGA,EEF2,66.3,0.9271980582033024
CCACGGCCACTCTGACAACA,GCCTCCACGGCCACTCTGACAACAGGGCTG,EEF2,58.6,2.6288207829167236
CCACGTGTTCGAGGAGTCCC,GGGGCCACGTGTTCGAGGAGTCCCAGGTGG,EEF2,90.0,-0.6505005315948315
CCAGACTTTCCAGCGCATCG,TCTACCAGACTTTCCAGCGCATCGTGGAGA,EEF2,21.0,-1.2450163919635024
CCAGCTGCTCACCTCTGGAT,TCACCCAGCTGCTCACCTCTGGATTGGCTT,EEF2,52.0,1.74031465778115
CCAGCTTGGGCAGGTCAGCC,TCCACCAGCTTGGGCAGGTCAGCCGGGTTC,EEF2,59.9,-2.124918022151412
CCAGGAAGTTGTCCAGGGCA,TTGTCCAGGAAGTTGTCCAGGGCAGGGATG,EEF2,98.9,-0.407593291276703
CCAGGCCGCACCTTCAGCAG,GGGCCCAGGCCGCACCTTCAGCAGGGGTTT,EEF2,39.0,0.3782309825772078
CCAGTGGTCAAACACACACT,TCTGCCAGTGGTCAAACACACACTGGGGGA,EEF2,94.5,1.7905646619884974
CCAGTTGGGGCCTGCCGAGC,AGGGCCAGTTGGGGCCTGCCGAGCGGGCCA,EEF2,28.8,-0.5350568454691339
CCATCGAGGATGTGCCTTGT,GAGCCCATCGAGGATGTGCCTTGTGGGAAC,EEF2,54.1,0.5452755049718725
CCCAAAGCACCAGATCTTGC,CGGGCCCAAAGCACCAGATCTTGCGGGCCT,EEF2,75.4,0.4362454437544052
CCCACAAGGCACATCCTCGA,TGTTCCCACAAGGCACATCCTCGATGGGCT,EEF2,53.7,0.8512051383151956
CCCACTCGTACTTCTCGGCC,ACGTCCCACTCGTACTTCTCGGCCAGGTAG,EEF2,74.0,-0.8567076800574105
CCCAGGCCGCACCTTCAGCA,TGGGCCCAGGCCGCACCTTCAGCAGGGGTT,EEF2,39.0,0.8261685450665974
CCCAGGCGTGTGCGTGCAGA,TGTCCCCAGGCGTGTGCGTGCAGACGGAGA,EEF2,16.0,0.36587766514303854
CCCAGTGTGTGTTTGACCAC,TTCCCCCAGTGTGTGTTTGACCACTGGCAG,EEF2,94.9,0.6629670403978226
CCCATCGAGGATGTGCCTTG,GGAGCCCATCGAGGATGTGCCTTGTGGGAA,EEF2,54.1,0.2067500586743395
CCCATGGCAGCCTCGTCGTC,CGTACCCATGGCAGCCTCGTCGTCCGGGGG,EEF2,44.0,-1.9221285643206856
CCCCAACTGGCCCTCCCCCT,CAGGCCCCAACTGGCCCTCCCCCTTGGCGG,EEF2,27.9,-1.5442078578999374
CCCCCAGGGCGCACTGTGTG,CCCTCCCCCAGGGCGCACTGTGTGAGGAGA,EEF2,80.6,0.02664930816373266
CCCCGAGAAGACTCGTCCAA,CCAGCCCCGAGAAGACTCGTCCAAAGGCGT,EEF2,48.1,1.145905488170864
CCCGCAAGATCTGGTGCTTT,GAGGCCCGCAAGATCTGGTGCTTTGGGCCC,EEF2,75.8,-0.8338857050534279
CCCGCTGCTTGAGCTCCTGA,CGCGCCCGCTGCTTGAGCTCCTGACGGGCG,EEF2,72.8,-0.8203336047604548
CCCGGACGACGAGGCTGCCA,GGCCCCCGGACGACGAGGCTGCCATGGGTA,EEF2,44.4,-0.026258673334275406
CCCGGCTGACCTGCCCAAGC,AGAACCCGGCTGACCTGCCCAAGCTGGTGG,EEF2,60.3,0.4766654702518595
CCCGTCAGGAGCTCAAGCAG,TCCGCCCGTCAGGAGCTCAAGCAGCGGGCG,EEF2,73.2,-0.9866773183129632
CCCTCACTCACCTTGAAGAT,GCAGCCCTCACTCACCTTGAAGATGGGGTC,EEF2,34.6,0.5146633983496959
CCCTCCGCGGTGGATGGCGT,GGCCCCCTCCGCGGTGGATGGCGTCGGCGT,EEF2,82.9,-0.9994782507582549
CCCTGTTGTCAGAGTGGCCG,TCAGCCCTGTTGTCAGAGTGGCCGTGGAGG,EEF2,59.1,0.15010729927073488
CCGACGCCATCCACCGCGGA,CACGCCGACGCCATCCACCGCGGAGGGGGC,EEF2,83.4,0.17436135544381326
CCGAGTCACCGATGGCGCAT,CCCTCCGAGTCACCGATGGCGCATTGGTGG,EEF2,14.5,-0.061919309368494185
CCGCCACCACCTGGCTGGGG,GTCTCCGCCACCACCTGGCTGGGGCGGCTG,EEF2,96.7,0.8401409100434151
CCGCCCCAGCCAGGTGGTGG,GCAGCCGCCCCAGCCAGGTGGTGGCGGAGA,EEF2,97.1,-0.30520062720158964
CCGCGCCATCATGGACAAGA,AGATCCGCGCCATCATGGACAAGAAGGCCA,EEF2,1.7,2.811212753019096
CCGCTACGTGGAGCCCATCG,TGGGCCGCTACGTGGAGCCCATCGAGGATG,EEF2,53.6,-0.04885538536623341
CCGCTGCGAGCTCCTGTACG,AGTACCGCTGCGAGCTCCTGTACGAGGGGC,EEF2,43.3,1.1607516341658461
CCGGACGACGAGGCTGCCAT,GCCCCCGGACGACGAGGCTGCCATGGGTAC,EEF2,44.4,0.8567943667874763
CCGTACCATGATGTTGCCCA,AGGGCCGTACCATGATGTTGCCCATGGGGC,EEF2,23.3,-1.2038963785960708
CCGTCACAGGGGAGGGCAGG,TGGGCCGTCACAGGGGAGGGCAGGTGGATG,EEF2,41.6,-0.17515298314196856
CCGTCAGGAGCTCAAGCAGC,CCGCCCGTCAGGAGCTCAAGCAGCGGGCGC,EEF2,73.3,-0.34838771748133635
CCTCACCTTGATGGGGATGC,GGCGCCTCACCTTGATGGGGATGCAGGCGT,EEF2,66.0,-0.2824311486025588
CCTCACTCACCTTGAAGATG,CAGCCCTCACTCACCTTGAAGATGGGGTCC,EEF2,34.5,0.4009453199467415
CCTCGATGGGCTCCACGTAG,ACATCCTCGATGGGCTCCACGTAGCGGCCC,EEF2,53.2,0.8717653267434748
CCTCGTACAGGAGCTCGCAG,GGCCCCTCGTACAGGAGCTCGCAGCGGTAC,EEF2,42.9,-1.567551854038178
CCTGGGACTCCTCGAACACG,GCCACCTGGGACTCCTCGAACACGTGGCCC,EEF2,89.6,-0.03544212119575789
CCTTGATGGGGATGCAGGCG,CTCACCTTGATGGGGATGCAGGCGTGGTCC,EEF2,65.9,-1.9084623893079877
CCTTTGGACGAGTCTTCTCG,TACGCCTTTGGACGAGTCTTCTCGGGGCTG,EEF2,48.5,0.10355116695090646
CGACGCCATCCACCGCGGAG,ACGCCGACGCCATCCACCGCGGAGGGGGCC,EEF2,83.4,-0.029370682764836023
CGAGAAGTACGAGTGGGACG,TGGCCGAGAAGTACGAGTGGGACGTGGCTG,EEF2,74.7,-0.6424244918963635
CGAGATCAAGGACAGTGTGG,TCAACGAGATCAAGGACAGTGTGGTGGCCG,EEF2,79.0,0.36841122660958414
CGAGCACGCGCACAACATGC,CCTTCGAGCACGCGCACAACATGCGGGTGA,EEF2,57.4,1.0215063510174853
CGAGGAGAAGTCGACATGCC,CCTCCGAGGAGAAGTCGACATGCCCGGGGG,EEF2,12.5,-1.946462026363197
CGAGGGCGAGAGCGGCCCCA,ACGGCGAGGGCGAGAGCGGCCCCATGGGCA,EEF2,23.1,-1.3276800056549454
CGAGGGGCCCCCGGACGACG,TGTACGAGGGGCCCCCGGACGACGAGGCTG,EEF2,44.0,-0.6026878001687617
CGATCCTGTCCTCGGTACCG,AGATCGATCCTGTCCTCGGTACCGTGGGCT,EEF2,24.5,-0.017003579152459803
CGATGGCGCATTGGTGGTGG,TCACCGATGGCGCATTGGTGGTGGTGGACT,EEF2,14.8,0.5005715191776432
CGCAGGCTGTGATGCGCCGC,CCCCCGCAGGCTGTGATGCGCCGCTGGCTG,EEF2,39.7,-0.3818447854637551
CGCCAAGGGGGAGGGCCAGT,TCGCCGCCAAGGGGGAGGGCCAGTTGGGGC,EEF2,28.2,-0.9962037510963189
CGCCTTTGGACGAGTCTTCT,TCTACGCCTTTGGACGAGTCTTCTCGGGGC,EEF2,48.5,-2.2168976588996525
CGCGTGCTCGAAGGTGGTGA,TGTGCGCGTGCTCGAAGGTGGTGATGGTGC,EEF2,56.5,-0.033021888039745435
CGCTGACCTGAGGTCCAACA,TCACCGCTGACCTGAGGTCCAACACGGGCG,EEF2,93.4,0.07181099534331732
CGGCGTGCAGGGTGACGTCG,GCGTCGGCGTGCAGGGTGACGTCGTGGACG,EEF2,82.1,-0.5684038978793986
CGGCTTCCAGTGGGCCACCA,TGGCCGGCTTCCAGTGGGCCACCAAGGAGG,EEF2,79.9,-0.13039582091718827
CGGGCATCATCGCCTCGGCC,AAGGCGGGCATCATCGCCTCGGCCCGGGCC,EEF2,5.6,-1.9548107196880058
CGGGCATGTCGACTTCTCCT,CCCCCGGGCATGTCGACTTCTCCTCGGAGG,EEF2,13.0,1.8320068307389323
CGGTACTTCTGGGCCGTCAC,GCAGCGGTACTTCTGGGCCGTCACAGGGGA,EEF2,42.1,-0.7064078254994404
CGGTCAGCACACTGGCATAG,TGGGCGGTCAGCACACTGGCATAGAGGCAG,EEF2,84.9,-2.5580049404429093
CGTACCATGATGTTGCCCAT,GGGCCGTACCATGATGTTGCCCATGGGGCC,EEF2,23.3,-1.2185675398926241
CGTCAGCCCTGTTGTCAGAG,TCAGCGTCAGCCCTGTTGTCAGAGTGGCCG,EEF2,58.8,-0.25354432449570347
CGTCCGGGGGCCCCTCGTAC,TCGTCGTCCGGGGGCCCCTCGTACAGGAGC,EEF2,43.4,0.7138387553139506
CGTGGCAGCTTCTTCCCTTC,GGTGCGTGGCAGCTTCTTCCCTTCGGGGCT,EEF2,32.7,-0.6658376760890408
CGTGGGCGTGGACCAGTTCC,GCCTCGTGGGCGTGGACCAGTTCCTGGTGA,EEF2,55.6,-0.4231098410331193
CGTGTTCGAGGAGTCCCAGG,GCCACGTGTTCGAGGAGTCCCAGGTGGCCG,EEF2,90.1,0.352084505794031
CGTGTTGGACCTCAGGTCAG,CGCCCGTGTTGGACCTCAGGTCAGCGGTGA,EEF2,92.9,1.2714399244708243
CTATACCCCTGGGAAGAAGG,CCAACTATACCCCTGGGAAGAAGGAGGACC,EEF2,51.0,-0.6797967408539644
CTCACCAAAGGACTCGTTGA,GGCACTCACCAAAGGACTCGTTGACGGGCA,EEF2,92.0,0.4182931125819353
CTCACCTCTGGATTGGCTTC,GCTGCTCACCTCTGGATTGGCTTCAGGTAG,EEF2,51.8,-0.39906076549056957
CTCCAGCTGCAGCTCCAGCA,CGGGCTCCAGCTGCAGCTCCAGCAGGGCGC,EEF2,19.1,0.2632088321808178
CTCCATGAGGCGTGGCTGGG,TGGGCTCCATGAGGCGTGGCTGGGCGGTCA,EEF2,85.7,0.4598624783836317
CTCCCCCTTGGCGGCGAACT,GGCCCTCCCCCTTGGCGGCGAACTTGGCCA,EEF2,27.4,-0.12597995024349726
CTCCCTCTTCTACGAGCTCT,CCATCTCCCTCTTCTACGAGCTCTCGGAGA,EEF2,9.4,0.43462713105995127
CTCCGAGAGCTCGTAGAAGA,CATTCTCCGAGAGCTCGTAGAAGAGGGAGA,EEF2,9.0,-0.5841046624185614
CTCCGGGCAGGATCTGCCAG,GGGTCTCCGGGCAGGATCTGCCAGTGGTCA,EEF2,95.1,1.168524235672915
CTCCGTGCCCACCTGCACCA,TGCACTCCGTGCCCACCTGCACCATGGGGT,EEF2,62.1,1.135825299149539
CTCGCCTTTATCGATGTCCT,ACACCTCGCCTTTATCGATGTCCTCGGCCA,EEF2,71.6,0.40562120340665225
CTCGGCCAGGCCGTCGGGGA,TGTCCTCGGCCAGGCCGTCGGGGAAGGGCC,EEF2,70.9,-1.0446963957625839
CTCTACTTTCTTGGCCCGCT,TGTCCTCTACTTTCTTGGCCCGCTCGGCAG,EEF2,28.9,-1.2577027553609785
CTGCACACCCTTGGTGATGT,GGTACTGCACACCCTTGGTGATGTCGGTGA,EEF2,77.3,0.8252196349976023
CTGCACCATGGGGTCGGACT,CCACCTGCACCATGGGGTCGGACTTGGCCA,EEF2,61.6,0.1627156321169673
CTGCCCGTCAACGAGTCCTT,CTATCTGCCCGTCAACGAGTCCTTTGGTGA,EEF2,92.3,0.37339279745404125
CTGCCTGAAGGACCTGGAGG,AGATCTGCCTGAAGGACCTGGAGGAGGACC,EEF2,65.3,-0.45871296842126175
CTGCTTGAGCTCCTGACGGG,CCCGCTGCTTGAGCTCCTGACGGGCGGACA,EEF2,72.7,-0.7798204256074193
CTGGATCTCCACAAGGTAGA,TCACCTGGATCTCCACAAGGTAGATGGGCT,EEF2,86.7,0.5415466574771695
CTGGCAGTGTCCAGAGCAGG,CCTTCTGGCAGTGTCCAGAGCAGGTGGTCG,EEF2,87.7,0.18505669727516297
CTGGCCCCCTCCGCGGTGGA,TGATCTGGCCCCCTCCGCGGTGGATGGCGT,EEF2,83.2,-0.7697853571409273
CTGTCAGCGTGGACTTGCCA,GAGTCTGTCAGCGTGGACTTGCCATGGTCC,EEF2,3.6,-0.7741723821139352
CTGTGTGAGGAGAACATGCG,CGCACTGTGTGAGGAGAACATGCGGGGTGT,EEF2,81.1,0.7723790910439909
CTGTTGTCGAAGGGGTCTCC,GCTGCTGTTGTCGAAGGGGTCTCCGGGCAG,EEF2,95.7,0.37459399894414497
CTTCAGCCCCTCCACCAGCT,GCCGCTTCAGCCCCTCCACCAGCTTGGGCA,EEF2,60.5,1.8325301669986258
CTTCCAGTGGGCCACCAAGG,CCGGCTTCCAGTGGGCCACCAAGGAGGTGA,EEF2,80.0,0.05832489788967446
CTTCCCCGACGGCCTGGCCG,GGCCCTTCCCCGACGGCCTGGCCGAGGACA,EEF2,71.4,-2.2032196784837894
CTTCTGGGCCGTCACAGGGG,GGTACTTCTGGGCCGTCACAGGGGAGGGCA,EEF2,41.9,-0.04434137673665074
CTTCTTCCCAGGGGTATAGT,CCTCCTTCTTCCCAGGGGTATAGTTGGGCC,EEF2,50.4,-0.39804175932937336
CTTCTTCCCTTCGGGGCTGG,GCAGCTTCTTCCCTTCGGGGCTGGTGGCTG,EEF2,32.4,-1.1721258367544647
CTTGATGATGGGCCGCTACG,CAATCTTGATGATGGGCCGCTACGTGGAGC,EEF2,53.1,-0.029829835333359707
CTTGGTGGCCCACTGGAAGC,CCTCCTTGGTGGCCCACTGGAAGCCGGCCA,EEF2,79.4,0.9473953707510261
CTTTATCGATGTCCTCGGCC,TCGCCTTTATCGATGTCCTCGGCCAGGCCG,EEF2,71.4,-1.0143544512206426
CTTTCAGGCCCTTGCGCTTG,CCTTCTTTCAGGCCCTTGCGCTTGCGGGTC,EEF2,97.7,-1.358982711971171
GAAAGAAGGCATCCCTGCCC,GCCTGAAAGAAGGCATCCCTGCCCTGGACA,EEF2,98.9,0.47400050414184525
GAAAGTCTGGTAGAGCTCCT,GCTGGAAAGTCTGGTAGAGCTCCTCGGGCT,EEF2,20.1,0.5455159626609616
GAACGCCTGGCCGCCCGTGT,GGGGGAACGCCTGGCCGCCCGTGTTGGACC,EEF2,93.5,1.2644050334694383
GAACTTGGCCACATACATCT,CGGCGAACTTGGCCACATACATCTCGGCAA,EEF2,26.8,0.5963845930300242
GAAGCGGGGCCACGTGTTCG,ACAGGAAGCGGGGCCACGTGTTCGAGGAGT,EEF2,89.7,-1.9723033371428829
GAAGCGTGTCTCCCCGGCCC,CAGTGAAGCGTGTCTCCCCGGCCCGGGCCG,EEF2,5.9,0.018990660992325808
GACAGACATGTTGCGGATGT,CGATGACAGACATGTTGCGGATGTTGGCCT,EEF2,2.1,0.8173209876887697
GACAGACTCCCTGGTGTGCA,CGCTGACAGACTCCCTGGTGTGCAAGGCGG,EEF2,4.7,-0.020579618298086667
GACCACAAACATGGGGGTGC,CCTTGACCACAAACATGGGGGTGCCGGCCA,EEF2,90.6,-1.0307473663437559
GACCACTGGCAGATCCTGCC,GTTTGACCACTGGCAGATCCTGCCCGGAGA,EEF2,95.4,-0.0066995516539145395
GACCAGTTCCTGGTGAAGAC,CGTGGACCAGTTCCTGGTGAAGACGGGCAC,EEF2,56.0,-0.39548278390201536
GACCGCCCAGCCACGCCTCA,TGCTGACCGCCCAGCCACGCCTCATGGAGC,EEF2,86.1,-0.7257057239449024
GACCTGAGGTCCAACACGGG,CGCTGACCTGAGGTCCAACACGGGCGGCCA,EEF2,93.6,0.07030259929535526
GACCTGCCCAAGCTGGTGGA,GGCTGACCTGCCCAAGCTGGTGGAGGGGCT,EEF2,60.6,0.36234267565228356
GACGCCATCCACCGCGGAGG,CGCCGACGCCATCCACCGCGGAGGGGGCCA,EEF2,83.4,0.5146972135337377
GACGGAGACAGTGCTGCGGC,TGCAGACGGAGACAGTGCTGCGGCAGGCCA,EEF2,16.7,0.2025149135242669
GAGCATATCATCGCGGGCGC,GGGAGAGCATATCATCGCGGGCGCCGGCGA,EEF2,63.8,-0.40303076884776784
GAGCTCGTAGAAGAGGGAGA,CCGAGAGCTCGTAGAAGAGGGAGATGGCAC,EEF2,8.8,1.8127808586582304
GAGGAGAAGTCGACATGCCC,CTCCGAGGAGAAGTCGACATGCCCGGGGGA,EEF2,12.5,-1.4215769898683346
GAGGGCAGCAGTCACCTCCG,CTCGGAGGGCAGCAGTCACCTCCGAGGAGA,EEF2,13.2,-1.0058095256855588
GAGGGCGAGAGCGGCCCCAT,CGGCGAGGGCGAGAGCGGCCCCATGGGCAA,EEF2,23.1,-2.4182993007621674
GAGGTCCAACACGGGCGGCC,ACCTGAGGTCCAACACGGGCGGCCAGGCGT,EEF2,93.8,-2.1865040634329427
GAGGTCCTCCTTCTTCCCAG,GGTAGAGGTCCTCCTTCTTCCCAGGGGTAT,EEF2,50.8,0.44576458517669576
GATCATGAATTTCAAGAAAG,ATGCGATCATGAATTTCAAGAAAGAGGAGA,EEF2,35.9,0.6195334592121567
GATCCTGACCTTCAGGCCAG,CCATGATCCTGACCTTCAGGCCAGTGGAGA,EEF2,49.3,0.6926914170968482
GATCCTGGACCCCATCTTCA,AGCTGATCCTGGACCCCATCTTCAAGGTGA,EEF2,34.6,0.44418629315534575
GATCCTGTCCTCGGTACCGT,GATCGATCCTGTCCTCGGTACCGTGGGCTT,EEF2,24.5,0.4058422238585436
GATCTCCAGGTGCAGCTCGC,GGCAGATCTCCAGGTGCAGCTCGCCGGCGC,EEF2,64.1,1.9300666923343788
GATCTGCCTGAAGGACCTGG,TGGAGATCTGCCTGAAGGACCTGGAGGAGG,EEF2,65.2,1.3338443352564402
GATGCCCGCCTTGCACACCA,CGATGATGCCCGCCTTGCACACCAGGGAGT,EEF2,4.6,2.0596711012700246
GATGGTGATCATCTGCAACA,GGTGGATGGTGATCATCTGCAACAAGGCGT,EEF2,40.8,1.5785101628028368
GATGTCCTCGGCCAGGCCGT,TATCGATGTCCTCGGCCAGGCCGTCGGGGA,EEF2,71.2,-0.09951046512264315
GATGTTGGGGCCGGTGCCGT,TGAGGATGTTGGGGCCGGTGCCGTCGGGCC,EEF2,76.3,-0.6779006346689805
GCACAACCGGCTGTACATGA,ACAAGCACAACCGGCTGTACATGAAGGCGC,EEF2,70.2,0.6030286577968919
GCAGTACCTCAACGAGATCA,GTGTGCAGTACCTCAACGAGATCAAGGACA,EEF2,78.5,1.0098764378101037
GCAGTTTGCCGAGATGTATG,TGAAGCAGTTTGCCGAGATGTATGTGGCCA,EEF2,26.9,0.4203353968895746
GCATGTCGACTTCTCCTCGG,CCGGGCATGTCGACTTCTCCTCGGAGGTGA,EEF2,13.1,0.8420211831949626
GCCAAGGGGGAGGGCCAGTT,CGCCGCCAAGGGGGAGGGCCAGTTGGGGCC,EEF2,28.2,-1.4005596858028615
GCCAGATCATCCCCACAGCA,GGGGGCCAGATCATCCCCACAGCACGGCGC,EEF2,84.3,1.2614575085407884
GCCAGTGGTCAAACACACAC,ATCTGCCAGTGGTCAAACACACACTGGGGG,EEF2,94.5,1.4959650991309574
GCCAGTTGGGGCCTGCCGAG,GAGGGCCAGTTGGGGCCTGCCGAGCGGGCC,EEF2,28.8,-1.1638122626455412
GCCCAAAGCACCAGATCTTG,TCGGGCCCAAAGCACCAGATCTTGCGGGCC,EEF2,75.4,0.3484969898814117
GCCCACCTGCACCATGGGGT,CCGTGCCCACCTGCACCATGGGGTCGGACT,EEF2,61.9,0.5529420309183406
GCCCAGGCCGCACCTTCAGC,CTGGGCCCAGGCCGCACCTTCAGCAGGGGT,EEF2,39.1,-1.2407016658314294
GCCCATCATCAAGATTGTTC,AGCGGCCCATCATCAAGATTGTTCTGGAAG,EEF2,52.3,1.2134914487615074
GCCCCATGATCCTGACCTTC,TTGGGCCCCATGATCCTGACCTTCAGGCCA,EEF2,49.6,0.7178152047132916
GCCCCTCCACCAGCTTGGGC,TTCAGCCCCTCCACCAGCTTGGGCAGGTCA,EEF2,60.3,-0.8689112082124684
GCCCGCAAGATCTGGTGCTT,TGAGGCCCGCAAGATCTGGTGCTTTGGGCC,EEF2,75.7,0.0017009798848160642
GCCCTCACTCACCTTGAAGA,CGCAGCCCTCACTCACCTTGAAGATGGGGT,EEF2,34.6,0.8902931321118625
GCCGACGCCATCCACCGCGG,GCACGCCGACGCCATCCACCGCGGAGGGGG,EEF2,83.3,1.137777973550088
GCCGCGCCTTCATGTACAGC,AAGGGCCGCGCCTTCATGTACAGCCGGTTG,EEF2,70.0,-0.9330002495854498
GCCGTGCCTCACCTCCTTGG,CTGAGCCGTGCCTCACCTCCTTGGTGGCCC,EEF2,80.0,-1.37071085690495
GCCGTGCTGTGGGGATGATC,CAGCGCCGTGCTGTGGGGATGATCTGGCCC,EEF2,83.9,0.14404909588476106
GCCTGAAGGTCAGGATCATG,ACTGGCCTGAAGGTCAGGATCATGGGGCCC,EEF2,49.9,0.27656146591780645
GCCTTTGGACGAGTCTTCTC,CTACGCCTTTGGACGAGTCTTCTCGGGGCT,EEF2,48.5,0.4796617133811914
GCGGAGACCCGCAAGCGCAA,GGTGGCGGAGACCCGCAAGCGCAAGGGCCT,EEF2,97.9,1.286244521904168
GCGGCCCTTCCCCGACGGCC,AGGCGCGGCCCTTCCCCGACGGCCTGGCCG,EEF2,71.2,-0.8831555393046575
GCGTGGCAGCTTCTTCCCTT,AGGTGCGTGGCAGCTTCTTCCCTTCGGGGC,EEF2,32.8,-0.433212270238141
GCTCCTGTACGAGGGGCCCC,GCGAGCTCCTGTACGAGGGGCCCCCGGACG,EEF2,43.7,-0.6044514577330835
GCTCTCGCCCTCGCCGTAGG,GGCCGCTCTCGCCCTCGCCGTAGGTGGAGA,EEF2,22.3,-0.056441623430095594
GCTGACCTGAGGTCCAACAC,CACCGCTGACCTGAGGTCCAACACGGGCGG,EEF2,93.4,0.26109749540709215
GCTGCAGCTCCAGCAGGGCG,TCCAGCTGCAGCTCCAGCAGGGCGCGGTCC,EEF2,18.9,-1.2131543034530505
GCTGCCCTCCGAGTCACCGA,GACTGCTGCCCTCCGAGTCACCGATGGCGC,EEF2,14.2,0.17444955951459132
GCTGCGAGCTCCTGTACGAG,TACCGCTGCGAGCTCCTGTACGAGGGGCCC,EEF2,43.4,0.14840251222545642
GCTGGCCAAGTCCGACCCCA,AGCGGCTGGCCAAGTCCGACCCCATGGTGC,EEF2,61.9,1.0479145506348653
GCTGGTCTCCACTGGCCTGA,CGGGGCTGGTCTCCACTGGCCTGAAGGTCA,EEF2,49.4,-0.10909729442988383
GCTGTTGTCGAAGGGGTCTC,GGCTGCTGTTGTCGAAGGGGTCTCCGGGCA,EEF2,95.7,0.965977890891028
GCTTGTTGGGGGACTTGGAG,TTGTGCTTGTTGGGGGACTTGGAGAGGCAG,EEF2,69.0,-1.0017297525220918
GCTTTGGGTCTGGCCTCCAC,GTGGGCTTTGGGTCTGGCCTCCACGGGTGG,EEF2,25.4,0.9806038507355043
GGAACTGGTCCACGCCCACG,ACCAGGAACTGGTCCACGCCCACGAGGCCC,EEF2,55.0,-0.23700809268482478
GGACATCAAACTGGACAGCG,AACTGGACATCAAACTGGACAGCGAGGACA,EEF2,37.8,-1.191964871035832
GGACATGATGAAGAAGCTGT,TAGAGGACATGATGAAGAAGCTGTGGGGTG,EEF2,30.2,1.0651059342372944
GGACTCGTTGACGGGCAGAT,CAAAGGACTCGTTGACGGGCAGATAGGCCT,EEF2,91.7,-0.09253848454395303
GGACTTGCCATGGTCCACGT,GCGTGGACTTGCCATGGTCCACGTGGGCGA,EEF2,3.2,0.7225401959184176
GGAGAAGTCGACATGCCCGG,CCGAGGAGAAGTCGACATGCCCGGGGGAGT,EEF2,12.4,-1.4062787950703202
GGAGATCTGCCTGAAGGACC,ACCTGGAGATCTGCCTGAAGGACCTGGAGG,EEF2,65.1,0.7290461800746222
GGATGATCTGGCCCCCTCCG,GTGGGGATGATCTGGCCCCCTCCGCGGTGG,EEF2,83.4,-0.5028461879515541
GGCAAACTGCTTCAGGGTGA,TCTCGGCAAACTGCTTCAGGGTGAAGGCCC,EEF2,26.0,0.6959252896824418
GGCCAAGTTCGCCGCCAAGG,ATGTGGCCAAGTTCGCCGCCAAGGGGGAGG,EEF2,27.7,-0.752393178923513
GGCCGCCCGTGTTGGACCTC,GCCTGGCCGCCCGTGTTGGACCTCAGGTCA,EEF2,93.2,0.2580773149209899
GGCCGGCACCCCCATGTTTG,AGGTGGCCGGCACCCCCATGTTTGTGGTCA,EEF2,91.0,-0.6823328183954057
GGCCGTGGAGGCCAAGAACC,GAGTGGCCGTGGAGGCCAAGAACCCGGCTG,EEF2,59.6,-0.10635593026567616
GGCCTGAAGGTCAGGATCAT,CACTGGCCTGAAGGTCAGGATCATGGGGCC,EEF2,49.9,-0.979439489765578
GGCCTTGACCACAAACATGG,GATAGGCCTTGACCACAAACATGGGGGTGC,EEF2,90.8,0.4371329286098163
GGCGGAGACCCGCAAGCGCA,TGGTGGCGGAGACCCGCAAGCGCAAGGGCC,EEF2,97.8,0.5838397288666024
GGCGGCTGCTGTTGTCGAAG,CTGGGGCGGCTGCTGTTGTCGAAGGGGTCT,EEF2,96.0,-1.6260975053995073
GGCGTAGAACCGACCTTTGT,CAAAGGCGTAGAACCGACCTTTGTCGGAGG,EEF2,47.3,-0.3418010976255244
GGCTGACCTGCCCAAGCTGG,ACCCGGCTGACCTGCCCAAGCTGGTGGAGG,EEF2,60.5,0.00953398866312956
GGGAACATTGTGGGCCTCGT,TTGTGGGAACATTGTGGGCCTCGTGGGCGT,EEF2,54.9,-0.4275841697746065
GGGAGCTCACGTTGACTTGA,CACAGGGAGCTCACGTTGACTTGATGGTGA,EEF2,8.2,0.3786135640752585
GGGCAGGGATGCCTTCTTTC,TCCAGGGCAGGGATGCCTTCTTTCAGGCCC,EEF2,98.3,-0.14837184060945613
GGGCAGGTCAGCCGGGTTCT,GCTTGGGCAGGTCAGCCGGGTTCTTGGCCT,EEF2,59.6,-0.35055830677286415
GGGCATCATCGCCTCGGCCC,AGGCGGGCATCATCGCCTCGGCCCGGGCCG,EEF2,5.6,-0.26918322869804867
GGGCCGCCTACAATTTGTCC,GGAAGGGCCGCCTACAATTTGTCCAGGAAG,EEF2,99.6,-0.9209475481082343
GGGCCGTCACAGGGGAGGGC,TTCTGGGCCGTCACAGGGGAGGGCAGGTGG,EEF2,41.8,-0.13980315047269018
GGGCGATGACAGACATGTTG,ACGTGGGCGATGACAGACATGTTGCGGATG,EEF2,2.4,1.050455386101953
GGGCGGCTGCTGTTGTCGAA,GCTGGGGCGGCTGCTGTTGTCGAAGGGGTC,EEF2,96.0,-0.6058651554921147
GGGCTCCATGAGGCGTGGCT,AGATGGGCTCCATGAGGCGTGGCTGGGCGG,EEF2,85.8,-0.10228602764505007
GGGGCGGCTGCTGTTGTCGA,GGCTGGGGCGGCTGCTGTTGTCGAAGGGGT,EEF2,96.1,-0.5471203737543113
GGGTGAAGGCCCACCCGTGG,TTCAGGGTGAAGGCCCACCCGTGGAGGCCA,EEF2,25.5,0.38476989240779147
GGTACCGTGGGCTTTGGGTC,CCTCGGTACCGTGGGCTTTGGGTCTGGCCT,EEF2,25.0,-0.27812102929523463
GGTACTTCTGGGCCGTCACA,CAGCGGTACTTCTGGGCCGTCACAGGGGAG,EEF2,42.1,1.3716390223327646
GGTCCTCCTCCAGGTCCTTC,GCGTGGTCCTCCTCCAGGTCCTTCAGGCAG,EEF2,65.0,0.8226889337668235
GGTCCTTCAGGCAGATCTCC,TCCAGGTCCTTCAGGCAGATCTCCAGGTGC,EEF2,64.6,0.48694432810159055
GGTCTACCGTGAAGTTCACC,ATCTGGTCTACCGTGAAGTTCACCTGGGCA,EEF2,0.2,-0.4827628201065134
GGTCTCCGCCACCACCTGGC,TGCGGGTCTCCGCCACCACCTGGCTGGGGC,EEF2,96.9,-1.1089748605141196
GGTGATGTCGGTGAGGATGT,CCTTGGTGATGTCGGTGAGGATGTTGGGGC,EEF2,76.9,1.8739907395107764
GGTGGAGGGGCTGAAGCGGC,AGCTGGTGGAGGGGCTGAAGCGGCTGGCCA,EEF2,61.2,-0.12908968510160077
GGTGGATGGCGTCGGCGTGC,CCGCGGTGGATGGCGTCGGCGTGCAGGGTG,EEF2,82.6,0.21048556787685344
GGTGGTCGGTGGCATCTACG,AGCAGGTGGTCGGTGGCATCTACGGGGTTT,EEF2,88.4,-0.030885284632936567
GTACAGCCGGTTGTGCTTGT,TCATGTACAGCCGGTTGTGCTTGTTGGGGG,EEF2,69.5,-0.32014520418762354
GTACCATGATGTTGCCCATG,GGCCGTACCATGATGTTGCCCATGGGGCCG,EEF2,23.2,-1.2849740765562907
GTACGAGTGGGACGTGGCTG,AGAAGTACGAGTGGGACGTGGCTGAGGCCC,EEF2,74.9,-1.1703896532403582
GTAGAACCGACCTTTGTCGG,AGGCGTAGAACCGACCTTTGTCGGAGGTTG,EEF2,47.2,-0.38218310450691034
GTCATCGCCCACGTGGACCA,GTCTGTCATCGCCCACGTGGACCATGGCAA,EEF2,3.3,0.8349848741854812
GTCCACGCTGACAGACTCCC,GCAAGTCCACGCTGACAGACTCCCTGGTGT,EEF2,4.3,0.5941786696550524
GTCCGACCCCATGGTGCAGG,CCAAGTCCGACCCCATGGTGCAGGTGGGCA,EEF2,62.2,-0.47344218887614165
GTCCTCGGTACCGTGGGCTT,TCCTGTCCTCGGTACCGTGGGCTTTGGGTC,EEF2,24.8,-0.22591571170357605
GTCGGAGGTTGGCACCATTT,CTTTGTCGGAGGTTGGCACCATTTTGGAAA,EEF2,46.6,1.470150151648469
GTCGGGAGAGCATATCATCG,AGGAGTCGGGAGAGCATATCATCGCGGGCG,EEF2,63.5,-0.43872249269105096
GTCGGTGAGGATGTTGGGGC,TGATGTCGGTGAGGATGTTGGGGCCGGTGC,EEF2,76.6,-0.09553914541360574
GTCTCCGCCACCACCTGGCT,GCGGGTCTCCGCCACCACCTGGCTGGGGCG,EEF2,96.9,0.19544413681652262
GTGATGTCGGTGAGGATGTT,CTTGGTGATGTCGGTGAGGATGTTGGGGCC,EEF2,76.8,2.217650828077908
GTGCCTTGTGGGAACATTGT,GGATGTGCCTTGTGGGAACATTGTGGGCCT,EEF2,54.6,-0.695128327647305
GTGGATGGCGTCGGCGTGCA,CGCGGTGGATGGCGTCGGCGTGCAGGGTGA,EEF2,82.6,0.24308349628056786
GTGGCAGCTTCTTCCCTTCG,GTGCGTGGCAGCTTCTTCCCTTCGGGGCTG,EEF2,32.7,-0.022729765323448548
GTGGCCAAGTTCGCCGCCAA,GTATGTGGCCAAGTTCGCCGCCAAGGGGGA,EEF2,27.7,-2.1097267857280704
GTGGTGGTGGACTGCGTGTC,ATTGGTGGTGGTGGACTGCGTGTCAGGTAA,EEF2,15.3,-0.7658581591492187
GTGTGGTGGCCGGCTTCCAG,GACAGTGTGGTGGCCGGCTTCCAGTGGGCC,EEF2,79.5,0.10452755125275612
GTTGAGGTACTGCACACCCT,TCTCGTTGAGGTACTGCACACCCTTGGTGA,EEF2,77.7,1.3437028165225229
GTTGGCCTTCTTGTCCATGA,GGATGTTGGCCTTCTTGTCCATGATGGCGC,EEF2,1.4,2.1712006434730142
GTTGGCTGGGTCAAAGTACC,TGCCGTTGGCTGGGTCAAAGTACCTGGCAA,EEF2,30.8,1.0684685838938432
GTTGTGCGCGTGCTCGAAGG,GCATGTTGTGCGCGTGCTCGAAGGTGGTGA,EEF2,56.7,1.3634676080922759
GTTGTGCTTGTTGGGGGACT,GCCGGTTGTGCTTGTTGGGGGACTTGGAGA,EEF2,69.2,0.9526749221499496
TACAGCCGGTTGTGCTTGTT,CATGTACAGCCGGTTGTGCTTGTTGGGGGA,EEF2,69.5,-0.35973386472692565
TACATCATAAGAGGGCCTTT,AATATACATCATAAGAGGGCCTTTGGGGTC,EEF2,45.5,0.7143149213486036
TACCGAGGACAGGATCGATC,ACGGTACCGAGGACAGGATCGATCTGGAAG,EEF2,23.8,0.9961468832480279
TAGAGGCAGCGCCGTGCTGT,GGCATAGAGGCAGCGCCGTGCTGTGGGGAT,EEF2,84.3,-0.15100154955794629
TAGAGGTCCTCCTTCTTCCC,CAGGTAGAGGTCCTCCTTCTTCCCAGGGGT,EEF2,50.9,0.04123720358696293
TAGATGGGCTCCATGAGGCG,AAGGTAGATGGGCTCCATGAGGCGTGGCTG,EEF2,86.0,-0.060218526531783605
TAGGCCTTGACCACAAACAT,CAGATAGGCCTTGACCACAAACATGGGGGT,EEF2,90.9,-0.7654370346354571
TATGATGTATATTTCCAAAA,CTCTTATGATGTATATTTCCAAAATGGTGC,EEF2,46.5,0.7338847762898416
TCAACCTCATTGACTCCCCC,CTCATCAACCTCATTGACTCCCCCGGGCAT,EEF2,12.2,2.010260043217526
TCACCTCCTTGGTGGCCCAC,TGCCTCACCTCCTTGGTGGCCCACTGGAAG,EEF2,79.7,0.29786592907436105
TCACCTTGAAGATGGGGTCC,TCACTCACCTTGAAGATGGGGTCCAGGATC,EEF2,34.3,0.9137137958980153
TCACGTTCTCCACGATGCGC,ACGTTCACGTTCTCCACGATGCGCTGGAAA,EEF2,20.9,0.3086390380418184
TCACTGGCGCCTCACCTTGA,CTGGTCACTGGCGCCTCACCTTGATGGGGA,EEF2,66.4,-0.29788859194811906
TCAGGGTGAAGGCCCACCCG,TGCTTCAGGGTGAAGGCCCACCCGTGGAGG,EEF2,25.6,-2.006841149120461
TCAGTGCATCATCGAGGAGT,CCTTTCAGTGCATCATCGAGGAGTCGGGAG,EEF2,62.8,0.5782395444546392
TCATCGCCTCGGCCCGGGCC,GGCATCATCGCCTCGGCCCGGGCCGGGGAG,EEF2,5.8,0.09109924469354416
TCCACGGCCACTCTGACAAC,GGCCTCCACGGCCACTCTGACAACAGGGCT,EEF2,58.7,0.602529755440817
TCCAGAACAATCTTGATGAT,TTCTTCCAGAACAATCTTGATGATGGGCCG,EEF2,52.7,0.21015977165651478
TCCAGGAAGTTGTCCAGGGC,TTTGTCCAGGAAGTTGTCCAGGGCAGGGAT,EEF2,99.0,-1.6724027655924596
TCCGACCCCATGGTGCAGGT,CAAGTCCGACCCCATGGTGCAGGTGGGCAC,EEF2,62.2,0.8006232238969814
TCCGTCTGCACGCACACGCC,TGTCTCCGTCTGCACGCACACGCCTGGGGA,EEF2,15.6,0.22364305253981956
TCCGTGCCCACCTGCACCAT,GCACTCCGTGCCCACCTGCACCATGGGGTC,EEF2,62.0,0.8227605330949832
TCCTCGGTACCGTGGGCTTT,CCTGTCCTCGGTACCGTGGGCTTTGGGTCT,EEF2,24.8,-0.3783659319467306
TCGAGCACGCGCACAACATG,ACCTTCGAGCACGCGCACAACATGCGGGTG,EEF2,57.4,-0.10318857135299872
TCGGCCAGGCCGTCGGGGAA,GTCCTCGGCCAGGCCGTCGGGGAAGGGCCG,EEF2,70.9,0.09487721717302065
TCGGGAGAGCATATCATCGC,GGAGTCGGGAGAGCATATCATCGCGGGCGC,EEF2,63.5,0.15751004958348297
TCTGGATTGGCTTCAGGTAG,CACCTCTGGATTGGCTTCAGGTAGAGGTCC,EEF2,51.5,-0.8896413368791697
TCTTGCCCAGGTGAACTTCA,CTTGTCTTGCCCAGGTGAACTTCACGGTAG,EEF2,0.4,0.20099165982343875
TGAAGAAGCTGTGGGGTGAC,ATGATGAAGAAGCTGTGGGGTGACAGGTGA,EEF2,30.5,-0.5082802039769884
TGAAGCGTGTCTCCCCGGCC,TCAGTGAAGCGTGTCTCCCCGGCCCGGGCC,EEF2,5.9,-0.34762805682298703
TGACCTGCCCAAGCTGGTGG,CGGCTGACCTGCCCAAGCTGGTGGAGGGGC,EEF2,60.6,-0.07410362535385422
TGACTTGCTGAACTTGCCGT,TGGCTGACTTGCTGAACTTGCCGTTGGCTG,EEF2,31.5,-0.07562545746279764
TGAGCCGTGCCTCACCTCCT,ATGCTGAGCCGTGCCTCACCTCCTTGGTGG,EEF2,80.1,0.8754670488226156
TGATACCCGGAAGGACGAGC,TCACTGATACCCGGAAGGACGAGCAGGAGC,EEF2,7.3,1.6802519243786682
TGATCTGGCCCCCTCCGCGG,GGGATGATCTGGCCCCCTCCGCGGTGGATG,EEF2,83.3,1.1223637582851944
TGATGCCCGCCTTGCACACC,GCGATGATGCCCGCCTTGCACACCAGGGAG,EEF2,4.6,-0.04395437951042259
TGATGGTGCCCGTCTTCACC,GTGGTGATGGTGCCCGTCTTCACCAGGAAC,EEF2,55.8,0.1374852948707448
TGATGTCGGTGAGGATGTTG,TTGGTGATGTCGGTGAGGATGTTGGGGCCG,EEF2,76.8,0.3887990959325212
TGCAGACGGAGACAGTGCTG,TGCGTGCAGACGGAGACAGTGCTGCGGCAG,EEF2,16.5,0.9554901587766594
TGCAGGCGTGGTCCTCCTCC,GGGATGCAGGCGTGGTCCTCCTCCAGGTCC,EEF2,65.4,0.049545858035779385
TGCCAACCTCCGACAAAGGT,ATGGTGCCAACCTCCGACAAAGGTCGGTTC,EEF2,47.4,-0.01983878115644286
TGCCCGTCTTCACCAGGAAC,ATGGTGCCCGTCTTCACCAGGAACTGGTCC,EEF2,55.6,-0.5618019852618061
TGCGCCATCGGTGACTCGGA,CCAATGCGCCATCGGTGACTCGGAGGGCAG,EEF2,13.9,1.6439895584223572
TGCTGAACTTGCCGTTGGCT,GACTTGCTGAACTTGCCGTTGGCTGGGTCA,EEF2,31.3,-1.9783189831466643
TGGAAATATACATCATAAGA,ATTTTGGAAATATACATCATAAGAGGGCCT,EEF2,45.8,1.0201320082514997
TGGACGAGTCTTCTCGGGGC,CCTTTGGACGAGTCTTCTCGGGGCTGGTCT,EEF2,48.7,0.3747220304117377
TGGACTTGCCATGGTCCACG,AGCGTGGACTTGCCATGGTCCACGTGGGCG,EEF2,3.2,-2.307378359374542
TGGATCTCCACAAGGTAGAT,CACCTGGATCTCCACAAGGTAGATGGGCTC,EEF2,86.6,0.5560806772944382
TGGCCAAGTTCGCCGCCAAG,TATGTGGCCAAGTTCGCCGCCAAGGGGGAG,EEF2,27.7,-0.8932641139495804
TGGCTGAGGCCCGCAAGATC,GACGTGGCTGAGGCCCGCAAGATCTGGTGC,EEF2,75.4,-1.425576821135897
TGGGAACATTGTGGGCCTCG,CTTGTGGGAACATTGTGGGCCTCGTGGGCG,EEF2,54.9,-1.8345762461438764
TGGGCTCCATGAGGCGTGGC,TAGATGGGCTCCATGAGGCGTGGCTGGGCG,EEF2,85.9,-1.0399140629469796
TGGGGCCCAACTATACCCCT,ATCATGGGGCCCAACTATACCCCTGGGAAG,EEF2,50.6,0.0813776802835499
TGGGTCTGGCCTCCACGGGT,GCTTTGGGTCTGGCCTCCACGGGTGGGCCT,EEF2,25.5,-0.718219303169947
TGTCCAGAGCAGGTGGTCGG,GCAGTGTCCAGAGCAGGTGGTCGGTGGCAT,EEF2,88.0,-0.07959803204861864
TGTCCATGATGGCGCGGATC,TTCTTGTCCATGATGGCGCGGATCTGGTCT,EEF2,1.0,0.644466111915528
TGTCCTCGGCCAGGCCGTCG,TCGATGTCCTCGGCCAGGCCGTCGGGGAAG,EEF2,71.1,0.5257044606774849
TGTCGAAGGGGTCTCCGGGC,CTGTTGTCGAAGGGGTCTCCGGGCAGGATC,EEF2,95.5,0.08702518288698648
TGTCTCCCCGGCCCGGGCCG,AGCGTGTCTCCCCGGCCCGGGCCGAGGCGA,EEF2,5.6,-1.1219458999299785
TGTGCCTTGTGGGAACATTG,AGGATGTGCCTTGTGGGAACATTGTGGGCC,EEF2,54.5,0.2712062311661763
TGTGCTGATGATGAACAAGA,AGCCTGTGCTGATGATGAACAAGATGGACC,EEF2,18.4,1.7132798513356509
TGTGGCCAAGTTCGCCGCCA,TGTATGTGGCCAAGTTCGCCGCCAAGGGGG,EEF2,27.6,-1.645657849033998
TGTGGTGGCCGGCTTCCAGT,ACAGTGTGGTGGCCGGCTTCCAGTGGGCCA,EEF2,79.5,1.113988260662718
TGTTGTCAGAGTGGCCGTGG,GCCCTGTTGTCAGAGTGGCCGTGGAGGCCA,EEF2,59.2,0.8457175325300881
TTCAGCCCCTCCACCAGCTT,CCGCTTCAGCCCCTCCACCAGCTTGGGCAG,EEF2,60.4,0.46508451631040104
TTCATCAAGCAGAGCAAGGA,GAACTTCATCAAGCAGAGCAAGGACGGTGC,EEF2,10.8,0.7066686791399723
TTCCAGAACAATCTTGATGA,CTTCTTCCAGAACAATCTTGATGATGGGCC,EEF2,52.7,-0.41642797543163484
TTCCAGATCGATCCTGTCCT,ACACTTCCAGATCGATCCTGTCCTCGGTAC,EEF2,24.2,-0.24302826061669422
TTCGAGGAGTCCCAGGTGGC,CGTGTTCGAGGAGTCCCAGGTGGCCGGCAC,EEF2,90.3,-0.7965800828523342
TTCTGGGCCGTCACAGGGGA,GTACTTCTGGGCCGTCACAGGGGAGGGCAG,EEF2,41.9,-0.3746261923043105
TTCTTCCCAGGGGTATAGTT,CTCCTTCTTCCCAGGGGTATAGTTGGGCCC,EEF2,50.4,0.7770182578118866
TTGCTGAACTTGCCGTTGGC,TGACTTGCTGAACTTGCCGTTGGCTGGGTC,EEF2,31.3,-1.5691582344285857
TTGGAAATATACATCATAAG,CATTTTGGAAATATACATCATAAGAGGGCC,EEF2,45.9,-0.5918318104381582
TTGGGTCTGGCCTCCACGGG,GGCTTTGGGTCTGGCCTCCACGGGTGGGCC,EEF2,25.5,-2.275286175181475
TTTCAGGCCCTTGCGCTTGC,CTTCTTTCAGGCCCTTGCGCTTGCGGGTCT,EEF2,97.7,-1.0595450097187216
TTTGTCCAGGAAGTTGTCCA,ACAATTTGTCCAGGAAGTTGTCCAGGGCAG,EEF2,99.1,-0.9925076650624453
